[2026-08-26T15:05:54Z] [INFO] === Iniciando scrape_servicios.py (ARCSA) ===
[2026-08-26T15:06:03Z] [INFO] Descubriendo estructura de secciones en: https://www.controlsanitario.gob.ec/servicios/
[2026-08-26T15:06:09Z] [INFO] Contenedor principal detectado con selector: #postcontent
[2026-08-26T15:06:09Z] [INFO] Se encontraron 8 tablas de nivel superior en el contenedor principal.
[2026-08-26T15:06:09Z] [INFO] Estructura descubierta: 3 grupo(s), 29 página(s) miembro en total.
[2026-08-26T15:06:09Z] [INFO] Manifest de estructura guardado en: C:\Users\jarri\Desktop\RagChatbot\chatbot\scraping\estructura_servicios.json
[2026-08-26T15:06:09Z] [INFO] Omitiendo enlace no interno (sistema_externo): http://permisosfuncionamiento.controlsanitario.gob.ec/
[2026-08-26T15:06:09Z] [INFO] Omitiendo enlace no interno (sistema_externo): https://aplicaciones.controlsanitario.gob.ec/permisos_transporte/autenticacion/login
[2026-08-26T15:06:09Z] [INFO] === NIVEL 1: 27 página(s) nueva(s) por procesar ===
[2026-08-26T15:06:11Z] [INFO] Capturando página: https://www.controlsanitario.gob.ec/certificado-de-requerimiento-o-no-de-registro-sanitario-notificacion-sanitaria-obligatoria-2/  |  section_path=['Servicios', 'Productos y servicios']
[2026-08-26T15:06:13Z] [INFO] [N1] Guardado: C:\Users\jarri\Desktop\RagChatbot\chatbot\scraping\pages\servicios\productos-y-servicios\certificado-de-requerimiento-o-no-de-registro-sanitario-noti-9c50e0a1.md  |  section_path=['Servicios', 'Productos y servicios']  |  status=captured
[2026-08-26T15:06:15Z] [INFO] Capturando página: https://www.controlsanitario.gob.ec/alimentos-procesados/  |  section_path=['Servicios', 'Productos y servicios']
[2026-08-26T15:06:17Z] [INFO] [N1] Guardado: C:\Users\jarri\Desktop\RagChatbot\chatbot\scraping\pages\servicios\productos-y-servicios\alimentos-procesados-366baa1b.md  |  section_path=['Servicios', 'Productos y servicios']  |  status=captured
[2026-08-26T15:06:18Z] [INFO] Capturando página: https://www.controlsanitario.gob.ec/ensayos-clinicos-2/  |  section_path=['Servicios', 'Productos y servicios']
[2026-08-26T15:06:21Z] [INFO] [N1] Guardado: C:\Users\jarri\Desktop\RagChatbot\chatbot\scraping\pages\servicios\productos-y-servicios\ensayos-clinicos-03d8ac25.md  |  section_path=['Servicios', 'Productos y servicios']  |  status=captured
[2026-08-26T15:06:22Z] [INFO] Capturando página: https://www.controlsanitario.gob.ec/dispositivos-medicos-productos-dentales-y-reactivos-bioquimicos-de-diagnostico/  |  section_path=['Servicios', 'Productos y servicios']
[2026-08-26T15:06:24Z] [INFO] [N1] Guardado: C:\Users\jarri\Desktop\RagChatbot\chatbot\scraping\pages\servicios\productos-y-servicios\dispositivos-medicos-productos-dentales-y-reactivos-bioquimi-94aa8b73.md  |  section_path=['Servicios', 'Productos y servicios']  |  status=captured
[2026-08-26T15:06:26Z] [INFO] Capturando página: https://www.controlsanitario.gob.ec/medicamentos-en-general/  |  section_path=['Servicios', 'Productos y servicios']
[2026-08-26T15:06:28Z] [INFO] [N1] Guardado: C:\Users\jarri\Desktop\RagChatbot\chatbot\scraping\pages\servicios\productos-y-servicios\medicamentos-ab4ddd4a.md  |  section_path=['Servicios', 'Productos y servicios']  |  status=captured
[2026-08-26T15:06:29Z] [INFO] Capturando página: https://www.controlsanitario.gob.ec/medicamentos-biologicos/  |  section_path=['Servicios', 'Productos y servicios']
[2026-08-26T15:06:32Z] [INFO] [N1] Guardado: C:\Users\jarri\Desktop\RagChatbot\chatbot\scraping\pages\servicios\productos-y-servicios\medicamentos-biologicos-0c306141.md  |  section_path=['Servicios', 'Productos y servicios']  |  status=captured
[2026-08-26T15:06:33Z] [INFO] Capturando página: https://www.controlsanitario.gob.ec/homeopaticos/  |  section_path=['Servicios', 'Productos y servicios']
[2026-08-26T15:06:35Z] [INFO] [N1] Guardado: C:\Users\jarri\Desktop\RagChatbot\chatbot\scraping\pages\servicios\productos-y-servicios\medicamentos-homeopaticos-116da0dd.md  |  section_path=['Servicios', 'Productos y servicios']  |  status=captured
[2026-08-26T15:06:37Z] [INFO] Capturando página: https://www.controlsanitario.gob.ec/medicamentos-sujetos-a-fiscalizacion/  |  section_path=['Servicios', 'Productos y servicios']
[2026-08-26T15:06:39Z] [INFO] [N1] Guardado: C:\Users\jarri\Desktop\RagChatbot\chatbot\scraping\pages\servicios\productos-y-servicios\para-ingresar-al-sisalem-pulse-aqui-27e13764.md  |  section_path=['Servicios', 'Productos y servicios']  |  status=captured
[2026-08-26T15:06:41Z] [INFO] Capturando página: https://www.controlsanitario.gob.ec/productos-naturales/  |  section_path=['Servicios', 'Productos y servicios']
[2026-08-26T15:06:43Z] [INFO] [N1] Guardado: C:\Users\jarri\Desktop\RagChatbot\chatbot\scraping\pages\servicios\productos-y-servicios\productos-naturales-de-uso-medicinal-1537e479.md  |  section_path=['Servicios', 'Productos y servicios']  |  status=captured
[2026-08-26T15:06:44Z] [INFO] Capturando página: https://www.controlsanitario.gob.ec/notificacion-de-retiro-del-mercado-de-productos-de-uso-y-consumo-humano-sujetos-a-control-y-vigilancia-sanitaria/  |  section_path=['Servicios', 'Productos y servicios']
[2026-08-26T15:06:47Z] [INFO] [N1] Guardado: C:\Users\jarri\Desktop\RagChatbot\chatbot\scraping\pages\servicios\productos-y-servicios\notificacion-de-retiro-del-mercado-de-productos-de-uso-y-con-fe268336.md  |  section_path=['Servicios', 'Productos y servicios']  |  status=captured
[2026-08-26T15:06:48Z] [INFO] Capturando página: https://www.controlsanitario.gob.ec/productos-cosmeticos/  |  section_path=['Servicios', 'Productos y servicios']
[2026-08-26T15:06:50Z] [INFO] [N1] Guardado: C:\Users\jarri\Desktop\RagChatbot\chatbot\scraping\pages\servicios\productos-y-servicios\productos-cosmeticos-281c15e8.md  |  section_path=['Servicios', 'Productos y servicios']  |  status=captured
[2026-08-26T15:06:52Z] [INFO] Capturando página: https://www.controlsanitario.gob.ec/productos-higienicos-de-uso-domestico-y-absorbentes-de-higiene-personal/  |  section_path=['Servicios', 'Productos y servicios']
[2026-08-26T15:06:54Z] [INFO] [N1] Guardado: C:\Users\jarri\Desktop\RagChatbot\chatbot\scraping\pages\servicios\productos-y-servicios\productos-higienicos-de-uso-domestico-y-absorbentes-de-higie-b5011bcc.md  |  section_path=['Servicios', 'Productos y servicios']  |  status=captured
[2026-08-26T15:06:55Z] [INFO] Capturando página: https://www.controlsanitario.gob.ec/productos-higienicos-de-uso-industrial/  |  section_path=['Servicios', 'Productos y servicios']
[2026-08-26T15:06:57Z] [INFO] [N1] Guardado: C:\Users\jarri\Desktop\RagChatbot\chatbot\scraping\pages\servicios\productos-y-servicios\productos-higienicos-de-uso-industrial-974221a8.md  |  section_path=['Servicios', 'Productos y servicios']  |  status=captured
[2026-08-26T15:06:59Z] [INFO] Capturando página: https://www.controlsanitario.gob.ec/plaguicidas-quimicos-de-uso-agricola-pqua/  |  section_path=['Servicios', 'Productos y servicios']
[2026-08-26T15:07:01Z] [INFO] [N1] Guardado: C:\Users\jarri\Desktop\RagChatbot\chatbot\scraping\pages\servicios\productos-y-servicios\plaguicidas-quimicos-de-uso-agricola-pqua-fd8e5f6c.md  |  section_path=['Servicios', 'Productos y servicios']  |  status=captured
[2026-08-26T15:07:02Z] [INFO] Capturando página: https://www.controlsanitario.gob.ec/plaguicidas-de-uso-domestico-industrial-y-en-salud-publica/  |  section_path=['Servicios', 'Productos y servicios']
[2026-08-26T15:07:05Z] [INFO] [N1] Guardado: C:\Users\jarri\Desktop\RagChatbot\chatbot\scraping\pages\servicios\productos-y-servicios\plaguicidas-de-uso-domestico-industrial-y-en-salud-publica-4e9d7827.md  |  section_path=['Servicios', 'Productos y servicios']  |  status=captured
[2026-08-26T15:07:06Z] [INFO] Capturando página: https://www.controlsanitario.gob.ec/canales-y-tasas-de-pago/  |  section_path=['Servicios', 'Productos y servicios']
[2026-08-26T15:07:08Z] [INFO] [N1] Guardado: C:\Users\jarri\Desktop\RagChatbot\chatbot\scraping\pages\servicios\productos-y-servicios\sin-titulo-propio-8148cdb1.md  |  section_path=['Servicios', 'Productos y servicios']  |  status=captured
[2026-08-26T15:07:10Z] [INFO] Capturando página: https://www.controlsanitario.gob.ec/calificate-con-arcsa/  |  section_path=['Servicios', 'Establecimientos']
[2026-08-26T15:07:12Z] [INFO] [N1] Guardado: C:\Users\jarri\Desktop\RagChatbot\chatbot\scraping\pages\servicios\establecimientos\sin-titulo-propio-96f32ce1.md  |  section_path=['Servicios', 'Establecimientos']  |  status=captured
[2026-08-26T15:07:13Z] [INFO] Capturando página: https://www.controlsanitario.gob.ec/certificados-de-capacitaciones-arcsa/  |  section_path=['Servicios', 'Establecimientos']
[2026-08-26T15:07:16Z] [INFO] [N1] Guardado: C:\Users\jarri\Desktop\RagChatbot\chatbot\scraping\pages\servicios\establecimientos\fecha-35b63db5.md  |  section_path=['Servicios', 'Establecimientos']  |  status=captured
[2026-08-26T15:07:17Z] [INFO] Capturando página: http://www.controlsanitario.gob.ec/certificados-de-buenas-practicas/  |  section_path=['Servicios', 'Establecimientos']
[2026-08-26T15:07:20Z] [INFO] [N1] Guardado: C:\Users\jarri\Desktop\RagChatbot\chatbot\scraping\pages\servicios\establecimientos\certificados-de-buenas-practicas-70b4e7b2.md  |  section_path=['Servicios', 'Establecimientos']  |  status=captured
[2026-08-26T15:07:21Z] [INFO] Capturando página: http://www.controlsanitario.gob.ec/certificado-de-manipulacion-de-alimentos/  |  section_path=['Servicios', 'Establecimientos']
[2026-08-26T15:07:23Z] [INFO] [N1] Guardado: C:\Users\jarri\Desktop\RagChatbot\chatbot\scraping\pages\servicios\establecimientos\certificado-de-manipulacion-de-alimentos-c782de96.md  |  section_path=['Servicios', 'Establecimientos']  |  status=captured
[2026-08-26T15:07:25Z] [INFO] Capturando página: http://www.controlsanitario.gob.ec/registro-de-inscripcion-para-las-companias-elaboradorasimportadoras-y-comercializadoras-al-por-mayor-de-los-productos-del-tabaco/  |  section_path=['Servicios', 'Establecimientos']
[2026-08-26T15:07:27Z] [INFO] [N1] Guardado: C:\Users\jarri\Desktop\RagChatbot\chatbot\scraping\pages\servicios\establecimientos\requisitos-para-el-registro-de-companias-elaboradoras-import-7419522c.md  |  section_path=['Servicios', 'Establecimientos']  |  status=captured
[2026-08-26T15:07:29Z] [INFO] Capturando página: http://www.controlsanitario.gob.ec/permisos-de-funcionamiento/  |  section_path=['Servicios', 'Establecimientos']
[2026-08-26T15:07:31Z] [INFO] [N1] Guardado: C:\Users\jarri\Desktop\RagChatbot\chatbot\scraping\pages\servicios\establecimientos\permisos-de-funcionamiento-473aee80.md  |  section_path=['Servicios', 'Establecimientos']  |  status=captured
[2026-08-26T15:07:32Z] [INFO] Capturando página: https://www.controlsanitario.gob.ec/resoluciones/  |  section_path=['Servicios', 'Establecimientos']
[2026-08-26T15:07:34Z] [INFO] [N1] Guardado: C:\Users\jarri\Desktop\RagChatbot\chatbot\scraping\pages\servicios\establecimientos\resoluciones-81f0bf48.md  |  section_path=['Servicios', 'Establecimientos']  |  status=captured
[2026-08-26T15:07:36Z] [INFO] Capturando página: https://www.controlsanitario.gob.ec/atencion-a-consultas-quejas-sugerencias-y-tramites-ciudadanos/  |  section_path=['Servicios', 'Establecimientos']
[2026-08-26T15:07:38Z] [INFO] [N1] Guardado: C:\Users\jarri\Desktop\RagChatbot\chatbot\scraping\pages\servicios\establecimientos\atencion-a-consultas-quejas-sugerencias-y-tramites-ciudadano-217e0633.md  |  section_path=['Servicios', 'Establecimientos']  |  status=captured
[2026-08-26T15:07:39Z] [INFO] Capturando página: https://www.controlsanitario.gob.ec/expertos-externos/  |  section_path=['Servicios', 'Otros servicios']
[2026-08-26T15:07:42Z] [INFO] [N1] Guardado: C:\Users\jarri\Desktop\RagChatbot\chatbot\scraping\pages\servicios\otros-servicios\expertos-externos-7a3bec1f.md  |  section_path=['Servicios', 'Otros servicios']  |  status=captured
[2026-08-26T15:07:43Z] [INFO] Capturando página: https://www.controlsanitario.gob.ec/contratacionpublica/  |  section_path=['Servicios', 'Otros servicios']
[2026-08-26T15:07:45Z] [INFO] [N1] Guardado: C:\Users\jarri\Desktop\RagChatbot\chatbot\scraping\pages\servicios\otros-servicios\sin-titulo-propio-835fdc22.md  |  section_path=['Servicios', 'Otros servicios']  |  status=captured
[2026-08-26T15:07:47Z] [INFO] Capturando página: https://www.controlsanitario.gob.ec/rendicion-de-cuentas-arcsa/  |  section_path=['Servicios', 'Otros servicios']
[2026-08-26T15:07:49Z] [INFO] [N1] Guardado: C:\Users\jarri\Desktop\RagChatbot\chatbot\scraping\pages\servicios\otros-servicios\rendicion-de-cuentas-arcsa-aad0ae18.md  |  section_path=['Servicios', 'Otros servicios']  |  status=captured
[2026-08-26T15:07:49Z] [INFO] === NIVEL 1 completo: 154 página(s) NUEVA(S) para el nivel 2 ===
[2026-08-26T15:07:49Z] [INFO] === NIVEL 2: 154 página(s) nueva(s) por procesar ===
[2026-08-26T15:07:50Z] [INFO] Capturando página: http://www.controlsanitario.gob.ec/inscripcion-de-notificacion-sanitaria-de-alimentos-procesados-fabricacion-nacional/  |  section_path=['Servicios', 'Productos y servicios', 'Alimentos procesados']
[2026-08-26T15:07:53Z] [INFO] [N2] Guardado: C:\Users\jarri\Desktop\RagChatbot\chatbot\scraping\pages\servicios\productos-y-servicios\alimentos-procesados\obtencion-de-notificacion-sanitaria-de-alimentos-procesados-b7b44f9a.md  |  section_path=['Servicios', 'Productos y servicios', 'Alimentos procesados']  |  status=captured
[2026-08-26T15:07:54Z] [INFO] Capturando página: http://www.controlsanitario.gob.ec/inscripcion-de-notificacion-sanitaria-de-alimentos-procesados-fabricacion-extranjera/  |  section_path=['Servicios', 'Productos y servicios', 'Alimentos procesados']
[2026-08-26T15:07:56Z] [INFO] [N2] Guardado: C:\Users\jarri\Desktop\RagChatbot\chatbot\scraping\pages\servicios\productos-y-servicios\alimentos-procesados\inscripcion-de-notificacion-sanitaria-de-alimentos-procesado-018d8979.md  |  section_path=['Servicios', 'Productos y servicios', 'Alimentos procesados']  |  status=captured
[2026-08-26T15:07:58Z] [INFO] Capturando página: http://www.controlsanitario.gob.ec/inscripcion-de-notificacion-sanitaria-de-alimentos-procesados-por-lineas-de-produccion/  |  section_path=['Servicios', 'Productos y servicios', 'Alimentos procesados']
[2026-08-26T15:08:00Z] [INFO] [N2] Guardado: C:\Users\jarri\Desktop\RagChatbot\chatbot\scraping\pages\servicios\productos-y-servicios\alimentos-procesados\inscripcion-de-alimentos-procesados-por-linea-certificada-en-a6e059bd.md  |  section_path=['Servicios', 'Productos y servicios', 'Alimentos procesados']  |  status=captured
[2026-08-26T15:08:02Z] [INFO] Capturando página: http://www.controlsanitario.gob.ec/modificacion-notificacion-sanitaria-de-alimentos/  |  section_path=['Servicios', 'Productos y servicios', 'Alimentos procesados']
[2026-08-26T15:08:04Z] [INFO] [N2] Guardado: C:\Users\jarri\Desktop\RagChatbot\chatbot\scraping\pages\servicios\productos-y-servicios\alimentos-procesados\modificacion-de-notificaciones-sanitarias-de-alimentos-477edf75.md  |  section_path=['Servicios', 'Productos y servicios', 'Alimentos procesados']  |  status=captured
[2026-08-26T15:08:05Z] [INFO] Capturando página: http://www.controlsanitario.gob.ec/modificacion-de-alimentos-por-linea-de-produccion/  |  section_path=['Servicios', 'Productos y servicios', 'Alimentos procesados']
[2026-08-26T15:08:07Z] [INFO] [N2] Guardado: C:\Users\jarri\Desktop\RagChatbot\chatbot\scraping\pages\servicios\productos-y-servicios\alimentos-procesados\modificacion-de-alimentos-por-linea-de-produccion-afa65039.md  |  section_path=['Servicios', 'Productos y servicios', 'Alimentos procesados']  |  status=captured
[2026-08-26T15:08:09Z] [INFO] Capturando página: http://www.controlsanitario.gob.ec/reiscripcion-o-renovacion-de-notificacion-sanitaria-nacional-y-extranjero/  |  section_path=['Servicios', 'Productos y servicios', 'Alimentos procesados']
[2026-08-26T15:08:11Z] [INFO] [N2] Guardado: C:\Users\jarri\Desktop\RagChatbot\chatbot\scraping\pages\servicios\productos-y-servicios\alimentos-procesados\reinscripcion-de-notificacion-sanitaria-nacional-y-extranjer-71bf8904.md  |  section_path=['Servicios', 'Productos y servicios', 'Alimentos procesados']  |  status=captured
[2026-08-26T15:08:13Z] [INFO] Capturando página: http://www.controlsanitario.gob.ec/certificado-de-requerimiento-o-no-de-registro-sanitario-notificacion-sanitaria-obligatoria-2/  |  section_path=['Servicios', 'Productos y servicios', 'Alimentos procesados']
[2026-08-26T15:08:15Z] [INFO] [N2] Guardado: C:\Users\jarri\Desktop\RagChatbot\chatbot\scraping\pages\servicios\productos-y-servicios\alimentos-procesados\certificado-de-requerimiento-o-no-de-registro-sanitario-noti-2b3a2097.md  |  section_path=['Servicios', 'Productos y servicios', 'Alimentos procesados']  |  status=captured
[2026-08-26T15:08:16Z] [INFO] Capturando página: http://www.controlsanitario.gob.ec/copia-certificada-de-registro-sanitario-notificacion-sanitaria-obligatoria/  |  section_path=['Servicios', 'Productos y servicios', 'Alimentos procesados']
[2026-08-26T15:08:18Z] [INFO] [N2] Guardado: C:\Users\jarri\Desktop\RagChatbot\chatbot\scraping\pages\servicios\productos-y-servicios\alimentos-procesados\copia-certificada-de-registro-sanitario-notificacion-sanitar-cc804597.md  |  section_path=['Servicios', 'Productos y servicios', 'Alimentos procesados']  |  status=captured
[2026-08-26T15:08:20Z] [INFO] Capturando página: http://www.controlsanitario.gob.ec/certificado-de-vigencia-del-registro-sanitario-notificacion-sanitaria-obligatoria/  |  section_path=['Servicios', 'Productos y servicios', 'Alimentos procesados']
[2026-08-26T15:08:22Z] [INFO] [N2] Guardado: C:\Users\jarri\Desktop\RagChatbot\chatbot\scraping\pages\servicios\productos-y-servicios\alimentos-procesados\certificado-de-vigencia-del-registro-sanitario-notificacion-cb16c132.md  |  section_path=['Servicios', 'Productos y servicios', 'Alimentos procesados']  |  status=captured
[2026-08-26T15:08:23Z] [INFO] Capturando página: http://www.controlsanitario.gob.ec/solicitud-de-cancelacion-voluntaria-de-registro-sanitario-notificacion-sanitaria-o-notificacion-sanitaria-obligatoria/  |  section_path=['Servicios', 'Productos y servicios', 'Alimentos procesados']
[2026-08-26T15:08:26Z] [INFO] [N2] Guardado: C:\Users\jarri\Desktop\RagChatbot\chatbot\scraping\pages\servicios\productos-y-servicios\alimentos-procesados\solicitud-de-cancelacion-voluntaria-de-registro-sanitario-no-f7b6a810.md  |  section_path=['Servicios', 'Productos y servicios', 'Alimentos procesados']  |  status=captured
[2026-08-26T15:08:27Z] [INFO] Capturando página: http://www.controlsanitario.gob.ec/certificado-de-cambio-de-etiquetado-de-alimentos-procesados/  |  section_path=['Servicios', 'Productos y servicios', 'Alimentos procesados']
[2026-08-26T15:08:29Z] [INFO] [N2] Guardado: C:\Users\jarri\Desktop\RagChatbot\chatbot\scraping\pages\servicios\productos-y-servicios\alimentos-procesados\notificacion-de-cambio-de-etiquetado-de-alimentos-procesados-98205082.md  |  section_path=['Servicios', 'Productos y servicios', 'Alimentos procesados']  |  status=captured
[2026-08-26T15:08:31Z] [INFO] Capturando página: https://www.controlsanitario.gob.ec/solicitud-de-certificado-de-libre-venta/  |  section_path=['Servicios', 'Productos y servicios', 'Alimentos procesados']
[2026-08-26T15:08:33Z] [INFO] [N2] Guardado: C:\Users\jarri\Desktop\RagChatbot\chatbot\scraping\pages\servicios\productos-y-servicios\alimentos-procesados\solicitud-de-certificado-de-libre-venta-22ecc71a.md  |  section_path=['Servicios', 'Productos y servicios', 'Alimentos procesados']  |  status=captured
[2026-08-26T15:08:34Z] [INFO] Capturando página: https://www.controlsanitario.gob.ec/certificado-sanitario-de-exportacion-de-alimentos/  |  section_path=['Servicios', 'Productos y servicios', 'Alimentos procesados']
[2026-08-26T15:08:36Z] [INFO] [N2] Guardado: C:\Users\jarri\Desktop\RagChatbot\chatbot\scraping\pages\servicios\productos-y-servicios\alimentos-procesados\certificado-sanitario-de-exportacion-de-alimentos-fc43cd3b.md  |  section_path=['Servicios', 'Productos y servicios', 'Alimentos procesados']  |  status=captured
[2026-08-26T15:08:38Z] [INFO] Capturando página: http://www.controlsanitario.gob.ec/certificado-de-garantia-de-lote/  |  section_path=['Servicios', 'Productos y servicios', 'Alimentos procesados']
[2026-08-26T15:08:40Z] [INFO] [N2] Guardado: C:\Users\jarri\Desktop\RagChatbot\chatbot\scraping\pages\servicios\productos-y-servicios\alimentos-procesados\certificado-de-garantia-de-lote-f08b3093.md  |  section_path=['Servicios', 'Productos y servicios', 'Alimentos procesados']  |  status=captured
[2026-08-26T15:08:41Z] [INFO] Capturando página: http://www.controlsanitario.gob.ec/requisitos-autorizacion-para-importacion-de-alimentos-sin-valor-comercial-con-fines-de-estudio-de-mercado-investigacion-desarrollo-pruebas-de-laboratorio-y-ensayos/  |  section_path=['Servicios', 'Productos y servicios', 'Alimentos procesados']
[2026-08-26T15:08:43Z] [WARNING] [N2] No se guardó Markdown para http://www.controlsanitario.gob.ec/requisitos-autorizacion-para-importacion-de-alimentos-sin-valor-comercial-con-fines-de-estudio-de-mercado-investigacion-desarrollo-pruebas-de-laboratorio-y-ensayos/ (status=broken)
[2026-08-26T15:08:45Z] [INFO] Capturando página: https://www.controlsanitario.gob.ec/autorizacion-de-importacion-de-materias-primas-para-la-elaboracion-de-lotes-piloto-de-productos-con-fines-de-registro-sanitario/  |  section_path=['Servicios', 'Productos y servicios', 'Alimentos procesados']
[2026-08-26T15:08:47Z] [INFO] [N2] Guardado: C:\Users\jarri\Desktop\RagChatbot\chatbot\scraping\pages\servicios\productos-y-servicios\alimentos-procesados\autorizacion-de-importacion-de-materias-primas-para-la-elabo-35a17b73.md  |  section_path=['Servicios', 'Productos y servicios', 'Alimentos procesados']  |  status=captured
[2026-08-26T15:08:49Z] [INFO] Capturando página: https://www.controlsanitario.gob.ec/solicitud-de-autorizacion-de-materias-primas-alimenticias-en-general-aditivos-alimentarios-y-productos-semielaborados-sin-fines-de-venta-directa-al-consumidor-final-producidas-en-el-pais-o-importada/  |  section_path=['Servicios', 'Productos y servicios', 'Alimentos procesados']
[2026-08-26T15:08:51Z] [INFO] [N2] Guardado: C:\Users\jarri\Desktop\RagChatbot\chatbot\scraping\pages\servicios\productos-y-servicios\alimentos-procesados\solicitud-de-autorizacion-de-materias-primas-alimenticias-en-ae520655.md  |  section_path=['Servicios', 'Productos y servicios', 'Alimentos procesados']  |  status=captured
[2026-08-26T15:08:52Z] [INFO] Capturando página: https://www.controlsanitario.gob.ec/autorizacion-importacion-de-muestras-sin-valor-comercial-con-fines-de-estudio-de-mercado/  |  section_path=['Servicios', 'Productos y servicios', 'Alimentos procesados']
[2026-08-26T15:08:54Z] [INFO] [N2] Guardado: C:\Users\jarri\Desktop\RagChatbot\chatbot\scraping\pages\servicios\productos-y-servicios\alimentos-procesados\autorizacion-importacion-de-muestras-sin-valor-comercial-con-5c09a04f.md  |  section_path=['Servicios', 'Productos y servicios', 'Alimentos procesados']  |  status=captured
[2026-08-26T15:08:56Z] [INFO] Capturando página: http://www.controlsanitario.gob.ec/consulta-tecnica-solicitud-de-clasificacion-de-un-producto/  |  section_path=['Servicios', 'Productos y servicios', 'Alimentos procesados']
[2026-08-26T15:08:58Z] [INFO] [N2] Guardado: C:\Users\jarri\Desktop\RagChatbot\chatbot\scraping\pages\servicios\productos-y-servicios\alimentos-procesados\consulta-tecnica-solicitud-de-clasificacion-de-un-producto-f0baa112.md  |  section_path=['Servicios', 'Productos y servicios', 'Alimentos procesados']  |  status=captured
[2026-08-26T15:09:00Z] [INFO] Capturando página: http://www.controlsanitario.gob.ec/solicitud-de-supervision-de-incineracion-de-medicamentos-dispositivos-medicos-y-alimentos-procesados/  |  section_path=['Servicios', 'Productos y servicios', 'Alimentos procesados']
[2026-08-26T15:09:02Z] [INFO] [N2] Guardado: C:\Users\jarri\Desktop\RagChatbot\chatbot\scraping\pages\servicios\productos-y-servicios\alimentos-procesados\solicitud-de-supervision-de-incineracion-de-medicamentos-en-40368e6e.md  |  section_path=['Servicios', 'Productos y servicios', 'Alimentos procesados']  |  status=captured
[2026-08-26T15:09:03Z] [INFO] Capturando página: https://www.controlsanitario.gob.ec/solicitud-para-firma-fisica-en-certificado-de-libre-venta-garantia-de-lote-informacion-de-cambios-de-notificacion-sanitaria-obligatoria-y-certificado-de-requerir-o-no-registro-sanitario-o-notificaci/  |  section_path=['Servicios', 'Productos y servicios', 'Alimentos procesados']
[2026-08-26T15:09:05Z] [INFO] [N2] Guardado: C:\Users\jarri\Desktop\RagChatbot\chatbot\scraping\pages\servicios\productos-y-servicios\alimentos-procesados\solicitud-para-firma-fisica-en-certificado-de-libre-venta-y-54d93fbd.md  |  section_path=['Servicios', 'Productos y servicios', 'Alimentos procesados']  |  status=captured
[2026-08-26T15:09:07Z] [INFO] Capturando página: http://www.controlsanitario.gob.ec/solicitud-para-resultados-de-analisis-de-posregistro-o-posnotificacion/  |  section_path=['Servicios', 'Productos y servicios', 'Alimentos procesados']
[2026-08-26T15:09:09Z] [INFO] [N2] Guardado: C:\Users\jarri\Desktop\RagChatbot\chatbot\scraping\pages\servicios\productos-y-servicios\alimentos-procesados\solicitud-para-resultados-de-analisis-de-posregistro-o-posno-e71caf9c.md  |  section_path=['Servicios', 'Productos y servicios', 'Alimentos procesados']  |  status=captured
[2026-08-26T15:09:11Z] [INFO] Capturando página: https://www.controlsanitario.gob.ec/solicitud-para-donaciones-de-alimentos-procesados/  |  section_path=['Servicios', 'Productos y servicios', 'Alimentos procesados']
[2026-08-26T15:09:13Z] [INFO] [N2] Guardado: C:\Users\jarri\Desktop\RagChatbot\chatbot\scraping\pages\servicios\productos-y-servicios\alimentos-procesados\solicitud-para-donaciones-de-alimentos-procesados-7e4660b0.md  |  section_path=['Servicios', 'Productos y servicios', 'Alimentos procesados']  |  status=captured
[2026-08-26T15:09:14Z] [INFO] Capturando página: https://www.controlsanitario.gob.ec/inscripcion-de-notificacion-sanitaria-de-suplementos-alimenticios-nacionales-y-extranjeros/  |  section_path=['Servicios', 'Productos y servicios', 'Alimentos procesados']
[2026-08-26T15:09:16Z] [INFO] [N2] Guardado: C:\Users\jarri\Desktop\RagChatbot\chatbot\scraping\pages\servicios\productos-y-servicios\alimentos-procesados\inscripcion-de-notificacion-sanitaria-de-suplementos-aliment-b70dbcc8.md  |  section_path=['Servicios', 'Productos y servicios', 'Alimentos procesados']  |  status=captured
[2026-08-26T15:09:18Z] [INFO] Capturando página: https://www.controlsanitario.gob.ec/modificacion-de-notificacion-sanitaria-de-suplementos-alimenticios-nacionales-y-extranjeros/  |  section_path=['Servicios', 'Productos y servicios', 'Alimentos procesados']
[2026-08-26T15:09:20Z] [INFO] [N2] Guardado: C:\Users\jarri\Desktop\RagChatbot\chatbot\scraping\pages\servicios\productos-y-servicios\alimentos-procesados\modificacion-de-notificacion-sanitaria-de-suplementos-alimen-ff43d357.md  |  section_path=['Servicios', 'Productos y servicios', 'Alimentos procesados']  |  status=captured
[2026-08-26T15:09:22Z] [INFO] Capturando página: https://www.controlsanitario.gob.ec/modificacion-de-la-inscripcion-por-linea-de-bpm-certificada-de-suplementos-alimenticios-extranjeros/  |  section_path=['Servicios', 'Productos y servicios', 'Alimentos procesados']
[2026-08-26T15:09:24Z] [INFO] [N2] Guardado: C:\Users\jarri\Desktop\RagChatbot\chatbot\scraping\pages\servicios\productos-y-servicios\alimentos-procesados\modificacion-de-la-inscripcion-por-linea-de-bpm-certificada-85814f41.md  |  section_path=['Servicios', 'Productos y servicios', 'Alimentos procesados']  |  status=captured
[2026-08-26T15:09:25Z] [INFO] Capturando página: http://www.controlsanitario.gob.ec/ensayos-clinicos/  |  section_path=['Servicios', 'Productos y servicios', 'ENSAYOS CLÍNICOS']
[2026-08-26T15:09:28Z] [INFO] [N2] Guardado: C:\Users\jarri\Desktop\RagChatbot\chatbot\scraping\pages\servicios\productos-y-servicios\ensayos-clinicos\1-autorizacion-de-ensayos-clinicos-con-productos-en-investig-d83de040.md  |  section_path=['Servicios', 'Productos y servicios', 'ENSAYOS CLÍNICOS']  |  status=captured
[2026-08-26T15:09:29Z] [INFO] Capturando página: https://www.controlsanitario.gob.ec/autorizacion-de-importacion-y-exportacion-de-muestras-biologicas-humanas-para-fines-de-investigacion/  |  section_path=['Servicios', 'Productos y servicios', 'ENSAYOS CLÍNICOS']
[2026-08-26T15:09:31Z] [INFO] [N2] Guardado: C:\Users\jarri\Desktop\RagChatbot\chatbot\scraping\pages\servicios\productos-y-servicios\ensayos-clinicos\descripcion-d4002764.md  |  section_path=['Servicios', 'Productos y servicios', 'ENSAYOS CLÍNICOS']  |  status=captured
[2026-08-26T15:09:33Z] [INFO] Capturando página: https://www.controlsanitario.gob.ec/autorizacion-de-importacion-y-exportacion-de-muestras-biologicas-humanas-para-atencion-sanitaria/  |  section_path=['Servicios', 'Productos y servicios', 'ENSAYOS CLÍNICOS']
[2026-08-26T15:09:35Z] [INFO] [N2] Guardado: C:\Users\jarri\Desktop\RagChatbot\chatbot\scraping\pages\servicios\productos-y-servicios\ensayos-clinicos\autorizacion-de-importacion-y-exportacion-de-muestras-biolog-e4ccef8d.md  |  section_path=['Servicios', 'Productos y servicios', 'ENSAYOS CLÍNICOS']  |  status=captured
[2026-08-26T15:09:37Z] [INFO] Capturando página: http://www.controlsanitario.gob.ec/notificacion-de-eventos-adversos-graves-y-reacciones-adversas-graves-inesperadas/  |  section_path=['Servicios', 'Productos y servicios', 'ENSAYOS CLÍNICOS']
[2026-08-26T15:09:39Z] [INFO] [N2] Guardado: C:\Users\jarri\Desktop\RagChatbot\chatbot\scraping\pages\servicios\productos-y-servicios\ensayos-clinicos\notificacion-de-eventos-adversos-graves-eag-y-reacciones-adv-98d703c9.md  |  section_path=['Servicios', 'Productos y servicios', 'ENSAYOS CLÍNICOS']  |  status=captured
[2026-08-26T15:09:40Z] [INFO] Capturando página: https://www.controlsanitario.gob.ec/inspecciones-de-los-ensayos-clinicos/  |  section_path=['Servicios', 'Productos y servicios', 'ENSAYOS CLÍNICOS']
[2026-08-26T15:09:42Z] [INFO] [N2] Guardado: C:\Users\jarri\Desktop\RagChatbot\chatbot\scraping\pages\servicios\productos-y-servicios\ensayos-clinicos\inspecciones-de-verificacion-de-buenas-practicas-clinicas-bp-5b51fad6.md  |  section_path=['Servicios', 'Productos y servicios', 'ENSAYOS CLÍNICOS']  |  status=captured
[2026-08-26T15:09:44Z] [INFO] Capturando página: https://www.controlsanitario.gob.ec/autorizacion-para-realizar-una-enmienda-o-modificacion-en-un-ensayo-clinico/  |  section_path=['Servicios', 'Productos y servicios', 'ENSAYOS CLÍNICOS']
[2026-08-26T15:09:46Z] [INFO] [N2] Guardado: C:\Users\jarri\Desktop\RagChatbot\chatbot\scraping\pages\servicios\productos-y-servicios\ensayos-clinicos\autorizacion-para-realizar-una-enmienda-o-modificacion-en-un-5be4deb7.md  |  section_path=['Servicios', 'Productos y servicios', 'ENSAYOS CLÍNICOS']  |  status=captured
[2026-08-26T15:09:48Z] [INFO] Capturando página: https://www.controlsanitario.gob.ec/importacion-de-producto-en-investigacion/  |  section_path=['Servicios', 'Productos y servicios', 'ENSAYOS CLÍNICOS']
[2026-08-26T15:09:50Z] [INFO] [N2] Guardado: C:\Users\jarri\Desktop\RagChatbot\chatbot\scraping\pages\servicios\productos-y-servicios\ensayos-clinicos\importacion-de-productos-en-investigacion-comparadores-y-sum-8c9ca6e0.md  |  section_path=['Servicios', 'Productos y servicios', 'ENSAYOS CLÍNICOS']  |  status=captured
[2026-08-26T15:09:51Z] [INFO] Capturando página: https://www.controlsanitario.gob.ec/supervision-de-destruccion-y-eliminacion-de-medicamentos-y-productos-en-investigacion/  |  section_path=['Servicios', 'Productos y servicios', 'ENSAYOS CLÍNICOS']
[2026-08-26T15:09:53Z] [INFO] [N2] Guardado: C:\Users\jarri\Desktop\RagChatbot\chatbot\scraping\pages\servicios\productos-y-servicios\ensayos-clinicos\supervision-de-destruccion-y-eliminacion-de-productos-en-inv-4f974560.md  |  section_path=['Servicios', 'Productos y servicios', 'ENSAYOS CLÍNICOS']  |  status=captured
[2026-08-26T15:09:55Z] [INFO] Capturando página: https://www.controlsanitario.gob.ec/excepcion-de-destruccion-de-productos-en-investigacion/  |  section_path=['Servicios', 'Productos y servicios', 'ENSAYOS CLÍNICOS']
[2026-08-26T15:09:57Z] [INFO] [N2] Guardado: C:\Users\jarri\Desktop\RagChatbot\chatbot\scraping\pages\servicios\productos-y-servicios\ensayos-clinicos\presentacion-y-revision-de-informes-de-seguimiento-y-segurid-0326e702.md  |  section_path=['Servicios', 'Productos y servicios', 'ENSAYOS CLÍNICOS']  |  status=captured
[2026-08-26T15:09:59Z] [INFO] Capturando página: https://www.controlsanitario.gob.ec/inscripcion-o-renovacion-de-la-inscripcion-de-las-organizaciones-de-investigacion-por-contrato-oic-en-el-registro-nacional-de-organizaciones-de-investigacion-por-contrato-de-la-arc/  |  section_path=['Servicios', 'Productos y servicios', 'ENSAYOS CLÍNICOS']
[2026-08-26T15:10:01Z] [INFO] [N2] Guardado: C:\Users\jarri\Desktop\RagChatbot\chatbot\scraping\pages\servicios\productos-y-servicios\ensayos-clinicos\inscripcion-o-renovacion-de-la-inscripcion-de-las-organizaci-156afae4.md  |  section_path=['Servicios', 'Productos y servicios', 'ENSAYOS CLÍNICOS']  |  status=captured
[2026-08-26T15:10:02Z] [INFO] Capturando página: https://www.controlsanitario.gob.ec/inscripcion-o-renovacion-de-la-inscripcion-de-centros-de-investigacion-clinica-cic-en-el-registro-nacional-de-centros-de-investigacion-clinica-de-la-arcsa/  |  section_path=['Servicios', 'Productos y servicios', 'ENSAYOS CLÍNICOS']
[2026-08-26T15:10:05Z] [INFO] [N2] Guardado: C:\Users\jarri\Desktop\RagChatbot\chatbot\scraping\pages\servicios\productos-y-servicios\ensayos-clinicos\inscripcion-o-renovacion-de-la-inscripcion-de-centros-de-inv-79d705c6.md  |  section_path=['Servicios', 'Productos y servicios', 'ENSAYOS CLÍNICOS']  |  status=captured
[2026-08-26T15:10:06Z] [INFO] Capturando página: https://www.controlsanitario.gob.ec/inscripcion-nacional-y-extranjera-de-registros-sanitarios-de-dispositivos-medicos-invasivos-no-invasivos-activos-y-diagnostico-invitro/  |  section_path=['Servicios', 'Productos y servicios', 'Dispositivos médicos, productos dentales y reactivos bioquímicos de diagnóstico']
[2026-08-26T15:10:08Z] [INFO] [N2] Guardado: C:\Users\jarri\Desktop\RagChatbot\chatbot\scraping\pages\servicios\productos-y-servicios\dispositivos-medicos-productos-dentales-y-reactivos-bioquimi\inscripcion-nacional-y-extranjera-de-registro-sanitario-de-d-b6a498a2.md  |  section_path=['Servicios', 'Productos y servicios', 'Dispositivos médicos, productos dentales y reactivos bioquímicos de diagnóstico']  |  status=captured
[2026-08-26T15:10:10Z] [INFO] Capturando página: https://www.controlsanitario.gob.ec/modificacion-de-registro-sanitario-de-dispositivos-medicos-invasivos-no-invasivos-activos-y-diagnostico-in-vitro/  |  section_path=['Servicios', 'Productos y servicios', 'Dispositivos médicos, productos dentales y reactivos bioquímicos de diagnóstico']
[2026-08-26T15:10:12Z] [INFO] [N2] Guardado: C:\Users\jarri\Desktop\RagChatbot\chatbot\scraping\pages\servicios\productos-y-servicios\dispositivos-medicos-productos-dentales-y-reactivos-bioquimi\modificacion-de-registro-sanitario-de-dispositivos-medicos-i-b06997ec.md  |  section_path=['Servicios', 'Productos y servicios', 'Dispositivos médicos, productos dentales y reactivos bioquímicos de diagnóstico']  |  status=captured
[2026-08-26T15:10:14Z] [INFO] Capturando página: http://www.controlsanitario.gob.ec/reinscripcion-de-certificado-de-registro-sanitario-de-dispositivos-medicos-y-productos-dentales-fabricacion-nacional-y-extranjera/  |  section_path=['Servicios', 'Productos y servicios', 'Dispositivos médicos, productos dentales y reactivos bioquímicos de diagnóstico']
[2026-08-26T15:10:16Z] [INFO] [N2] Guardado: C:\Users\jarri\Desktop\RagChatbot\chatbot\scraping\pages\servicios\productos-y-servicios\dispositivos-medicos-productos-dentales-y-reactivos-bioquimi\reinscripcion-de-registro-sanitario-de-dispositivos-medicos-a72c6669.md  |  section_path=['Servicios', 'Productos y servicios', 'Dispositivos médicos, productos dentales y reactivos bioquímicos de diagnóstico']  |  status=captured
[2026-08-26T15:10:18Z] [INFO] Capturando página: http://www.controlsanitario.gob.ec/certificados-de-libre-venta-clv/  |  section_path=['Servicios', 'Productos y servicios', 'Dispositivos médicos, productos dentales y reactivos bioquímicos de diagnóstico']
[2026-08-26T15:10:20Z] [WARNING] [N2] No se guardó Markdown para http://www.controlsanitario.gob.ec/certificados-de-libre-venta-clv/ (status=broken)
[2026-08-26T15:10:21Z] [INFO] Capturando página: http://www.controlsanitario.gob.ec/certificado-sanitario-de-donacion/  |  section_path=['Servicios', 'Productos y servicios', 'Dispositivos médicos, productos dentales y reactivos bioquímicos de diagnóstico']
[2026-08-26T15:10:23Z] [WARNING] [N2] No se guardó Markdown para http://www.controlsanitario.gob.ec/certificado-sanitario-de-donacion/ (status=broken)
[2026-08-26T15:10:25Z] [INFO] Capturando página: http://www.controlsanitario.gob.ec/autorizacion-de-importacion-de-medicamentos-dispositivos-medicos-y-reactivos-bioquimicos-para-brigadas-medicas/  |  section_path=['Servicios', 'Productos y servicios', 'Dispositivos médicos, productos dentales y reactivos bioquímicos de diagnóstico']
[2026-08-26T15:10:27Z] [INFO] [N2] Guardado: C:\Users\jarri\Desktop\RagChatbot\chatbot\scraping\pages\servicios\productos-y-servicios\dispositivos-medicos-productos-dentales-y-reactivos-bioquimi\autorizacion-de-importacion-de-medicamentos-dispositivos-med-bb5c67ce.md  |  section_path=['Servicios', 'Productos y servicios', 'Dispositivos médicos, productos dentales y reactivos bioquímicos de diagnóstico']  |  status=captured
[2026-08-26T15:10:29Z] [INFO] Capturando página: https://www.controlsanitario.gob.ec/solicitud-autorizacion-de-importacion-de-medicamentos-productos-biologicos-dispositivos-medicos-de-uso-humano-reactivos-bioquimicos-y-de-diagnostico-en-casos-de-emergencia-sanitaria/  |  section_path=['Servicios', 'Productos y servicios', 'Dispositivos médicos, productos dentales y reactivos bioquímicos de diagnóstico']
[2026-08-26T15:10:31Z] [INFO] [N2] Guardado: C:\Users\jarri\Desktop\RagChatbot\chatbot\scraping\pages\servicios\productos-y-servicios\dispositivos-medicos-productos-dentales-y-reactivos-bioquimi\solicitud-autorizacion-de-importacion-por-excepcion-de-medic-b4b2e43e.md  |  section_path=['Servicios', 'Productos y servicios', 'Dispositivos médicos, productos dentales y reactivos bioquímicos de diagnóstico']  |  status=captured
[2026-08-26T15:10:33Z] [INFO] Capturando página: http://www.controlsanitario.gob.ec/solicitud-para-firma-fisica-en-certificado-de-libre-venta-garantia-de-lote-informacion-de-cambios-de-notificacion-sanitaria-obligatoria-y-certificado-de-requerir-o-no-registro-sanitario-o-notificaci/  |  section_path=['Servicios', 'Productos y servicios', 'Dispositivos médicos, productos dentales y reactivos bioquímicos de diagnóstico']
[2026-08-26T15:10:35Z] [INFO] [N2] Guardado: C:\Users\jarri\Desktop\RagChatbot\chatbot\scraping\pages\servicios\productos-y-servicios\dispositivos-medicos-productos-dentales-y-reactivos-bioquimi\solicitud-para-firma-fisica-en-certificado-de-libre-venta-y-b30d7352.md  |  section_path=['Servicios', 'Productos y servicios', 'Dispositivos médicos, productos dentales y reactivos bioquímicos de diagnóstico']  |  status=captured
[2026-08-26T15:10:37Z] [INFO] Capturando página: http://www.controlsanitario.gob.ec/inscripcion-de-registro-sanitario-de-medicamentos-fabricacion-nacional/  |  section_path=['Servicios', 'Productos y servicios', 'Medicamentos']
[2026-08-26T15:10:39Z] [INFO] [N2] Guardado: C:\Users\jarri\Desktop\RagChatbot\chatbot\scraping\pages\servicios\productos-y-servicios\medicamentos\inscripcion-de-registro-sanitario-de-medicamentos-fabricacio-fd3ab191.md  |  section_path=['Servicios', 'Productos y servicios', 'Medicamentos']  |  status=captured
[2026-08-26T15:10:40Z] [INFO] Capturando página: http://www.controlsanitario.gob.ec/inscripcion-de-registro-sanitario-de-medicamentos-fabricacion-extranjera/  |  section_path=['Servicios', 'Productos y servicios', 'Medicamentos']
[2026-08-26T15:10:43Z] [INFO] [N2] Guardado: C:\Users\jarri\Desktop\RagChatbot\chatbot\scraping\pages\servicios\productos-y-servicios\medicamentos\inscripcion-de-registro-sanitario-de-medicamentos-fabricacio-7c086634.md  |  section_path=['Servicios', 'Productos y servicios', 'Medicamentos']  |  status=captured
[2026-08-26T15:10:44Z] [INFO] Capturando página: http://www.controlsanitario.gob.ec/modificacion-de-registro-sanitario-de-medicamentos/  |  section_path=['Servicios', 'Productos y servicios', 'Medicamentos']
[2026-08-26T15:10:46Z] [INFO] [N2] Guardado: C:\Users\jarri\Desktop\RagChatbot\chatbot\scraping\pages\servicios\productos-y-servicios\medicamentos\modificacion-de-registro-sanitario-de-medicamentos-fabricaci-b4099bf6.md  |  section_path=['Servicios', 'Productos y servicios', 'Medicamentos']  |  status=captured
[2026-08-26T15:10:48Z] [INFO] Capturando página: http://www.controlsanitario.gob.ec/reinscripcion-de-certificado-de-registro-sanitario-de-medicamentos-fabricacion-nacional-y-extranjera-2/  |  section_path=['Servicios', 'Productos y servicios', 'Medicamentos']
[2026-08-26T15:10:50Z] [INFO] [N2] Guardado: C:\Users\jarri\Desktop\RagChatbot\chatbot\scraping\pages\servicios\productos-y-servicios\medicamentos\reinscripcion-de-certificado-de-registro-sanitario-de-medica-66613e4c.md  |  section_path=['Servicios', 'Productos y servicios', 'Medicamentos']  |  status=captured
[2026-08-26T15:10:51Z] [INFO] Capturando página: https://www.controlsanitario.gob.ec/certificado-de-vigencia-del-registro-sanitario-notificacion-sanitaria-obligatoria/  |  section_path=['Servicios', 'Productos y servicios', 'Medicamentos']
[2026-08-26T15:10:53Z] [INFO] [N2] Guardado: C:\Users\jarri\Desktop\RagChatbot\chatbot\scraping\pages\servicios\productos-y-servicios\medicamentos\certificado-de-vigencia-del-registro-sanitario-notificacion-628af4e1.md  |  section_path=['Servicios', 'Productos y servicios', 'Medicamentos']  |  status=captured
[2026-08-26T15:10:55Z] [INFO] Capturando página: http://www.controlsanitario.gob.ec/certificado-sanitario-de-provision-de-medicamentos-2/  |  section_path=['Servicios', 'Productos y servicios', 'Medicamentos']
[2026-08-26T15:10:57Z] [INFO] [N2] Guardado: C:\Users\jarri\Desktop\RagChatbot\chatbot\scraping\pages\servicios\productos-y-servicios\medicamentos\certificado-sanitario-de-provision-de-medicamentos-0aaf2a63.md  |  section_path=['Servicios', 'Productos y servicios', 'Medicamentos']  |  status=captured
[2026-08-26T15:10:59Z] [INFO] Capturando página: http://www.controlsanitario.gob.ec/autorizacion-para-importacion-de-materias-primas-para-la-elaboracion-de-un-lote-piloto-de-medicamentos-en-general-productos-naturales-homeopaticos-cosmeticos-y-alimentos-previo-a-la-obtencion-del/  |  section_path=['Servicios', 'Productos y servicios', 'Medicamentos']
[2026-08-26T15:11:01Z] [INFO] [N2] Guardado: C:\Users\jarri\Desktop\RagChatbot\chatbot\scraping\pages\servicios\productos-y-servicios\medicamentos\autorizacion-de-importacion-de-materias-primas-para-la-elabo-64aa8c1f.md  |  section_path=['Servicios', 'Productos y servicios', 'Medicamentos']  |  status=captured
[2026-08-26T15:11:03Z] [INFO] Capturando página: http://www.controlsanitario.gob.ec/autorizacion-para-comercializacion-de-packs-de-medicamentos-en-general-y-medicamentos-biologicos/  |  section_path=['Servicios', 'Productos y servicios', 'Medicamentos']
[2026-08-26T15:11:05Z] [INFO] [N2] Guardado: C:\Users\jarri\Desktop\RagChatbot\chatbot\scraping\pages\servicios\productos-y-servicios\medicamentos\autorizacion-para-la-comercializacion-de-packs-de-medicament-0c7eff0f.md  |  section_path=['Servicios', 'Productos y servicios', 'Medicamentos']  |  status=captured
[2026-08-26T15:11:06Z] [INFO] Capturando página: http://www.controlsanitario.gob.ec/autorizacion-para-el-agotamiento-de-existencias-de-medicamentos-en-general-y-medicamentos-biologicos/  |  section_path=['Servicios', 'Productos y servicios', 'Medicamentos']
[2026-08-26T15:11:08Z] [INFO] [N2] Guardado: C:\Users\jarri\Desktop\RagChatbot\chatbot\scraping\pages\servicios\productos-y-servicios\medicamentos\autorizacion-para-el-agotamiento-de-existencias-de-medicamen-66aabf40.md  |  section_path=['Servicios', 'Productos y servicios', 'Medicamentos']  |  status=captured
[2026-08-26T15:11:10Z] [INFO] Capturando página: https://www.controlsanitario.gob.ec/autorizacion-de-importacion-de-productos-por-excepcion-para-medicamentos-dispositivos-medicos-reactivos-bioquimicos-para-personas-juridicas/  |  section_path=['Servicios', 'Productos y servicios', 'Medicamentos']
[2026-08-26T15:11:13Z] [INFO] [N2] Guardado: C:\Users\jarri\Desktop\RagChatbot\chatbot\scraping\pages\servicios\productos-y-servicios\medicamentos\solicitud-autorizacion-de-importacion-por-excepcion-de-medic-9094440e.md  |  section_path=['Servicios', 'Productos y servicios', 'Medicamentos']  |  status=captured
[2026-08-26T15:11:14Z] [INFO] Capturando página: http://www.controlsanitario.gob.ec/solicitud-para-la-emision-del-informe-de-analisis-para-medicamentos-de-alto-riesgo-por-solicitudes-especiales-del-titular-del-registro-sanitario/  |  section_path=['Servicios', 'Productos y servicios', 'Medicamentos']
[2026-08-26T15:11:16Z] [INFO] [N2] Guardado: C:\Users\jarri\Desktop\RagChatbot\chatbot\scraping\pages\servicios\productos-y-servicios\medicamentos\solicitud-para-la-emision-del-informe-de-analisis-para-medic-334e7f61.md  |  section_path=['Servicios', 'Productos y servicios', 'Medicamentos']  |  status=captured
[2026-08-26T15:11:18Z] [INFO] Capturando página: https://www.controlsanitario.gob.ec/solicitud-certificado-de-producto-farmaceutico/  |  section_path=['Servicios', 'Productos y servicios', 'Medicamentos']
[2026-08-26T15:11:20Z] [INFO] [N2] Guardado: C:\Users\jarri\Desktop\RagChatbot\chatbot\scraping\pages\servicios\productos-y-servicios\medicamentos\solicitud-certificado-de-producto-farmaceutico-0bfc38b8.md  |  section_path=['Servicios', 'Productos y servicios', 'Medicamentos']  |  status=captured
[2026-08-26T15:11:21Z] [INFO] Capturando página: https://www.controlsanitario.gob.ec/solicitud-de-certificado-sanitario-de-exportacion-de-medicamentos/  |  section_path=['Servicios', 'Productos y servicios', 'Medicamentos']
[2026-08-26T15:11:24Z] [INFO] [N2] Guardado: C:\Users\jarri\Desktop\RagChatbot\chatbot\scraping\pages\servicios\productos-y-servicios\medicamentos\solicitud-de-certificado-sanitario-de-exportacion-de-medicam-cee9c60f.md  |  section_path=['Servicios', 'Productos y servicios', 'Medicamentos']  |  status=captured
[2026-08-26T15:11:25Z] [INFO] Capturando página: http://www.controlsanitario.gob.ec/inscripcion-de-registro-sanitario-de-alimentos-procesados-fabricacion-nacional/  |  section_path=['Servicios', 'Productos y servicios', 'Medicamentos biológicos']
[2026-08-26T15:11:27Z] [WARNING] [N2] No se guardó Markdown para http://www.controlsanitario.gob.ec/inscripcion-de-registro-sanitario-de-alimentos-procesados-fabricacion-nacional/ (status=broken)
[2026-08-26T15:11:28Z] [INFO] Capturando página: http://www.controlsanitario.gob.ec/inscripcion-de-registro-sanitario-de-medicamentos-biologicos-fabricacion-nacional/  |  section_path=['Servicios', 'Productos y servicios', 'Medicamentos biológicos']
[2026-08-26T15:11:31Z] [INFO] [N2] Guardado: C:\Users\jarri\Desktop\RagChatbot\chatbot\scraping\pages\servicios\productos-y-servicios\medicamentos-biologicos\inscripcion-de-registro-sanitario-de-medicamentos-biologicos-7cab128e.md  |  section_path=['Servicios', 'Productos y servicios', 'Medicamentos biológicos']  |  status=captured
[2026-08-26T15:11:32Z] [INFO] Capturando página: http://www.controlsanitario.gob.ec/inscripcion-de-registro-sanitario-de-medicamentos-biologicos-fabricacion-extranjera/  |  section_path=['Servicios', 'Productos y servicios', 'Medicamentos biológicos']
[2026-08-26T15:11:34Z] [INFO] [N2] Guardado: C:\Users\jarri\Desktop\RagChatbot\chatbot\scraping\pages\servicios\productos-y-servicios\medicamentos-biologicos\inscripcion-de-registro-sanitario-de-medicamentos-biologicos-e8855613.md  |  section_path=['Servicios', 'Productos y servicios', 'Medicamentos biológicos']  |  status=captured
[2026-08-26T15:11:36Z] [INFO] Capturando página: http://www.controlsanitario.gob.ec/modificacion-de-registro-sanitario-de-medicamentos-biologicosfne/  |  section_path=['Servicios', 'Productos y servicios', 'Medicamentos biológicos']
[2026-08-26T15:11:38Z] [INFO] [N2] Guardado: C:\Users\jarri\Desktop\RagChatbot\chatbot\scraping\pages\servicios\productos-y-servicios\medicamentos-biologicos\modificacion-de-registro-sanitario-de-medicamentos-biologico-9ec27524.md  |  section_path=['Servicios', 'Productos y servicios', 'Medicamentos biológicos']  |  status=captured
[2026-08-26T15:11:39Z] [INFO] Capturando página: http://www.controlsanitario.gob.ec/reinscripcion-de-certificado-de-registro-sanitario-de-medicamentos-biologicos-fabricacion-nacional-y-extranjera/  |  section_path=['Servicios', 'Productos y servicios', 'Medicamentos biológicos']
[2026-08-26T15:11:42Z] [INFO] [N2] Guardado: C:\Users\jarri\Desktop\RagChatbot\chatbot\scraping\pages\servicios\productos-y-servicios\medicamentos-biologicos\reinscripcion-de-certificado-de-registro-sanitario-de-medica-89cbebcb.md  |  section_path=['Servicios', 'Productos y servicios', 'Medicamentos biológicos']  |  status=captured
[2026-08-26T15:11:43Z] [INFO] Capturando página: http://www.controlsanitario.gob.ec/solicitud-autorizacion-de-exportacion-para-muestras-biologicas/  |  section_path=['Servicios', 'Productos y servicios', 'Medicamentos biológicos']
[2026-08-26T15:11:45Z] [INFO] [N2] Guardado: C:\Users\jarri\Desktop\RagChatbot\chatbot\scraping\pages\servicios\productos-y-servicios\medicamentos-biologicos\solicitud-autorizacion-de-exportacion-para-muestras-biologic-59e25f2d.md  |  section_path=['Servicios', 'Productos y servicios', 'Medicamentos biológicos']  |  status=captured
[2026-08-26T15:11:47Z] [INFO] Capturando página: http://www.controlsanitario.gob.ec/solicitud-de-certificado-de-liberacion-de-lote-para-medicamentos-biologicos-que-cuentan-con-certificado-de-registro-sanitario/  |  section_path=['Servicios', 'Productos y servicios', 'Medicamentos biológicos']
[2026-08-26T15:11:49Z] [INFO] [N2] Guardado: C:\Users\jarri\Desktop\RagChatbot\chatbot\scraping\pages\servicios\productos-y-servicios\medicamentos-biologicos\solicitud-de-certificado-de-liberacion-de-lote-para-medicame-12a561ba.md  |  section_path=['Servicios', 'Productos y servicios', 'Medicamentos biológicos']  |  status=captured
[2026-08-26T15:11:50Z] [INFO] Capturando página: http://www.controlsanitario.gob.ec/solicitud-de-certificado-de-liberacion-de-lote-para-vacunas-y-hemoderivados/  |  section_path=['Servicios', 'Productos y servicios', 'Medicamentos biológicos']
[2026-08-26T15:11:52Z] [INFO] [N2] Guardado: C:\Users\jarri\Desktop\RagChatbot\chatbot\scraping\pages\servicios\productos-y-servicios\medicamentos-biologicos\solicitud-de-certificado-de-liberacion-de-lote-para-vacunas-bc28cefa.md  |  section_path=['Servicios', 'Productos y servicios', 'Medicamentos biológicos']  |  status=captured
[2026-08-26T15:11:54Z] [INFO] Capturando página: https://www.controlsanitario.gob.ec/inscripcion-de-registro-sanitario-de-medicamentos-homeopaticos-fabricacion-nacional-2/  |  section_path=['Servicios', 'Productos y servicios', 'Medicamentos homeopáticos']
[2026-08-26T15:11:56Z] [INFO] [N2] Guardado: C:\Users\jarri\Desktop\RagChatbot\chatbot\scraping\pages\servicios\productos-y-servicios\medicamentos-homeopaticos\inscripcion-de-notificacion-sanitaria-de-medicamentos-o-prod-c11d8fbb.md  |  section_path=['Servicios', 'Productos y servicios', 'Medicamentos homeopáticos']  |  status=captured
[2026-08-26T15:11:58Z] [INFO] Capturando página: http://www.controlsanitario.gob.ec/inscripcion-de-registro-sanitario-de-medicamentos-homeopacticos-fabricacion-extranjera/  |  section_path=['Servicios', 'Productos y servicios', 'Medicamentos homeopáticos']
[2026-08-26T15:12:00Z] [INFO] [N2] Guardado: C:\Users\jarri\Desktop\RagChatbot\chatbot\scraping\pages\servicios\productos-y-servicios\medicamentos-homeopaticos\inscripcion-de-registro-sanitario-de-medicamentos-homeopatic-b6abe8a3.md  |  section_path=['Servicios', 'Productos y servicios', 'Medicamentos homeopáticos']  |  status=captured
[2026-08-26T15:12:01Z] [INFO] Capturando página: http://www.controlsanitario.gob.ec/modificacion-de-registro-sanitario-de-medicamentos-homeopaticos-fabricacion-nacional/  |  section_path=['Servicios', 'Productos y servicios', 'Medicamentos homeopáticos']
[2026-08-26T15:12:03Z] [INFO] [N2] Guardado: C:\Users\jarri\Desktop\RagChatbot\chatbot\scraping\pages\servicios\productos-y-servicios\medicamentos-homeopaticos\modificacion-de-registro-sanitario-de-medicamentos-homeopati-fe45f737.md  |  section_path=['Servicios', 'Productos y servicios', 'Medicamentos homeopáticos']  |  status=captured
[2026-08-26T15:12:05Z] [INFO] Capturando página: http://www.controlsanitario.gob.ec/modificacion-de-registro-sanitario-de-medicamentos-homeopaticos-fabricacion-extranjera/  |  section_path=['Servicios', 'Productos y servicios', 'Medicamentos homeopáticos']
[2026-08-26T15:12:07Z] [INFO] [N2] Guardado: C:\Users\jarri\Desktop\RagChatbot\chatbot\scraping\pages\servicios\productos-y-servicios\medicamentos-homeopaticos\modificacion-de-notificacion-sanitaria-de-medicamentos-homeo-25875882.md  |  section_path=['Servicios', 'Productos y servicios', 'Medicamentos homeopáticos']  |  status=captured
[2026-08-26T15:12:09Z] [INFO] Capturando página: http://www.controlsanitario.gob.ec/reinscripcion-de-certificado-de-registro-sanitario-de-medicamentos-homeopaticos-fabricacion-nacional-y-extranjera/  |  section_path=['Servicios', 'Productos y servicios', 'Medicamentos homeopáticos']
[2026-08-26T15:12:11Z] [INFO] [N2] Guardado: C:\Users\jarri\Desktop\RagChatbot\chatbot\scraping\pages\servicios\productos-y-servicios\medicamentos-homeopaticos\reinscripcion-de-certificado-de-notificacion-sanitaria-de-me-35922374.md  |  section_path=['Servicios', 'Productos y servicios', 'Medicamentos homeopáticos']  |  status=captured
[2026-08-26T15:12:12Z] [INFO] Capturando página: http://www.controlsanitario.gob.ec/notificacion-de-publicidad-y-promocion-de-productos-sujetos-a-control-sanitario/  |  section_path=['Servicios', 'Productos y servicios', 'Medicamentos homeopáticos']
[2026-08-26T15:12:14Z] [WARNING] [N2] No se guardó Markdown para http://www.controlsanitario.gob.ec/notificacion-de-publicidad-y-promocion-de-productos-sujetos-a-control-sanitario/ (status=broken)
[2026-08-26T15:12:16Z] [INFO] Capturando página: http://www.controlsanitario.gob.ec/autorizacion-para-la-produccion-de-medicamentos-que-contengan-sustancias-catalogadas-sujetas-a-fiscalizacion/  |  section_path=['Servicios', 'Productos y servicios', 'PARA INGRESAR AL SISALEM PULSE AQUÍ']
[2026-08-26T15:12:18Z] [INFO] [N2] Guardado: C:\Users\jarri\Desktop\RagChatbot\chatbot\scraping\pages\servicios\productos-y-servicios\para-ingresar-al-sisalem-pulse-aqui\autorizacion-para-la-produccion-de-medicamentos-que-contenga-37f144f1.md  |  section_path=['Servicios', 'Productos y servicios', 'PARA INGRESAR AL SISALEM PULSE AQUÍ']  |  status=captured
[2026-08-26T15:12:19Z] [INFO] Capturando página: http://www.controlsanitario.gob.ec/calificacion-para-el-manejo-de-medicamentos-que-contengan-sustancias-catalogadas-sujetas-a-fiscalizacion/  |  section_path=['Servicios', 'Productos y servicios', 'PARA INGRESAR AL SISALEM PULSE AQUÍ']
[2026-08-26T15:12:21Z] [INFO] [N2] Guardado: C:\Users\jarri\Desktop\RagChatbot\chatbot\scraping\pages\servicios\productos-y-servicios\para-ingresar-al-sisalem-pulse-aqui\calificacion-para-el-manejo-de-medicamentos-que-contengan-su-10f8a2cb.md  |  section_path=['Servicios', 'Productos y servicios', 'PARA INGRESAR AL SISALEM PULSE AQUÍ']  |  status=captured
[2026-08-26T15:12:23Z] [INFO] Capturando página: http://www.controlsanitario.gob.ec/renovacion-del-cupo-de-la-sustancia-catalogada-sujeta-a-fiscalizacion-presente-en-el-medicamento/  |  section_path=['Servicios', 'Productos y servicios', 'PARA INGRESAR AL SISALEM PULSE AQUÍ']
[2026-08-26T15:12:25Z] [INFO] [N2] Guardado: C:\Users\jarri\Desktop\RagChatbot\chatbot\scraping\pages\servicios\productos-y-servicios\para-ingresar-al-sisalem-pulse-aqui\renovacion-de-calificacion-para-el-manejo-de-medicamentos-qu-0c8763af.md  |  section_path=['Servicios', 'Productos y servicios', 'PARA INGRESAR AL SISALEM PULSE AQUÍ']  |  status=captured
[2026-08-26T15:12:27Z] [INFO] Capturando página: http://www.controlsanitario.gob.ec/autorizacion-ocasional/  |  section_path=['Servicios', 'Productos y servicios', 'PARA INGRESAR AL SISALEM PULSE AQUÍ']
[2026-08-26T15:12:29Z] [INFO] [N2] Guardado: C:\Users\jarri\Desktop\RagChatbot\chatbot\scraping\pages\servicios\productos-y-servicios\para-ingresar-al-sisalem-pulse-aqui\autorizacion-ocasional-aad435ee.md  |  section_path=['Servicios', 'Productos y servicios', 'PARA INGRESAR AL SISALEM PULSE AQUÍ']  |  status=captured
[2026-08-26T15:12:30Z] [INFO] Capturando página: http://www.controlsanitario.gob.ec/autorizacion-para-importar-exportar-medicamentos-que-contengan-sustancias-catalogadas-sujetas-a-fiscalizacion/  |  section_path=['Servicios', 'Productos y servicios', 'PARA INGRESAR AL SISALEM PULSE AQUÍ']
[2026-08-26T15:12:33Z] [INFO] [N2] Guardado: C:\Users\jarri\Desktop\RagChatbot\chatbot\scraping\pages\servicios\productos-y-servicios\para-ingresar-al-sisalem-pulse-aqui\autorizacion-para-importar-exportar-medicamentos-que-conteng-40449b05.md  |  section_path=['Servicios', 'Productos y servicios', 'PARA INGRESAR AL SISALEM PULSE AQUÍ']  |  status=captured
[2026-08-26T15:12:34Z] [INFO] Capturando página: http://www.controlsanitario.gob.ec/actualizacion-o-correccion-de-datos/  |  section_path=['Servicios', 'Productos y servicios', 'PARA INGRESAR AL SISALEM PULSE AQUÍ']
[2026-08-26T15:12:36Z] [INFO] [N2] Guardado: C:\Users\jarri\Desktop\RagChatbot\chatbot\scraping\pages\servicios\productos-y-servicios\para-ingresar-al-sisalem-pulse-aqui\actualizacion-o-correccion-de-datos-2f8228a6.md  |  section_path=['Servicios', 'Productos y servicios', 'PARA INGRESAR AL SISALEM PULSE AQUÍ']  |  status=captured
[2026-08-26T15:12:38Z] [INFO] Capturando página: http://www.controlsanitario.gob.ec/anulacion-de-la-calificacion-para-el-manejo-de-medicamentos-que-contengan-sustancias-catalogadas-sujetas-a-fiscalizacion/  |  section_path=['Servicios', 'Productos y servicios', 'PARA INGRESAR AL SISALEM PULSE AQUÍ']
[2026-08-26T15:12:40Z] [INFO] [N2] Guardado: C:\Users\jarri\Desktop\RagChatbot\chatbot\scraping\pages\servicios\productos-y-servicios\para-ingresar-al-sisalem-pulse-aqui\anulacion-de-la-calificacion-para-el-manejo-de-medicamentos-6acee076.md  |  section_path=['Servicios', 'Productos y servicios', 'PARA INGRESAR AL SISALEM PULSE AQUÍ']  |  status=captured
[2026-08-26T15:12:41Z] [INFO] Capturando página: http://www.controlsanitario.gob.ec/autorizacion-para-la-inclusion-o-modificacion-de-la-actividad-para-el-manejo-de-medicamentos-que-contengan-sustancias-catalogadas-sujetas-a-fiscalizacion/  |  section_path=['Servicios', 'Productos y servicios', 'PARA INGRESAR AL SISALEM PULSE AQUÍ']
[2026-08-26T15:12:43Z] [INFO] [N2] Guardado: C:\Users\jarri\Desktop\RagChatbot\chatbot\scraping\pages\servicios\productos-y-servicios\para-ingresar-al-sisalem-pulse-aqui\autorizacion-para-la-inclusion-o-modificacion-de-la-activida-b555c0f1.md  |  section_path=['Servicios', 'Productos y servicios', 'PARA INGRESAR AL SISALEM PULSE AQUÍ']  |  status=captured
[2026-08-26T15:12:45Z] [INFO] Capturando página: http://www.controlsanitario.gob.ec/inclusion-de-sustancias-catalogadas-sujetas-a-fiscalizacion-presentes-en-medicamentos/  |  section_path=['Servicios', 'Productos y servicios', 'PARA INGRESAR AL SISALEM PULSE AQUÍ']
[2026-08-26T15:12:47Z] [INFO] [N2] Guardado: C:\Users\jarri\Desktop\RagChatbot\chatbot\scraping\pages\servicios\productos-y-servicios\para-ingresar-al-sisalem-pulse-aqui\inclusion-de-sustancias-catalogadas-sujetas-a-fiscalizacion-74cfa7bd.md  |  section_path=['Servicios', 'Productos y servicios', 'PARA INGRESAR AL SISALEM PULSE AQUÍ']  |  status=captured
[2026-08-26T15:12:48Z] [INFO] Capturando página: http://www.controlsanitario.gob.ec/autorizacion-para-donar-transferir-o-destruir-medicamentos-que-contengan-sustancias-catalogadas-sujetas-a-fiscalizacion/  |  section_path=['Servicios', 'Productos y servicios', 'PARA INGRESAR AL SISALEM PULSE AQUÍ']
[2026-08-26T15:12:51Z] [INFO] [N2] Guardado: C:\Users\jarri\Desktop\RagChatbot\chatbot\scraping\pages\servicios\productos-y-servicios\para-ingresar-al-sisalem-pulse-aqui\autorizacion-para-donar-transferir-o-destruir-medicamentos-q-9ae3bb70.md  |  section_path=['Servicios', 'Productos y servicios', 'PARA INGRESAR AL SISALEM PULSE AQUÍ']  |  status=captured
[2026-08-26T15:12:52Z] [INFO] Capturando página: http://www.controlsanitario.gob.ec/autorizacion-de-la-baja-de-inventario-de-medicamentos-que-contengan-sustancias-catalogadas-sujetas-a-fiscalizacion/  |  section_path=['Servicios', 'Productos y servicios', 'PARA INGRESAR AL SISALEM PULSE AQUÍ']
[2026-08-26T15:12:54Z] [INFO] [N2] Guardado: C:\Users\jarri\Desktop\RagChatbot\chatbot\scraping\pages\servicios\productos-y-servicios\para-ingresar-al-sisalem-pulse-aqui\autorizacion-de-la-baja-de-inventario-de-medicamentos-que-co-f59d4bd0.md  |  section_path=['Servicios', 'Productos y servicios', 'PARA INGRESAR AL SISALEM PULSE AQUÍ']  |  status=captured
[2026-08-26T15:12:56Z] [INFO] Capturando página: http://www.controlsanitario.gob.ec/reporte-del-manejo-de-medicamentos-que-contengan-sustancias-catalogadas-sujetas-a-fiscalizacion/  |  section_path=['Servicios', 'Productos y servicios', 'PARA INGRESAR AL SISALEM PULSE AQUÍ']
[2026-08-26T15:12:58Z] [INFO] [N2] Guardado: C:\Users\jarri\Desktop\RagChatbot\chatbot\scraping\pages\servicios\productos-y-servicios\para-ingresar-al-sisalem-pulse-aqui\reporte-del-manejo-de-medicamentos-que-contengan-sustancias-c6b46ee9.md  |  section_path=['Servicios', 'Productos y servicios', 'PARA INGRESAR AL SISALEM PULSE AQUÍ']  |  status=captured
[2026-08-26T15:12:59Z] [INFO] Capturando página: http://www.controlsanitario.gob.ec/solicitud-de-certificado-de-no-contener-sustancias-catalogadas-sujetas-a-fiscalizacion/  |  section_path=['Servicios', 'Productos y servicios', 'PARA INGRESAR AL SISALEM PULSE AQUÍ']
[2026-08-26T15:13:02Z] [INFO] [N2] Guardado: C:\Users\jarri\Desktop\RagChatbot\chatbot\scraping\pages\servicios\productos-y-servicios\para-ingresar-al-sisalem-pulse-aqui\solicitud-de-certificado-de-no-contener-sustancias-catalogad-166bb267.md  |  section_path=['Servicios', 'Productos y servicios', 'PARA INGRESAR AL SISALEM PULSE AQUÍ']  |  status=captured
[2026-08-26T15:13:03Z] [INFO] Capturando página: http://www.controlsanitario.gob.ec/ampliacion-del-cupo-de-la-sustancia-catalogada-sujeta-a-fiscalizacion-presente-en-el-medicamento-2/  |  section_path=['Servicios', 'Productos y servicios', 'PARA INGRESAR AL SISALEM PULSE AQUÍ']
[2026-08-26T15:13:05Z] [INFO] [N2] Guardado: C:\Users\jarri\Desktop\RagChatbot\chatbot\scraping\pages\servicios\productos-y-servicios\para-ingresar-al-sisalem-pulse-aqui\ampliacion-del-cupo-de-la-sustancia-catalogada-sujeta-a-fisc-e5042ac8.md  |  section_path=['Servicios', 'Productos y servicios', 'PARA INGRESAR AL SISALEM PULSE AQUÍ']  |  status=captured
[2026-08-26T15:13:07Z] [INFO] Capturando página: http://www.controlsanitario.gob.ec/inclusion-de-medicamentos-que-contengan-sustancias-catalogadas-sujetas-a-fiscalizacion/  |  section_path=['Servicios', 'Productos y servicios', 'PARA INGRESAR AL SISALEM PULSE AQUÍ']
[2026-08-26T15:13:09Z] [INFO] [N2] Guardado: C:\Users\jarri\Desktop\RagChatbot\chatbot\scraping\pages\servicios\productos-y-servicios\para-ingresar-al-sisalem-pulse-aqui\inclusion-de-medicamentos-que-contengan-sustancias-catalogad-e361662b.md  |  section_path=['Servicios', 'Productos y servicios', 'PARA INGRESAR AL SISALEM PULSE AQUÍ']  |  status=captured
[2026-08-26T15:13:10Z] [INFO] Capturando página: https://www.controlsanitario.gob.ec/importacion-de-derivados-de-cannabis-no-psicoactivo-o-canamo-que-seran-empleados-en-la-fabricacion-de-lotes-piloto-de-medicamentos-en-general/  |  section_path=['Servicios', 'Productos y servicios', 'PARA INGRESAR AL SISALEM PULSE AQUÍ']
[2026-08-26T15:13:12Z] [INFO] [N2] Guardado: C:\Users\jarri\Desktop\RagChatbot\chatbot\scraping\pages\servicios\productos-y-servicios\para-ingresar-al-sisalem-pulse-aqui\importacion-de-derivados-de-cannabis-no-psicoactivo-o-canamo-57626af2.md  |  section_path=['Servicios', 'Productos y servicios', 'PARA INGRESAR AL SISALEM PULSE AQUÍ']  |  status=captured
[2026-08-26T15:13:14Z] [INFO] Capturando página: http://aplicacionesmedicamentoscontrolados.controlsanitario.gob.ec/forms/frmservlet?config=sisalem  |  section_path=['Servicios', 'Productos y servicios', 'PARA INGRESAR AL SISALEM PULSE AQUÍ']
[2026-08-26T15:13:15Z] [WARNING] Contenido vacío detectado en http://aplicacionesmedicamentoscontrolados.controlsanitario.gob.ec/forms/frmservlet?config=sisalem (HTTP 200).
[2026-08-26T15:13:15Z] [INFO] [N2] Guardado: C:\Users\jarri\Desktop\RagChatbot\chatbot\scraping\pages\servicios\productos-y-servicios\para-ingresar-al-sisalem-pulse-aqui\arcsa-d3e4e331.md  |  section_path=['Servicios', 'Productos y servicios', 'PARA INGRESAR AL SISALEM PULSE AQUÍ']  |  status=empty_content
[2026-08-26T15:13:17Z] [INFO] Capturando página: http://www.controlsanitario.gob.ec/inscripcion-de-registro-sanitario-de-productos-naturales-de-uso-medicinal-fabricacion-nacional/  |  section_path=['Servicios', 'Productos y servicios', 'Productos naturales de uso medicinal']
[2026-08-26T15:13:19Z] [INFO] [N2] Guardado: C:\Users\jarri\Desktop\RagChatbot\chatbot\scraping\pages\servicios\productos-y-servicios\productos-naturales-de-uso-medicinal\inscripcion-de-registro-sanitario-de-productos-naturales-de-07a1c779.md  |  section_path=['Servicios', 'Productos y servicios', 'Productos naturales de uso medicinal']  |  status=captured
[2026-08-26T15:13:21Z] [INFO] Capturando página: http://www.controlsanitario.gob.ec/inscripcion-de-registro-sanitario-de-de-productos-naturales-de-uso-medicinal-fabricacion-extranjera/  |  section_path=['Servicios', 'Productos y servicios', 'Productos naturales de uso medicinal']
[2026-08-26T15:13:23Z] [INFO] [N2] Guardado: C:\Users\jarri\Desktop\RagChatbot\chatbot\scraping\pages\servicios\productos-y-servicios\productos-naturales-de-uso-medicinal\inscripcion-de-registro-sanitario-de-productos-naturales-de-a5ea65a2.md  |  section_path=['Servicios', 'Productos y servicios', 'Productos naturales de uso medicinal']  |  status=captured
[2026-08-26T15:13:25Z] [INFO] Capturando página: http://www.controlsanitario.gob.ec/modificacion-de-registro-sanitario-de-registro-sanitario-de-productos-naturales-de-uso-medicinal-fabricacion-nacional/  |  section_path=['Servicios', 'Productos y servicios', 'Productos naturales de uso medicinal']
[2026-08-26T15:13:27Z] [INFO] [N2] Guardado: C:\Users\jarri\Desktop\RagChatbot\chatbot\scraping\pages\servicios\productos-y-servicios\productos-naturales-de-uso-medicinal\modificacion-de-registro-sanitario-de-registro-sanitario-de-22f93b12.md  |  section_path=['Servicios', 'Productos y servicios', 'Productos naturales de uso medicinal']  |  status=captured
[2026-08-26T15:13:28Z] [INFO] Capturando página: http://www.controlsanitario.gob.ec/modificacion-de-registro-sanitario-de-registro-sanitario-de-productos-naturales-de-uso-medicinal-fabricacion-extranjera/  |  section_path=['Servicios', 'Productos y servicios', 'Productos naturales de uso medicinal']
[2026-08-26T15:13:30Z] [INFO] [N2] Guardado: C:\Users\jarri\Desktop\RagChatbot\chatbot\scraping\pages\servicios\productos-y-servicios\productos-naturales-de-uso-medicinal\modificacion-de-registro-sanitario-de-registro-sanitario-de-3b4491ad.md  |  section_path=['Servicios', 'Productos y servicios', 'Productos naturales de uso medicinal']  |  status=captured
[2026-08-26T15:13:32Z] [INFO] Capturando página: http://www.controlsanitario.gob.ec/reinscripcion-de-certificado-de-registro-sanitario-de-registro-sanitario-de-productos-naturales-de-uso-medicinal-fabricacion-nacional-y-extranjera/  |  section_path=['Servicios', 'Productos y servicios', 'Productos naturales de uso medicinal']
[2026-08-26T15:13:34Z] [INFO] [N2] Guardado: C:\Users\jarri\Desktop\RagChatbot\chatbot\scraping\pages\servicios\productos-y-servicios\productos-naturales-de-uso-medicinal\reinscripcion-de-certificado-de-registro-sanitario-de-produc-251ce3a7.md  |  section_path=['Servicios', 'Productos y servicios', 'Productos naturales de uso medicinal']  |  status=captured
[2026-08-26T15:13:35Z] [INFO] Capturando página: http://www.controlsanitario.gob.ec/solicitud-de-aprobacion-del-plan-gradual-de-bpm/  |  section_path=['Servicios', 'Productos y servicios', 'Productos naturales de uso medicinal']
[2026-08-26T15:13:38Z] [INFO] [N2] Guardado: C:\Users\jarri\Desktop\RagChatbot\chatbot\scraping\pages\servicios\productos-y-servicios\productos-naturales-de-uso-medicinal\solicitud-de-aprobacion-del-plan-gradual-de-bpm-productos-na-b4865517.md  |  section_path=['Servicios', 'Productos y servicios', 'Productos naturales de uso medicinal']  |  status=captured
[2026-08-26T15:13:39Z] [INFO] Capturando página: http://www.controlsanitario.gob.ec/plan-de-farmacovigilancia-para-productos-naturales-de-uso-medicinal/  |  section_path=['Servicios', 'Productos y servicios', 'Productos naturales de uso medicinal']
[2026-08-26T15:13:41Z] [INFO] [N2] Guardado: C:\Users\jarri\Desktop\RagChatbot\chatbot\scraping\pages\servicios\productos-y-servicios\productos-naturales-de-uso-medicinal\plan-de-farmacovigilancia-para-productos-naturales-de-uso-me-04320500.md  |  section_path=['Servicios', 'Productos y servicios', 'Productos naturales de uso medicinal']  |  status=captured
[2026-08-26T15:13:43Z] [INFO] Capturando página: http://www.controlsanitario.gob.ec/solicitud-de-aprobacion-del-protocolo-de-estudios-observacionales/  |  section_path=['Servicios', 'Productos y servicios', 'Productos naturales de uso medicinal']
[2026-08-26T15:13:45Z] [INFO] [N2] Guardado: C:\Users\jarri\Desktop\RagChatbot\chatbot\scraping\pages\servicios\productos-y-servicios\productos-naturales-de-uso-medicinal\solicitud-de-aprobacion-del-protocolo-de-estudios-observacio-7a39ba0c.md  |  section_path=['Servicios', 'Productos y servicios', 'Productos naturales de uso medicinal']  |  status=captured
[2026-08-26T15:13:46Z] [INFO] Capturando página: http://www.controlsanitario.gob.ec/notificacion-sanitaria-obligatoria-de-productos-cosmeticos/  |  section_path=['Servicios', 'Productos y servicios', 'Productos cosméticos']
[2026-08-26T15:13:48Z] [INFO] [N2] Guardado: C:\Users\jarri\Desktop\RagChatbot\chatbot\scraping\pages\servicios\productos-y-servicios\productos-cosmeticos\notificacion-sanitaria-obligatoria-de-productos-cosmeticos-6ed4718d.md  |  section_path=['Servicios', 'Productos y servicios', 'Productos cosméticos']  |  status=captured
[2026-08-26T15:13:50Z] [INFO] Capturando página: http://www.controlsanitario.gob.ec/cambios-notificacion-sanitaria-cosmeticos/  |  section_path=['Servicios', 'Productos y servicios', 'Productos cosméticos']
[2026-08-26T15:13:52Z] [INFO] [N2] Guardado: C:\Users\jarri\Desktop\RagChatbot\chatbot\scraping\pages\servicios\productos-y-servicios\productos-cosmeticos\informacion-de-cambios-de-notificacion-sanitaria-obligatoria-33026ddc.md  |  section_path=['Servicios', 'Productos y servicios', 'Productos cosméticos']  |  status=captured
[2026-08-26T15:13:54Z] [INFO] Capturando página: http://www.controlsanitario.gob.ec/notificacion-sanitaria-obligatoria-de-productos-cosmeticos-fabricacion-extranjera/  |  section_path=['Servicios', 'Productos y servicios', 'Productos cosméticos']
[2026-08-26T15:13:56Z] [INFO] [N2] Guardado: C:\Users\jarri\Desktop\RagChatbot\chatbot\scraping\pages\servicios\productos-y-servicios\productos-cosmeticos\notificacion-sanitaria-obligatoria-de-productos-cosmeticos-f-da2940bb.md  |  section_path=['Servicios', 'Productos y servicios', 'Productos cosméticos']  |  status=captured
[2026-08-26T15:13:58Z] [INFO] Capturando página: http://www.controlsanitario.gob.ec/reconocimiento-notificacion-cosmetico/  |  section_path=['Servicios', 'Productos y servicios', 'Productos cosméticos']
[2026-08-26T15:14:00Z] [INFO] [N2] Guardado: C:\Users\jarri\Desktop\RagChatbot\chatbot\scraping\pages\servicios\productos-y-servicios\productos-cosmeticos\requisitos-para-el-reconocimento-de-la-notificacion-sanitari-2ecd745d.md  |  section_path=['Servicios', 'Productos y servicios', 'Productos cosméticos']  |  status=captured
[2026-08-26T15:14:01Z] [INFO] Capturando página: http://www.controlsanitario.gob.ec/renovacion-de-productos-cosmeticos-fabricacion-nacional-y-extranjera/  |  section_path=['Servicios', 'Productos y servicios', 'Productos cosméticos']
[2026-08-26T15:14:04Z] [INFO] [N2] Guardado: C:\Users\jarri\Desktop\RagChatbot\chatbot\scraping\pages\servicios\productos-y-servicios\productos-cosmeticos\renovacion-del-codigo-de-la-notificacion-sanitaria-obligator-f5bb76c0.md  |  section_path=['Servicios', 'Productos y servicios', 'Productos cosméticos']  |  status=captured
[2026-08-26T15:14:05Z] [INFO] Capturando página: https://www.controlsanitario.gob.ec/copia-certificada-de-registro-sanitario-notificacion-sanitaria-notificacion-sanitaria-obligatoria/  |  section_path=['Servicios', 'Productos y servicios', 'Productos cosméticos']
[2026-08-26T15:14:07Z] [INFO] [N2] Guardado: C:\Users\jarri\Desktop\RagChatbot\chatbot\scraping\pages\servicios\productos-y-servicios\productos-cosmeticos\copia-certificada-de-registro-sanitario-notificacion-sanitar-639019ff.md  |  section_path=['Servicios', 'Productos y servicios', 'Productos cosméticos']  |  status=captured
[2026-08-26T15:14:09Z] [INFO] Capturando página: http://www.controlsanitario.gob.ec/requisitos-autorizacion-para-importacion-de-productos-cosmeticos-e-higienicos-sin-valor-comercial-con-fines-de-estudio-de-mercado/  |  section_path=['Servicios', 'Productos y servicios', 'Productos cosméticos']
[2026-08-26T15:14:11Z] [INFO] [N2] Guardado: C:\Users\jarri\Desktop\RagChatbot\chatbot\scraping\pages\servicios\productos-y-servicios\productos-cosmeticos\requisitos-autorizacion-para-importacion-de-productos-cosmet-c4433797.md  |  section_path=['Servicios', 'Productos y servicios', 'Productos cosméticos']  |  status=captured
[2026-08-26T15:14:12Z] [INFO] Capturando página: https://www.controlsanitario.gob.ec/certificado-de-constancia-para-poder-usar-el-codigo-de-identificacion-de-la-notificacion-sanitaria-obligatoria-de-productos-cosmeticos/  |  section_path=['Servicios', 'Productos y servicios', 'Productos cosméticos']
[2026-08-26T15:14:14Z] [INFO] [N2] Guardado: C:\Users\jarri\Desktop\RagChatbot\chatbot\scraping\pages\servicios\productos-y-servicios\productos-cosmeticos\certificado-de-constancia-para-poder-usar-el-codigo-de-ident-b53d8ed7.md  |  section_path=['Servicios', 'Productos y servicios', 'Productos cosméticos']  |  status=captured
[2026-08-26T15:14:16Z] [INFO] Capturando página: https://www.controlsanitario.gob.ec/?p=28121&preview=true  |  section_path=['Servicios', 'Productos y servicios', 'Productos higiénicos de uso doméstico y absorbentes de higiene personal']
[2026-08-26T15:14:18Z] [INFO] [N2] Guardado: C:\Users\jarri\Desktop\RagChatbot\chatbot\scraping\pages\servicios\productos-y-servicios\productos-higienicos-de-uso-domestico-y-absorbentes-de-higie\inscripcion-de-notificacion-sanitario-obligatoria-2c8bb6f4.md  |  section_path=['Servicios', 'Productos y servicios', 'Productos higiénicos de uso doméstico y absorbentes de higiene personal']  |  status=captured
[2026-08-26T15:14:20Z] [INFO] Capturando página: https://www.controlsanitario.gob.ec/reconocimiento-de-la-notificacion-sanitaria-obligatoria/  |  section_path=['Servicios', 'Productos y servicios', 'Productos higiénicos de uso doméstico y absorbentes de higiene personal']
[2026-08-26T15:14:22Z] [INFO] [N2] Guardado: C:\Users\jarri\Desktop\RagChatbot\chatbot\scraping\pages\servicios\productos-y-servicios\productos-higienicos-de-uso-domestico-y-absorbentes-de-higie\reconocimiento-de-la-notificacion-sanitaria-obligatoria-ba7e9e5c.md  |  section_path=['Servicios', 'Productos y servicios', 'Productos higiénicos de uso doméstico y absorbentes de higiene personal']  |  status=captured
[2026-08-26T15:14:24Z] [INFO] Capturando página: http://www.controlsanitario.gob.ec/informacion-de-cambios-de-notificacion-sanitaria-obligatoria/  |  section_path=['Servicios', 'Productos y servicios', 'Productos higiénicos de uso doméstico y absorbentes de higiene personal']
[2026-08-26T15:14:26Z] [INFO] [N2] Guardado: C:\Users\jarri\Desktop\RagChatbot\chatbot\scraping\pages\servicios\productos-y-servicios\productos-higienicos-de-uso-domestico-y-absorbentes-de-higie\informacion-de-cambios-de-notificacion-sanitaria-obligatoria-0e92485d.md  |  section_path=['Servicios', 'Productos y servicios', 'Productos higiénicos de uso doméstico y absorbentes de higiene personal']  |  status=captured
[2026-08-26T15:14:27Z] [INFO] Capturando página: https://www.controlsanitario.gob.ec/renovacion-del-codigo-de-la-notificacion-sanitaria-obligatoria-de-productos-higienicos-y-absorbentes-de-uso-personal/  |  section_path=['Servicios', 'Productos y servicios', 'Productos higiénicos de uso doméstico y absorbentes de higiene personal']
[2026-08-26T15:14:29Z] [INFO] [N2] Guardado: C:\Users\jarri\Desktop\RagChatbot\chatbot\scraping\pages\servicios\productos-y-servicios\productos-higienicos-de-uso-domestico-y-absorbentes-de-higie\renovacion-del-codigo-de-la-notificacion-sanitaria-obligator-7e3270a5.md  |  section_path=['Servicios', 'Productos y servicios', 'Productos higiénicos de uso doméstico y absorbentes de higiene personal']  |  status=captured
[2026-08-26T15:14:31Z] [INFO] Capturando página: http://www.controlsanitario.gob.ec/solicitud-autorizacion-importacion-de-muestras-sin-valor-comercial-con-fines-de-desarrollo-e-investigacion-pruebas-de-laboratorio-y-ensayos/  |  section_path=['Servicios', 'Productos y servicios', 'Productos higiénicos de uso doméstico y absorbentes de higiene personal']
[2026-08-26T15:14:32Z] [WARNING] [N2] No se guardó Markdown para http://www.controlsanitario.gob.ec/solicitud-autorizacion-importacion-de-muestras-sin-valor-comercial-con-fines-de-desarrollo-e-investigacion-pruebas-de-laboratorio-y-ensayos/ (status=broken)
[2026-08-26T15:14:34Z] [INFO] Capturando página: http://www.controlsanitario.gob.ec/registro-sanitario-obligatorio-de-productos-higienicos-de-uso-industrial-fabricacion-nacional/  |  section_path=['Servicios', 'Productos y servicios', 'Productos higiénicos de uso industrial']
[2026-08-26T15:14:37Z] [INFO] [N2] Guardado: C:\Users\jarri\Desktop\RagChatbot\chatbot\scraping\pages\servicios\productos-y-servicios\productos-higienicos-de-uso-industrial\inscripcion-de-la-notificacion-sanitaria-productos-higienico-165f85d8.md  |  section_path=['Servicios', 'Productos y servicios', 'Productos higiénicos de uso industrial']  |  status=captured
[2026-08-26T15:14:38Z] [INFO] Capturando página: https://www.controlsanitario.gob.ec/modificacion-de-la-notificacion-sanitaria-de-productos-higienicos-de-uso-industrial-de-fabricacion-nacional-y-extranjera/  |  section_path=['Servicios', 'Productos y servicios', 'Productos higiénicos de uso industrial']
[2026-08-26T15:14:40Z] [INFO] [N2] Guardado: C:\Users\jarri\Desktop\RagChatbot\chatbot\scraping\pages\servicios\productos-y-servicios\productos-higienicos-de-uso-industrial\modificacion-de-la-notificacion-sanitaria-de-productos-higie-8a190a0a.md  |  section_path=['Servicios', 'Productos y servicios', 'Productos higiénicos de uso industrial']  |  status=captured
[2026-08-26T15:14:42Z] [INFO] Capturando página: http://www.controlsanitario.gob.ec/reinscripcion-de-registro-sanitario-nacional-y-extranjero/  |  section_path=['Servicios', 'Productos y servicios', 'Productos higiénicos de uso industrial']
[2026-08-26T15:14:44Z] [INFO] [N2] Guardado: C:\Users\jarri\Desktop\RagChatbot\chatbot\scraping\pages\servicios\productos-y-servicios\productos-higienicos-de-uso-industrial\reinscripcion-de-la-notificacion-sanitaria-de-productos-higi-60ce6769.md  |  section_path=['Servicios', 'Productos y servicios', 'Productos higiénicos de uso industrial']  |  status=captured
[2026-08-26T15:14:46Z] [INFO] Capturando página: https://www.controlsanitario.gob.ec/evaluacion-de-informe-toxicologico-de-plaguicida-de-uso-agricola-como-requisito-previo-para-la-emision-del-registro-fitosanitario-otorgado-por-agrocalidad/  |  section_path=['Servicios', 'Productos y servicios', 'PLAGUICIDAS QUÍMICOS DE USO AGRÍCOLA (PQUA)']
[2026-08-26T15:14:48Z] [INFO] [N2] Guardado: C:\Users\jarri\Desktop\RagChatbot\chatbot\scraping\pages\servicios\productos-y-servicios\plaguicidas-quimicos-de-uso-agricola-pqua\como-hago-el-tramite-a342797b.md  |  section_path=['Servicios', 'Productos y servicios', 'PLAGUICIDAS QUÍMICOS DE USO AGRÍCOLA (PQUA)']  |  status=captured
[2026-08-26T15:14:50Z] [INFO] Capturando página: https://www.controlsanitario.gob.ec/cambio-de-categoria-toxicologica-de-un-plaguicida-quimico-de-uso-agricola-pqua/  |  section_path=['Servicios', 'Productos y servicios', 'PLAGUICIDAS QUÍMICOS DE USO AGRÍCOLA (PQUA)']
[2026-08-26T15:14:52Z] [INFO] [N2] Guardado: C:\Users\jarri\Desktop\RagChatbot\chatbot\scraping\pages\servicios\productos-y-servicios\plaguicidas-quimicos-de-uso-agricola-pqua\modificacion-del-informe-toxicologico-de-plaguicida-de-uso-a-ed002096.md  |  section_path=['Servicios', 'Productos y servicios', 'PLAGUICIDAS QUÍMICOS DE USO AGRÍCOLA (PQUA)']  |  status=captured
[2026-08-26T15:14:53Z] [INFO] Capturando página: http://www.controlsanitario.gob.ec/inscripcion-de-registro-sanitario-de-plaguicidas-de-uso-domestico-industrial-y-en-salud-publica-fabricacion-nacional/  |  section_path=['Servicios', 'Productos y servicios', 'Plaguicidas de uso doméstico, industrial y en salud pública']
[2026-08-26T15:14:56Z] [INFO] [N2] Guardado: C:\Users\jarri\Desktop\RagChatbot\chatbot\scraping\pages\servicios\productos-y-servicios\plaguicidas-de-uso-domestico-industrial-y-en-salud-publica\inscripcion-de-notificacion-sanitaria-de-plaguicidas-de-uso-1b71bf6b.md  |  section_path=['Servicios', 'Productos y servicios', 'Plaguicidas de uso doméstico, industrial y en salud pública']  |  status=captured
[2026-08-26T15:14:57Z] [INFO] Capturando página: http://www.controlsanitario.gob.ec/modificacion-de-registro-sanitario-de-plaguicidas-de-uso-domestico-industrial-y-en-salud-publica-fabricacion-nacional/  |  section_path=['Servicios', 'Productos y servicios', 'Plaguicidas de uso doméstico, industrial y en salud pública']
[2026-08-26T15:15:00Z] [INFO] [N2] Guardado: C:\Users\jarri\Desktop\RagChatbot\chatbot\scraping\pages\servicios\productos-y-servicios\plaguicidas-de-uso-domestico-industrial-y-en-salud-publica\modificacion-de-registro-sanitario-de-plaguicidas-de-uso-dom-75984fa8.md  |  section_path=['Servicios', 'Productos y servicios', 'Plaguicidas de uso doméstico, industrial y en salud pública']  |  status=captured
[2026-08-26T15:15:01Z] [INFO] Capturando página: http://www.controlsanitario.gob.ec/reinscripcion-de-registro-sanitario-de-plaguicidas-de-uso-domestico-industrial-y-en-salud-publica-fabricacion-nacional-y-extranjera/  |  section_path=['Servicios', 'Productos y servicios', 'Plaguicidas de uso doméstico, industrial y en salud pública']
[2026-08-26T15:15:03Z] [INFO] [N2] Guardado: C:\Users\jarri\Desktop\RagChatbot\chatbot\scraping\pages\servicios\productos-y-servicios\plaguicidas-de-uso-domestico-industrial-y-en-salud-publica\reinscripcion-de-registro-sanitario-de-plaguicidas-de-uso-do-f8044fb6.md  |  section_path=['Servicios', 'Productos y servicios', 'Plaguicidas de uso doméstico, industrial y en salud pública']  |  status=captured
[2026-08-26T15:15:05Z] [INFO] Capturando página: https://www.controlsanitario.gob.ec/pagos-con-tarjeta-de-credito-a-traves-de-la-pasarela-de-pagos-place-to-pay/  |  section_path=['Servicios', 'Productos y servicios']
[2026-08-26T15:15:07Z] [INFO] [N2] Guardado: C:\Users\jarri\Desktop\RagChatbot\chatbot\scraping\pages\servicios\productos-y-servicios\pagos-con-tarjeta-de-credito-a-traves-de-la-pasarela-de-pago-dc1a7e30.md  |  section_path=['Servicios', 'Productos y servicios']  |  status=captured
[2026-08-26T15:15:08Z] [INFO] Capturando página: https://www.controlsanitario.gob.ec/banco-del-pacifico/  |  section_path=['Servicios', 'Productos y servicios']
[2026-08-26T15:15:10Z] [INFO] [N2] Guardado: C:\Users\jarri\Desktop\RagChatbot\chatbot\scraping\pages\servicios\productos-y-servicios\banco-del-pacifico-7dc5fe31.md  |  section_path=['Servicios', 'Productos y servicios']  |  status=captured
[2026-08-26T15:15:12Z] [INFO] Capturando página: https://www.controlsanitario.gob.ec/produbanco/  |  section_path=['Servicios', 'Productos y servicios']
[2026-08-26T15:15:14Z] [INFO] [N2] Guardado: C:\Users\jarri\Desktop\RagChatbot\chatbot\scraping\pages\servicios\productos-y-servicios\banco-de-la-produccion-s-a-produbanco-servipago-pago-agil-539c14e0.md  |  section_path=['Servicios', 'Productos y servicios']  |  status=captured
[2026-08-26T15:15:16Z] [INFO] Capturando página: https://www.controlsanitario.gob.ec/banco-bolivariano-c-a/  |  section_path=['Servicios', 'Productos y servicios']
[2026-08-26T15:15:18Z] [INFO] [N2] Guardado: C:\Users\jarri\Desktop\RagChatbot\chatbot\scraping\pages\servicios\productos-y-servicios\sat-c20b7bca.md  |  section_path=['Servicios', 'Productos y servicios']  |  status=captured
[2026-08-26T15:15:19Z] [INFO] Capturando página: https://nube.controlsanitario.gob.ec/index.php/s/pTBwchU682SZgVU  |  section_path=['Servicios', 'Establecimientos']
[2026-08-26T15:15:25Z] [INFO] [N2] Guardado: C:\Users\jarri\Desktop\RagChatbot\chatbot\scraping\pages\servicios\establecimientos\files-f6aaae42.md  |  section_path=['Servicios', 'Establecimientos']  |  status=captured
[2026-08-26T15:15:27Z] [INFO] Capturando página: https://www.controlsanitario.gob.ec/certificados-y-capacitaciones-arcsa/816%209698 2515  |  section_path=['Servicios', 'Establecimientos', 'FECHA']
[2026-08-26T15:15:29Z] [WARNING] [N2] No se guardó Markdown para https://www.controlsanitario.gob.ec/certificados-y-capacitaciones-arcsa/816%209698 2515 (status=broken)
[2026-08-26T15:15:30Z] [INFO] Capturando página: https://nubecz.controlsanitario.gob.ec/index.php/s/C7HZMyjtsMxw49O  |  section_path=['Servicios', 'Establecimientos', 'FECHA']
[2026-08-26T15:15:33Z] [INFO] [N2] Guardado: C:\Users\jarri\Desktop\RagChatbot\chatbot\scraping\pages\servicios\establecimientos\fecha\files-099bfd2a.md  |  section_path=['Servicios', 'Establecimientos', 'FECHA']  |  status=captured
[2026-08-26T15:15:35Z] [INFO] Capturando página: https://nubecz.controlsanitario.gob.ec/index.php/s/QQlhJDYxaZTMqf6  |  section_path=['Servicios', 'Establecimientos', 'FECHA']
[2026-08-26T15:15:36Z] [INFO] [N2] Guardado: C:\Users\jarri\Desktop\RagChatbot\chatbot\scraping\pages\servicios\establecimientos\fecha\files-a492b35d.md  |  section_path=['Servicios', 'Establecimientos', 'FECHA']  |  status=captured
[2026-08-26T15:15:38Z] [INFO] Capturando página: https://www.controlsanitario.gob.ec  |  section_path=['Servicios', 'Establecimientos', 'FECHA']
[2026-08-26T15:15:40Z] [INFO] [N2] Guardado: C:\Users\jarri\Desktop\RagChatbot\chatbot\scraping\pages\servicios\establecimientos\fecha\agencia-nacional-de-regulacion-control-y-vigilancia-sanitari-589d169f.md  |  section_path=['Servicios', 'Establecimientos', 'FECHA']  |  status=captured
[2026-08-26T15:15:42Z] [INFO] Capturando página: http://www.controlsanitario.gob.ec/plantas-procesadoras-de-alimentos/  |  section_path=['Servicios', 'Establecimientos', 'Certificados de Buenas Prácticas']
[2026-08-26T15:15:44Z] [INFO] [N2] Guardado: C:\Users\jarri\Desktop\RagChatbot\chatbot\scraping\pages\servicios\establecimientos\certificados-de-buenas-practicas\plantas-procesadoras-de-alimentos-4ff20ebb.md  |  section_path=['Servicios', 'Establecimientos', 'Certificados de Buenas Prácticas']  |  status=captured
[2026-08-26T15:15:45Z] [INFO] Capturando página: https://www.controlsanitario.gob.ec/laboratorios-farmaceuticos/  |  section_path=['Servicios', 'Establecimientos', 'Certificados de Buenas Prácticas']
[2026-08-26T15:15:47Z] [INFO] [N2] Guardado: C:\Users\jarri\Desktop\RagChatbot\chatbot\scraping\pages\servicios\establecimientos\certificados-de-buenas-practicas\laboratorios-farmaceuticos-de-productos-naturales-procesados-c112e53b.md  |  section_path=['Servicios', 'Establecimientos', 'Certificados de Buenas Prácticas']  |  status=captured
[2026-08-26T15:15:49Z] [INFO] Capturando página: https://www.controlsanitario.gob.ec/certificado-de-buenas-practicas-de-manufactura-para-productos-cosmeticos-productos-de-higiene-domestica-productos-absorbentes-de-higiene-personal/  |  section_path=['Servicios', 'Establecimientos', 'Certificados de Buenas Prácticas']
[2026-08-26T15:15:51Z] [INFO] [N2] Guardado: C:\Users\jarri\Desktop\RagChatbot\chatbot\scraping\pages\servicios\establecimientos\certificados-de-buenas-practicas\definicion-81184f2b.md  |  section_path=['Servicios', 'Establecimientos', 'Certificados de Buenas Prácticas']  |  status=captured
[2026-08-26T15:15:52Z] [INFO] Capturando página: http://www.controlsanitario.gob.ec/expendio-de-alimentos-bares-escolares/  |  section_path=['Servicios', 'Establecimientos', 'Certificado de Manipulación de Alimentos']
[2026-08-26T15:15:55Z] [INFO] [N2] Guardado: C:\Users\jarri\Desktop\RagChatbot\chatbot\scraping\pages\servicios\establecimientos\certificado-de-manipulacion-de-alimentos\prestadores-del-servicio-de-expendio-de-alimentos-y-bebidas-63f1ec32.md  |  section_path=['Servicios', 'Establecimientos', 'Certificado de Manipulación de Alimentos']  |  status=captured
[2026-08-26T15:15:56Z] [INFO] Capturando página: http://www.controlsanitario.gob.ec/emision-de-permisos-de-funcionamiento/  |  section_path=['Servicios', 'Establecimientos', 'Permisos de Funcionamiento']
[2026-08-26T15:15:58Z] [INFO] [N2] Guardado: C:\Users\jarri\Desktop\RagChatbot\chatbot\scraping\pages\servicios\establecimientos\permisos-de-funcionamiento\emision-de-permisos-de-funcionamiento-c30fb10a.md  |  section_path=['Servicios', 'Establecimientos', 'Permisos de Funcionamiento']  |  status=captured
[2026-08-26T15:16:00Z] [INFO] Capturando página: http://www.controlsanitario.gob.ec/solicitud-de-actualizacion-de-datos-en-permiso-de-funcionamiento/  |  section_path=['Servicios', 'Establecimientos', 'Permisos de Funcionamiento']
[2026-08-26T15:16:02Z] [INFO] [N2] Guardado: C:\Users\jarri\Desktop\RagChatbot\chatbot\scraping\pages\servicios\establecimientos\permisos-de-funcionamiento\solicitud-de-actualizacion-de-datos-en-permiso-de-funcionami-03f52626.md  |  section_path=['Servicios', 'Establecimientos', 'Permisos de Funcionamiento']  |  status=captured
[2026-08-26T15:16:03Z] [INFO] Capturando página: http://www.controlsanitario.gob.ec/solicitud-de-consultas-tecnicas-en-permiso-de-funcionamiento/  |  section_path=['Servicios', 'Establecimientos', 'Permisos de Funcionamiento']
[2026-08-26T15:16:05Z] [INFO] [N2] Guardado: C:\Users\jarri\Desktop\RagChatbot\chatbot\scraping\pages\servicios\establecimientos\permisos-de-funcionamiento\solicitud-de-consultas-tecnicas-en-permiso-de-funcionamiento-d74c5a60.md  |  section_path=['Servicios', 'Establecimientos', 'Permisos de Funcionamiento']  |  status=captured
[2026-08-26T15:16:07Z] [INFO] Capturando página: http://www.controlsanitario.gob.ec/solicitud-de-anulacion-de-permiso-de-funcionamiento/  |  section_path=['Servicios', 'Establecimientos', 'Permisos de Funcionamiento']
[2026-08-26T15:16:09Z] [INFO] [N2] Guardado: C:\Users\jarri\Desktop\RagChatbot\chatbot\scraping\pages\servicios\establecimientos\permisos-de-funcionamiento\solicitud-de-cancelacion-de-permiso-de-funcionamiento-ab11db73.md  |  section_path=['Servicios', 'Establecimientos', 'Permisos de Funcionamiento']  |  status=captured
[2026-08-26T15:16:10Z] [INFO] Capturando página: http://www.controlsanitario.gob.ec/registro-de-responsables-tecnicos-de-farmacias-y-botiqunes/  |  section_path=['Servicios', 'Establecimientos', 'Permisos de Funcionamiento']
[2026-08-26T15:16:12Z] [INFO] [N2] Guardado: C:\Users\jarri\Desktop\RagChatbot\chatbot\scraping\pages\servicios\establecimientos\permisos-de-funcionamiento\registro-de-responsables-tecnicos-de-establecimientos-farmac-ba083d78.md  |  section_path=['Servicios', 'Establecimientos', 'Permisos de Funcionamiento']  |  status=captured
[2026-08-26T15:16:14Z] [INFO] Capturando página: http://www.controlsanitario.gob.ec/cambio-de-responsable-tecnico-por-el-representante-legal/  |  section_path=['Servicios', 'Establecimientos', 'Permisos de Funcionamiento']
[2026-08-26T15:16:16Z] [INFO] [N2] Guardado: C:\Users\jarri\Desktop\RagChatbot\chatbot\scraping\pages\servicios\establecimientos\permisos-de-funcionamiento\cambio-de-responsable-tecnico-por-el-representante-legal-de-73c7886b.md  |  section_path=['Servicios', 'Establecimientos', 'Permisos de Funcionamiento']  |  status=captured
[2026-08-26T15:16:18Z] [INFO] Capturando página: http://www.controlsanitario.gob.ec/solicitud-para-renuncia-o-cese-de-actividades-de-responsable-tecnico-farmaceuticas/  |  section_path=['Servicios', 'Establecimientos', 'Permisos de Funcionamiento']
[2026-08-26T15:16:20Z] [INFO] [N2] Guardado: C:\Users\jarri\Desktop\RagChatbot\chatbot\scraping\pages\servicios\establecimientos\permisos-de-funcionamiento\solicitud-para-renuncia-o-cese-de-actividades-de-responsable-fc7a3518.md  |  section_path=['Servicios', 'Establecimientos', 'Permisos de Funcionamiento']  |  status=captured
[2026-08-26T15:16:21Z] [INFO] Capturando página: http://www.controlsanitario.gob.ec/solicitud-de-autorizacion-de-destruccion-de-recetas/  |  section_path=['Servicios', 'Establecimientos', 'Permisos de Funcionamiento']
[2026-08-26T15:16:23Z] [INFO] [N2] Guardado: C:\Users\jarri\Desktop\RagChatbot\chatbot\scraping\pages\servicios\establecimientos\permisos-de-funcionamiento\solicitud-de-autorizacion-de-destruccion-de-recetas-9100fc9a.md  |  section_path=['Servicios', 'Establecimientos', 'Permisos de Funcionamiento']  |  status=captured
[2026-08-26T15:16:25Z] [INFO] Capturando página: https://www.controlsanitario.gob.ec/resoluciones-canceladas/  |  section_path=['Servicios', 'Establecimientos', 'Resoluciones']
[2026-08-26T15:16:27Z] [INFO] [N2] Guardado: C:\Users\jarri\Desktop\RagChatbot\chatbot\scraping\pages\servicios\establecimientos\resoluciones\resoluciones-canceladas-48f2d8e8.md  |  section_path=['Servicios', 'Establecimientos', 'Resoluciones']  |  status=captured
[2026-08-26T15:16:29Z] [INFO] Capturando página: https://www.controlsanitario.gob.ec/resoluciones-suspendidos/  |  section_path=['Servicios', 'Establecimientos', 'Resoluciones']
[2026-08-26T15:16:31Z] [INFO] [N2] Guardado: C:\Users\jarri\Desktop\RagChatbot\chatbot\scraping\pages\servicios\establecimientos\resoluciones\resoluciones-suspendidos-4ecf3d47.md  |  section_path=['Servicios', 'Establecimientos', 'Resoluciones']  |  status=captured
[2026-08-26T15:16:33Z] [INFO] Capturando página: https://www.controlsanitario.gob.ec/comite-de-expertos-arcsa/  |  section_path=['Servicios', 'Otros servicios', 'Expertos Externos']
[2026-08-26T15:16:36Z] [INFO] [N2] Guardado: C:\Users\jarri\Desktop\RagChatbot\chatbot\scraping\pages\servicios\otros-servicios\expertos-externos\comite-de-expertos-arcsa-d7a85e0d.md  |  section_path=['Servicios', 'Otros servicios', 'Expertos Externos']  |  status=captured
[2026-08-26T15:16:37Z] [INFO] Capturando página: https://www.controlsanitario.gob.ec/rendicion-de-cuentas-arcsa-2025/  |  section_path=['Servicios', 'Otros servicios', 'RENDICIÓN DE CUENTAS ARCSA']
[2026-08-26T15:16:41Z] [INFO] [N2] Guardado: C:\Users\jarri\Desktop\RagChatbot\chatbot\scraping\pages\servicios\otros-servicios\rendicion-de-cuentas-arcsa\rendicion-de-cuentas-arcsa-2025-924e4226.md  |  section_path=['Servicios', 'Otros servicios', 'RENDICIÓN DE CUENTAS ARCSA']  |  status=captured
[2026-08-26T15:16:42Z] [INFO] Capturando página: https://www.controlsanitario.gob.ec/rendicion-de-cuentas-arcsa-2024/  |  section_path=['Servicios', 'Otros servicios', 'RENDICIÓN DE CUENTAS ARCSA']
[2026-08-26T15:16:46Z] [INFO] [N2] Guardado: C:\Users\jarri\Desktop\RagChatbot\chatbot\scraping\pages\servicios\otros-servicios\rendicion-de-cuentas-arcsa\rendicion-de-cuentas-arcsa-2024-fc6a9d96.md  |  section_path=['Servicios', 'Otros servicios', 'RENDICIÓN DE CUENTAS ARCSA']  |  status=captured
[2026-08-26T15:16:47Z] [INFO] Capturando página: https://www.controlsanitario.gob.ec/proceso-de-rendicion-de-cuentas-2023/  |  section_path=['Servicios', 'Otros servicios', 'RENDICIÓN DE CUENTAS ARCSA']
[2026-08-26T15:16:51Z] [INFO] [N2] Guardado: C:\Users\jarri\Desktop\RagChatbot\chatbot\scraping\pages\servicios\otros-servicios\rendicion-de-cuentas-arcsa\proceso-de-rendicion-de-cuentas-2023-388f6fd2.md  |  section_path=['Servicios', 'Otros servicios', 'RENDICIÓN DE CUENTAS ARCSA']  |  status=captured
[2026-08-26T15:16:52Z] [INFO] Capturando página: https://www.controlsanitario.gob.ec/proceso-de-rendicion-de-cuentas-2022/  |  section_path=['Servicios', 'Otros servicios', 'RENDICIÓN DE CUENTAS ARCSA']
[2026-08-26T15:16:55Z] [INFO] [N2] Guardado: C:\Users\jarri\Desktop\RagChatbot\chatbot\scraping\pages\servicios\otros-servicios\rendicion-de-cuentas-arcsa\proceso-de-rendicion-de-cuentas-2022-52b4159f.md  |  section_path=['Servicios', 'Otros servicios', 'RENDICIÓN DE CUENTAS ARCSA']  |  status=captured
[2026-08-26T15:16:56Z] [INFO] Capturando página: https://www.controlsanitario.gob.ec/rendicion-de-cuentas-2021/  |  section_path=['Servicios', 'Otros servicios', 'RENDICIÓN DE CUENTAS ARCSA']
[2026-08-26T15:16:59Z] [INFO] [N2] Guardado: C:\Users\jarri\Desktop\RagChatbot\chatbot\scraping\pages\servicios\otros-servicios\rendicion-de-cuentas-arcsa\proceso-de-rendicion-de-cuentas-2021-0f557a3f.md  |  section_path=['Servicios', 'Otros servicios', 'RENDICIÓN DE CUENTAS ARCSA']  |  status=captured
[2026-08-26T15:17:01Z] [INFO] Capturando página: https://www.controlsanitario.gob.ec/proceso-de-rendicion-de-cuentas-2020/  |  section_path=['Servicios', 'Otros servicios', 'RENDICIÓN DE CUENTAS ARCSA']
[2026-08-26T15:17:03Z] [INFO] [N2] Guardado: C:\Users\jarri\Desktop\RagChatbot\chatbot\scraping\pages\servicios\otros-servicios\rendicion-de-cuentas-arcsa\proceso-de-rendicion-de-cuentas-2020-f8bc6aa3.md  |  section_path=['Servicios', 'Otros servicios', 'RENDICIÓN DE CUENTAS ARCSA']  |  status=captured
[2026-08-26T15:17:04Z] [INFO] Capturando página: https://www.controlsanitario.gob.ec/proceso-de-rendicion-de-cuentas-arcsa-2019/  |  section_path=['Servicios', 'Otros servicios', 'RENDICIÓN DE CUENTAS ARCSA']
[2026-08-26T15:17:08Z] [INFO] [N2] Guardado: C:\Users\jarri\Desktop\RagChatbot\chatbot\scraping\pages\servicios\otros-servicios\rendicion-de-cuentas-arcsa\proceso-de-rendicion-de-cuentas-arcsa-2019-d191eefe.md  |  section_path=['Servicios', 'Otros servicios', 'RENDICIÓN DE CUENTAS ARCSA']  |  status=captured
[2026-08-26T15:17:09Z] [INFO] Capturando página: https://www.controlsanitario.gob.ec/proceso-de-rendicion-de-cuentas-arcsa-2018/  |  section_path=['Servicios', 'Otros servicios', 'RENDICIÓN DE CUENTAS ARCSA']
[2026-08-26T15:17:11Z] [INFO] [N2] Guardado: C:\Users\jarri\Desktop\RagChatbot\chatbot\scraping\pages\servicios\otros-servicios\rendicion-de-cuentas-arcsa\proceso-de-rendicion-de-cuentas-arcsa-2018-9c8480ca.md  |  section_path=['Servicios', 'Otros servicios', 'RENDICIÓN DE CUENTAS ARCSA']  |  status=captured
[2026-08-26T15:17:13Z] [INFO] Capturando página: https://www.controlsanitario.gob.ec/24573-2/  |  section_path=['Servicios', 'Otros servicios', 'RENDICIÓN DE CUENTAS ARCSA']
[2026-08-26T15:17:17Z] [INFO] [N2] Guardado: C:\Users\jarri\Desktop\RagChatbot\chatbot\scraping\pages\servicios\otros-servicios\rendicion-de-cuentas-arcsa\proceso-de-rendicion-de-cuentas-arcsa-2017-planta-central-1e140d95.md  |  section_path=['Servicios', 'Otros servicios', 'RENDICIÓN DE CUENTAS ARCSA']  |  status=captured
[2026-08-26T15:17:18Z] [INFO] Capturando página: https://www.controlsanitario.gob.ec/proceso-de-rendicion-de-cuentas-arcsa-2016/  |  section_path=['Servicios', 'Otros servicios', 'RENDICIÓN DE CUENTAS ARCSA']
[2026-08-26T15:17:20Z] [INFO] [N2] Guardado: C:\Users\jarri\Desktop\RagChatbot\chatbot\scraping\pages\servicios\otros-servicios\rendicion-de-cuentas-arcsa\proceso-de-rendicion-de-cuentas-arcsa-2016-f9ec0d2c.md  |  section_path=['Servicios', 'Otros servicios', 'RENDICIÓN DE CUENTAS ARCSA']  |  status=captured
[2026-08-26T15:17:22Z] [INFO] Capturando página: https://www.controlsanitario.gob.ec/rendicion-de-cuentas-2015/  |  section_path=['Servicios', 'Otros servicios', 'RENDICIÓN DE CUENTAS ARCSA']
[2026-08-26T15:17:24Z] [INFO] [N2] Guardado: C:\Users\jarri\Desktop\RagChatbot\chatbot\scraping\pages\servicios\otros-servicios\rendicion-de-cuentas-arcsa\rendicion-de-cuentas-2015-a3dba9ca.md  |  section_path=['Servicios', 'Otros servicios', 'RENDICIÓN DE CUENTAS ARCSA']  |  status=captured
[2026-08-26T15:17:25Z] [INFO] Capturando página: https://www.controlsanitario.gob.ec/rendicion-de-cuentas2014/  |  section_path=['Servicios', 'Otros servicios', 'RENDICIÓN DE CUENTAS ARCSA']
[2026-08-26T15:17:27Z] [INFO] [N2] Guardado: C:\Users\jarri\Desktop\RagChatbot\chatbot\scraping\pages\servicios\otros-servicios\rendicion-de-cuentas-arcsa\rendicion-de-cuentas-2014-4668a8dd.md  |  section_path=['Servicios', 'Otros servicios', 'RENDICIÓN DE CUENTAS ARCSA']  |  status=captured
[2026-08-26T15:17:27Z] [INFO] === NIVEL 2 completo: 153 página(s) NUEVA(S) para el nivel 3 ===
[2026-08-26T15:17:27Z] [INFO] === NIVEL 3: 153 página(s) nueva(s) por procesar ===
[2026-08-26T15:17:29Z] [INFO] Capturando página: http://www.controlsanitario.gob.ec/representantes-tecnicos-de-plantas-procesadoras-de-alimentos/  |  section_path=['Servicios', 'Productos y servicios', 'Alimentos procesados', 'Obtención de Notificación Sanitaria de Alimentos Procesados (Fabricación Nacional)']
[2026-08-26T15:17:31Z] [WARNING] Ruta de sección demasiado larga (242 caracteres); guardando en carpeta plana de respaldo: C:\Users\jarri\Desktop\RagChatbot\chatbot\scraping\pages\_rutas_largas\representantes-tecnicos-de-plantas-procesadoras-de-alimentos-24221055.md
[2026-08-26T15:17:31Z] [INFO] [N3] Guardado: C:\Users\jarri\Desktop\RagChatbot\chatbot\scraping\pages\_rutas_largas\representantes-tecnicos-de-plantas-procesadoras-de-alimentos-24221055.md  |  section_path=['Servicios', 'Productos y servicios', 'Alimentos procesados', 'Obtención de Notificación Sanitaria de Alimentos Procesados (Fabricación Nacional)']  |  status=captured
[2026-08-26T15:17:32Z] [INFO] Capturando página: http://www.controlsanitario.gob.ec/registro-de-buenas-practicas-para-alimentos-procesados/  |  section_path=['Servicios', 'Productos y servicios', 'Alimentos procesados', 'Obtención de Notificación Sanitaria de Alimentos Procesados (Fabricación Nacional)']
[2026-08-26T15:17:35Z] [WARNING] Ruta de sección demasiado larga (242 caracteres); guardando en carpeta plana de respaldo: C:\Users\jarri\Desktop\RagChatbot\chatbot\scraping\pages\_rutas_largas\procedimiento-para-el-registro-del-certificacion-de-buenas-p-3fc35238.md
[2026-08-26T15:17:35Z] [INFO] [N3] Guardado: C:\Users\jarri\Desktop\RagChatbot\chatbot\scraping\pages\_rutas_largas\procedimiento-para-el-registro-del-certificacion-de-buenas-p-3fc35238.md  |  section_path=['Servicios', 'Productos y servicios', 'Alimentos procesados', 'Obtención de Notificación Sanitaria de Alimentos Procesados (Fabricación Nacional)']  |  status=captured
[2026-08-26T15:17:36Z] [INFO] Capturando página: http://www.controlsanitario.gob.ec/practicas-correctas-de-higiene-pch/  |  section_path=['Servicios', 'Productos y servicios', 'Alimentos procesados', 'Obtención de Notificación Sanitaria de Alimentos Procesados (Fabricación Nacional)']
[2026-08-26T15:17:38Z] [INFO] [N3] Guardado: C:\Users\jarri\Desktop\RagChatbot\chatbot\scraping\pages\servicios\productos-y-servicios\alimentos-procesados\obtencion-de-notificacion-sanitaria-de-alimentos-procesados\practicas-correctas-de-higiene-pch-5acda169.md  |  section_path=['Servicios', 'Productos y servicios', 'Alimentos procesados', 'Obtención de Notificación Sanitaria de Alimentos Procesados (Fabricación Nacional)']  |  status=captured
[2026-08-26T15:17:40Z] [INFO] Capturando página: https://www.controlsanitario.gob.ec/tasas-de-servicios/  |  section_path=['Servicios', 'Productos y servicios', 'Alimentos procesados', 'Inscripción de Alimentos Procesados por Línea Certificada en Buenas Prácticas de Manufactura-BPM']
[2026-08-26T15:17:42Z] [WARNING] [N3] No se guardó Markdown para https://www.controlsanitario.gob.ec/tasas-de-servicios/ (status=broken)
[2026-08-26T15:17:44Z] [INFO] Capturando página: https://www.controlsanitario.gob.ec/base-de-datos/  |  section_path=['Servicios', 'Productos y servicios', 'ENSAYOS CLÍNICOS', 'Inscripción o renovación de la inscripción de las Organizaciones de Investigación por Contrato (OIC) en el “registro nacional de organizaciones de investigación por contrato” de la Arcsa']
[2026-08-26T15:17:46Z] [INFO] [N3] Guardado: C:\Users\jarri\Desktop\RagChatbot\chatbot\scraping\pages\servicios\productos-y-servicios\ensayos-clinicos\inscripcion-o-renovacion-de-la-inscripcion-de-las-organizaci\base-de-registros-emitidos-c62c2214.md  |  section_path=['Servicios', 'Productos y servicios', 'ENSAYOS CLÍNICOS', 'Inscripción o renovación de la inscripción de las Organizaciones de Investigación por Contrato (OIC) en el “registro nacional de organizaciones de investigación por contrato” de la Arcsa']  |  status=captured
[2026-08-26T15:17:48Z] [INFO] Capturando página: http://archie.controlsanitario.gob.ec/#/  |  section_path=['Servicios', 'Productos y servicios', 'PARA INGRESAR AL SISALEM PULSE AQUÍ', 'RENOVACIÓN DE CALIFICACIÓN PARA EL MANEJO DE MEDICAMENTOS QUE CONTENGAN SUSTANCIAS CATALOGADAS SUJETAS A FISCALIZACIÓN']
[2026-08-26T15:17:48Z] [WARNING] Error de Playwright navegando a http://archie.controlsanitario.gob.ec/#/: Page.goto: net::ERR_NAME_NOT_RESOLVED at http://archie.controlsanitario.gob.ec/#/
Call log:
  - navigating to "http://archie.controlsanitario.gob.ec/#/", waiting until "domcontentloaded"
 (intento 1/3)
[2026-08-26T15:17:48Z] [WARNING] Error de Playwright navegando a http://archie.controlsanitario.gob.ec/#/: Page.goto: net::ERR_NAME_NOT_RESOLVED at http://archie.controlsanitario.gob.ec/#/
Call log:
  - navigating to "http://archie.controlsanitario.gob.ec/#/", waiting until "domcontentloaded"
 (intento 2/3)
[2026-08-26T15:17:48Z] [WARNING] Error de Playwright navegando a http://archie.controlsanitario.gob.ec/#/: Page.goto: net::ERR_NAME_NOT_RESOLVED at http://archie.controlsanitario.gob.ec/#/
Call log:
  - navigating to "http://archie.controlsanitario.gob.ec/#/", waiting until "domcontentloaded"
 (intento 3/3)
[2026-08-26T15:17:48Z] [WARNING] [N3] No se guardó Markdown para http://archie.controlsanitario.gob.ec/#/ (status=broken)
[2026-08-26T15:17:49Z] [INFO] Capturando página: http://www.controlsanitario.gob.ec/ingreso-al-sistema-sisalem/  |  section_path=['Servicios', 'Productos y servicios', 'PARA INGRESAR AL SISALEM PULSE AQUÍ', 'RENOVACIÓN DE CALIFICACIÓN PARA EL MANEJO DE MEDICAMENTOS QUE CONTENGAN SUSTANCIAS CATALOGADAS SUJETAS A FISCALIZACIÓN']
[2026-08-26T15:17:52Z] [INFO] [N3] Guardado: C:\Users\jarri\Desktop\RagChatbot\chatbot\scraping\pages\servicios\productos-y-servicios\para-ingresar-al-sisalem-pulse-aqui\renovacion-de-calificacion-para-el-manejo-de-medicamentos-qu\ingreso-al-sistema-sisalem-8bc3eff7.md  |  section_path=['Servicios', 'Productos y servicios', 'PARA INGRESAR AL SISALEM PULSE AQUÍ', 'RENOVACIÓN DE CALIFICACIÓN PARA EL MANEJO DE MEDICAMENTOS QUE CONTENGAN SUSTANCIAS CATALOGADAS SUJETAS A FISCALIZACIÓN']  |  status=captured
[2026-08-26T15:17:53Z] [INFO] Capturando página: http://www.controlsanitario.gob.ec/normativa-vigente/  |  section_path=['Servicios', 'Productos y servicios', 'PARA INGRESAR AL SISALEM PULSE AQUÍ', 'AUTORIZACIÓN PARA LA INCLUSIÓN O MODIFICACIÓN DE LA ACTIVIDAD PARA EL MANEJO DE MEDICAMENTOS QUE CONTENGAN SUSTANCIAS CATALOGADAS SUJETAS A FISCALIZACIÓN']
[2026-08-26T15:17:55Z] [WARNING] [N3] No se guardó Markdown para http://www.controlsanitario.gob.ec/normativa-vigente/ (status=broken)
[2026-08-26T15:17:57Z] [INFO] Capturando página: https://nube.controlsanitario.gob.ec/index.php/s/pTBwchU682SZgVU/download?path=%2F&files=Calificate%20con%20Arcsa_paso%20a%20paso.pdf  |  section_path=['Servicios', 'Establecimientos', 'Files']
[2026-08-26T15:18:01Z] [WARNING] Error de Playwright navegando a https://nube.controlsanitario.gob.ec/index.php/s/pTBwchU682SZgVU/download?path=%2F&files=Calificate%20con%20Arcsa_paso%20a%20paso.pdf: Page.goto: Download is starting
Call log:
  - navigating to "https://nube.controlsanitario.gob.ec/index.php/s/pTBwchU682SZgVU/download?path=%2F&files=Calificate%20con%20Arcsa_paso%20a%20paso.pdf", waiting until "domcontentloaded"
 (intento 1/3)
[2026-08-26T15:18:04Z] [WARNING] Error de Playwright navegando a https://nube.controlsanitario.gob.ec/index.php/s/pTBwchU682SZgVU/download?path=%2F&files=Calificate%20con%20Arcsa_paso%20a%20paso.pdf: Page.goto: Download is starting
Call log:
  - navigating to "https://nube.controlsanitario.gob.ec/index.php/s/pTBwchU682SZgVU/download?path=%2F&files=Calificate%20con%20Arcsa_paso%20a%20paso.pdf", waiting until "domcontentloaded"
 (intento 2/3)
[2026-08-26T15:18:06Z] [WARNING] Error de Playwright navegando a https://nube.controlsanitario.gob.ec/index.php/s/pTBwchU682SZgVU/download?path=%2F&files=Calificate%20con%20Arcsa_paso%20a%20paso.pdf: Page.goto: Download is starting
Call log:
  - navigating to "https://nube.controlsanitario.gob.ec/index.php/s/pTBwchU682SZgVU/download?path=%2F&files=Calificate%20con%20Arcsa_paso%20a%20paso.pdf", waiting until "domcontentloaded"
 (intento 3/3)
[2026-08-26T15:18:06Z] [WARNING] [N3] No se guardó Markdown para https://nube.controlsanitario.gob.ec/index.php/s/pTBwchU682SZgVU/download?path=%2F&files=Calificate%20con%20Arcsa_paso%20a%20paso.pdf (status=broken)
[2026-08-26T15:18:07Z] [INFO] Capturando página: https://www.controlsanitario.gob.ec/www.controlsanitario.gob.ec  |  section_path=['Servicios', 'Establecimientos', 'FECHA', 'Agencia Nacional de Regulación, Control  y Vigilancia Sanitaria – Regulación de medicamentos, alimentos procesados, cosméticos y vigilancia sanitaria en establecimientos sujetos a control.']
[2026-08-26T15:18:09Z] [WARNING] [N3] No se guardó Markdown para https://www.controlsanitario.gob.ec/www.controlsanitario.gob.ec (status=broken)
[2026-08-26T15:18:11Z] [INFO] Capturando página: https://www.controlsanitario.gob.ec/base-de-datos-de-lotes-de-productos-analizados-por-arcsa/  |  section_path=['Servicios', 'Establecimientos', 'FECHA', 'Agencia Nacional de Regulación, Control  y Vigilancia Sanitaria – Regulación de medicamentos, alimentos procesados, cosméticos y vigilancia sanitaria en establecimientos sujetos a control.']
[2026-08-26T15:18:13Z] [INFO] [N3] Guardado: C:\Users\jarri\Desktop\RagChatbot\chatbot\scraping\pages\servicios\establecimientos\fecha\agencia-nacional-de-regulacion-control-y-vigilancia-sanitari\sin-titulo-propio-11a92a56.md  |  section_path=['Servicios', 'Establecimientos', 'FECHA', 'Agencia Nacional de Regulación, Control  y Vigilancia Sanitaria – Regulación de medicamentos, alimentos procesados, cosméticos y vigilancia sanitaria en establecimientos sujetos a control.']  |  status=captured
[2026-08-26T15:18:15Z] [INFO] Capturando página: https://www.controlsanitario.gob.ec/tecnovigilancia-farmacovigilancia/  |  section_path=['Servicios', 'Establecimientos', 'FECHA', 'Agencia Nacional de Regulación, Control  y Vigilancia Sanitaria – Regulación de medicamentos, alimentos procesados, cosméticos y vigilancia sanitaria en establecimientos sujetos a control.']
[2026-08-26T15:18:17Z] [INFO] [N3] Guardado: C:\Users\jarri\Desktop\RagChatbot\chatbot\scraping\pages\servicios\establecimientos\fecha\agencia-nacional-de-regulacion-control-y-vigilancia-sanitari\sin-titulo-propio-b119bcdd.md  |  section_path=['Servicios', 'Establecimientos', 'FECHA', 'Agencia Nacional de Regulación, Control  y Vigilancia Sanitaria – Regulación de medicamentos, alimentos procesados, cosméticos y vigilancia sanitaria en establecimientos sujetos a control.']  |  status=captured
[2026-08-26T15:18:18Z] [INFO] Capturando página: https://www.controlsanitario.gob.ec/alertas-sanitarias-reportes-de-seguridad-notas-informativas/  |  section_path=['Servicios', 'Establecimientos', 'FECHA', 'Agencia Nacional de Regulación, Control  y Vigilancia Sanitaria – Regulación de medicamentos, alimentos procesados, cosméticos y vigilancia sanitaria en establecimientos sujetos a control.']
[2026-08-26T15:18:20Z] [INFO] [N3] Guardado: C:\Users\jarri\Desktop\RagChatbot\chatbot\scraping\pages\servicios\establecimientos\fecha\agencia-nacional-de-regulacion-control-y-vigilancia-sanitari\alertas-sanitarias-reportes-de-seguridad-notas-informativas-e608d6ff.md  |  section_path=['Servicios', 'Establecimientos', 'FECHA', 'Agencia Nacional de Regulación, Control  y Vigilancia Sanitaria – Regulación de medicamentos, alimentos procesados, cosméticos y vigilancia sanitaria en establecimientos sujetos a control.']  |  status=captured
[2026-08-26T15:18:22Z] [INFO] Capturando página: https://www.controlsanitario.gob.ec/riesgos-de-productos-denuncia-sugerencias/  |  section_path=['Servicios', 'Establecimientos', 'FECHA', 'Agencia Nacional de Regulación, Control  y Vigilancia Sanitaria – Regulación de medicamentos, alimentos procesados, cosméticos y vigilancia sanitaria en establecimientos sujetos a control.']
[2026-08-26T15:18:24Z] [INFO] [N3] Guardado: C:\Users\jarri\Desktop\RagChatbot\chatbot\scraping\pages\servicios\establecimientos\fecha\agencia-nacional-de-regulacion-control-y-vigilancia-sanitari\riesgos-de-productos-de21a4ed.md  |  section_path=['Servicios', 'Establecimientos', 'FECHA', 'Agencia Nacional de Regulación, Control  y Vigilancia Sanitaria – Regulación de medicamentos, alimentos procesados, cosméticos y vigilancia sanitaria en establecimientos sujetos a control.']  |  status=captured
[2026-08-26T15:18:25Z] [INFO] Capturando página: https://www.controlsanitario.gob.ec/informe-resumen-de-empresas-certificadas/  |  section_path=['Servicios', 'Establecimientos', 'FECHA', 'Agencia Nacional de Regulación, Control  y Vigilancia Sanitaria – Regulación de medicamentos, alimentos procesados, cosméticos y vigilancia sanitaria en establecimientos sujetos a control.']
[2026-08-26T15:18:28Z] [INFO] [N3] Guardado: C:\Users\jarri\Desktop\RagChatbot\chatbot\scraping\pages\servicios\establecimientos\fecha\agencia-nacional-de-regulacion-control-y-vigilancia-sanitari\ano-2025-e67477a6.md  |  section_path=['Servicios', 'Establecimientos', 'FECHA', 'Agencia Nacional de Regulación, Control  y Vigilancia Sanitaria – Regulación de medicamentos, alimentos procesados, cosméticos y vigilancia sanitaria en establecimientos sujetos a control.']  |  status=captured
[2026-08-26T15:18:29Z] [INFO] Capturando página: http://www.controlsanitario.gob.ec/matriz-de-proyectos-de-normativa-consulta-publica/  |  section_path=['Servicios', 'Establecimientos', 'FECHA', 'Agencia Nacional de Regulación, Control  y Vigilancia Sanitaria – Regulación de medicamentos, alimentos procesados, cosméticos y vigilancia sanitaria en establecimientos sujetos a control.']
[2026-08-26T15:18:32Z] [INFO] [N3] Guardado: C:\Users\jarri\Desktop\RagChatbot\chatbot\scraping\pages\servicios\establecimientos\fecha\agencia-nacional-de-regulacion-control-y-vigilancia-sanitari\consulta-publica-a3e755dc.md  |  section_path=['Servicios', 'Establecimientos', 'FECHA', 'Agencia Nacional de Regulación, Control  y Vigilancia Sanitaria – Regulación de medicamentos, alimentos procesados, cosméticos y vigilancia sanitaria en establecimientos sujetos a control.']  |  status=captured
[2026-08-26T15:18:33Z] [INFO] Capturando página: https://www.controlsanitario.gob.ec/notificacion-por-robo-de-productos-bayer/  |  section_path=['Servicios', 'Establecimientos', 'FECHA', 'Agencia Nacional de Regulación, Control  y Vigilancia Sanitaria – Regulación de medicamentos, alimentos procesados, cosméticos y vigilancia sanitaria en establecimientos sujetos a control.']
[2026-08-26T15:18:36Z] [INFO] [N3] Guardado: C:\Users\jarri\Desktop\RagChatbot\chatbot\scraping\pages\servicios\establecimientos\fecha\agencia-nacional-de-regulacion-control-y-vigilancia-sanitari\notificacion-por-robo-de-productos-de-uso-y-consumo-humano-0a55cae5.md  |  section_path=['Servicios', 'Establecimientos', 'FECHA', 'Agencia Nacional de Regulación, Control  y Vigilancia Sanitaria – Regulación de medicamentos, alimentos procesados, cosméticos y vigilancia sanitaria en establecimientos sujetos a control.']  |  status=captured
[2026-08-26T15:18:37Z] [INFO] Capturando página: https://www.controlsanitario.gob.ec/formatos-convenios-de-pagos-coactivas/  |  section_path=['Servicios', 'Establecimientos', 'FECHA', 'Agencia Nacional de Regulación, Control  y Vigilancia Sanitaria – Regulación de medicamentos, alimentos procesados, cosméticos y vigilancia sanitaria en establecimientos sujetos a control.']
[2026-08-26T15:18:39Z] [INFO] [N3] Guardado: C:\Users\jarri\Desktop\RagChatbot\chatbot\scraping\pages\servicios\establecimientos\fecha\agencia-nacional-de-regulacion-control-y-vigilancia-sanitari\formatos-convenios-de-pagos-coactivas-aee4270c.md  |  section_path=['Servicios', 'Establecimientos', 'FECHA', 'Agencia Nacional de Regulación, Control  y Vigilancia Sanitaria – Regulación de medicamentos, alimentos procesados, cosméticos y vigilancia sanitaria en establecimientos sujetos a control.']  |  status=captured
[2026-08-26T15:18:41Z] [INFO] Capturando página: https://www.controlsanitario.gob.ec/resolucion-comex-0017/  |  section_path=['Servicios', 'Establecimientos', 'FECHA', 'Agencia Nacional de Regulación, Control  y Vigilancia Sanitaria – Regulación de medicamentos, alimentos procesados, cosméticos y vigilancia sanitaria en establecimientos sujetos a control.']
[2026-08-26T15:18:43Z] [INFO] [N3] Guardado: C:\Users\jarri\Desktop\RagChatbot\chatbot\scraping\pages\servicios\establecimientos\fecha\agencia-nacional-de-regulacion-control-y-vigilancia-sanitari\sin-titulo-propio-dd23a0e2.md  |  section_path=['Servicios', 'Establecimientos', 'FECHA', 'Agencia Nacional de Regulación, Control  y Vigilancia Sanitaria – Regulación de medicamentos, alimentos procesados, cosméticos y vigilancia sanitaria en establecimientos sujetos a control.']  |  status=captured
[2026-08-26T15:18:44Z] [INFO] Capturando página: https://www.controlsanitario.gob.ec/politica-datos-personales/  |  section_path=['Servicios', 'Establecimientos', 'FECHA', 'Agencia Nacional de Regulación, Control  y Vigilancia Sanitaria – Regulación de medicamentos, alimentos procesados, cosméticos y vigilancia sanitaria en establecimientos sujetos a control.']
[2026-08-26T15:18:46Z] [INFO] [N3] Guardado: C:\Users\jarri\Desktop\RagChatbot\chatbot\scraping\pages\servicios\establecimientos\fecha\agencia-nacional-de-regulacion-control-y-vigilancia-sanitari\politica-para-el-tratamiento-de-datos-personales-f5f6f4a1.md  |  section_path=['Servicios', 'Establecimientos', 'FECHA', 'Agencia Nacional de Regulación, Control  y Vigilancia Sanitaria – Regulación de medicamentos, alimentos procesados, cosméticos y vigilancia sanitaria en establecimientos sujetos a control.']  |  status=captured
[2026-08-26T15:18:48Z] [INFO] Capturando página: https://www.controlsanitario.gob.ec/34803-2/  |  section_path=['Servicios', 'Establecimientos', 'FECHA', 'Agencia Nacional de Regulación, Control  y Vigilancia Sanitaria – Regulación de medicamentos, alimentos procesados, cosméticos y vigilancia sanitaria en establecimientos sujetos a control.']
[2026-08-26T15:18:49Z] [INFO] [N3] Guardado: C:\Users\jarri\Desktop\RagChatbot\chatbot\scraping\pages\servicios\establecimientos\fecha\agencia-nacional-de-regulacion-control-y-vigilancia-sanitari\sin-titulo-propio-b2e412fd.md  |  section_path=['Servicios', 'Establecimientos', 'FECHA', 'Agencia Nacional de Regulación, Control  y Vigilancia Sanitaria – Regulación de medicamentos, alimentos procesados, cosméticos y vigilancia sanitaria en establecimientos sujetos a control.']  |  status=captured
[2026-08-26T15:18:51Z] [INFO] Capturando página: http://www.controlsanitario.gob.ec/procedimiento-para-la-homologacion-de-certificados-de-buenas-practicas-de-manufactura-u-uno-rigurosamente-superior/  |  section_path=['Servicios', 'Establecimientos', 'Certificados de Buenas Prácticas', 'Plantas Procesadoras de Alimentos']
[2026-08-26T15:18:53Z] [INFO] [N3] Guardado: C:\Users\jarri\Desktop\RagChatbot\chatbot\scraping\pages\servicios\establecimientos\certificados-de-buenas-practicas\plantas-procesadoras-de-alimentos\procedimiento-para-la-homologacion-de-certificados-de-buenas-180c1f0d.md  |  section_path=['Servicios', 'Establecimientos', 'Certificados de Buenas Prácticas', 'Plantas Procesadoras de Alimentos']  |  status=captured
[2026-08-26T15:18:54Z] [INFO] Capturando página: http://www.controlsanitario.gob.ec/homologacion-del-certificado-bpm-de-alimentos-o-uno-rigurosamente-superior-plantas-procesadoras-extranjeras/  |  section_path=['Servicios', 'Establecimientos', 'Certificados de Buenas Prácticas', 'Plantas Procesadoras de Alimentos']
[2026-08-26T15:18:56Z] [INFO] [N3] Guardado: C:\Users\jarri\Desktop\RagChatbot\chatbot\scraping\pages\servicios\establecimientos\certificados-de-buenas-practicas\plantas-procesadoras-de-alimentos\homologacion-del-certificado-bpm-de-alimentos-o-uno-rigurosa-8acc95fd.md  |  section_path=['Servicios', 'Establecimientos', 'Certificados de Buenas Prácticas', 'Plantas Procesadoras de Alimentos']  |  status=captured
[2026-08-26T15:18:58Z] [INFO] Capturando página: http://www.controlsanitario.gob.ec/solicitud-de-registro-de-los-organismos-de-inspeccion-acreditados-con-fines-de-certificacion-de-bpm-para-plantas-procesadoras-de-alimentos/  |  section_path=['Servicios', 'Establecimientos', 'Certificados de Buenas Prácticas', 'Plantas Procesadoras de Alimentos']
[2026-08-26T15:19:00Z] [INFO] [N3] Guardado: C:\Users\jarri\Desktop\RagChatbot\chatbot\scraping\pages\servicios\establecimientos\certificados-de-buenas-practicas\plantas-procesadoras-de-alimentos\solicitud-de-registro-de-los-organismos-de-inspeccion-acredi-c95f272a.md  |  section_path=['Servicios', 'Establecimientos', 'Certificados de Buenas Prácticas', 'Plantas Procesadoras de Alimentos']  |  status=captured
[2026-08-26T15:19:01Z] [INFO] Capturando página: https://www.controlsanitario.gob.ec/certificado-de-buenas-practicas-de-manufactura-para-laboratorios-farmaceuticos-para-gases-medicinales/  |  section_path=['Servicios', 'Establecimientos', 'Certificados de Buenas Prácticas', 'Laboratorios Farmacéuticos de Productos Naturales Procesados de Uso Medicinal']
[2026-08-26T15:19:04Z] [WARNING] Ruta de sección demasiado larga (250 caracteres); guardando en carpeta plana de respaldo: C:\Users\jarri\Desktop\RagChatbot\chatbot\scraping\pages\_rutas_largas\certificado-de-buenas-practicas-de-manufactura-para-laborato-5050f397.md
[2026-08-26T15:19:04Z] [INFO] [N3] Guardado: C:\Users\jarri\Desktop\RagChatbot\chatbot\scraping\pages\_rutas_largas\certificado-de-buenas-practicas-de-manufactura-para-laborato-5050f397.md  |  section_path=['Servicios', 'Establecimientos', 'Certificados de Buenas Prácticas', 'Laboratorios Farmacéuticos de Productos Naturales Procesados de Uso Medicinal']  |  status=captured
[2026-08-26T15:19:05Z] [INFO] Capturando página: https://www.controlsanitario.gob.ec/certificado-de-buenas-practicas-de-manufactura-para-laboratorios-farmaceuticos-nacionales-de-medicamentos/  |  section_path=['Servicios', 'Establecimientos', 'Certificados de Buenas Prácticas', 'Laboratorios Farmacéuticos de Productos Naturales Procesados de Uso Medicinal']
[2026-08-26T15:19:07Z] [WARNING] Ruta de sección demasiado larga (250 caracteres); guardando en carpeta plana de respaldo: C:\Users\jarri\Desktop\RagChatbot\chatbot\scraping\pages\_rutas_largas\inclusion-de-forma-farmaceutica-a-una-area-de-produccion-cer-66cd63de.md
[2026-08-26T15:19:07Z] [INFO] [N3] Guardado: C:\Users\jarri\Desktop\RagChatbot\chatbot\scraping\pages\_rutas_largas\inclusion-de-forma-farmaceutica-a-una-area-de-produccion-cer-66cd63de.md  |  section_path=['Servicios', 'Establecimientos', 'Certificados de Buenas Prácticas', 'Laboratorios Farmacéuticos de Productos Naturales Procesados de Uso Medicinal']  |  status=captured
[2026-08-26T15:19:09Z] [INFO] Capturando página: https://www.controlsanitario.gob.ec/certificado-de-buenas-practicas-de-manufactura-bpm-de-laboratorios-farmaceuticos-de-productos-naturales-procesados-de-uso-medicinal/  |  section_path=['Servicios', 'Establecimientos', 'Certificados de Buenas Prácticas', 'Laboratorios Farmacéuticos de Productos Naturales Procesados de Uso Medicinal']
[2026-08-26T15:19:11Z] [WARNING] Ruta de sección demasiado larga (250 caracteres); guardando en carpeta plana de respaldo: C:\Users\jarri\Desktop\RagChatbot\chatbot\scraping\pages\_rutas_largas\certificado-de-buenas-practicas-de-manufactura-bpm-de-labora-e8ea7d60.md
[2026-08-26T15:19:11Z] [INFO] [N3] Guardado: C:\Users\jarri\Desktop\RagChatbot\chatbot\scraping\pages\_rutas_largas\certificado-de-buenas-practicas-de-manufactura-bpm-de-labora-e8ea7d60.md  |  section_path=['Servicios', 'Establecimientos', 'Certificados de Buenas Prácticas', 'Laboratorios Farmacéuticos de Productos Naturales Procesados de Uso Medicinal']  |  status=captured
[2026-08-26T15:19:12Z] [INFO] Capturando página: https://www.controlsanitario.gob.ec/certificado-de-buenas-practicas-de-manufactura-bpm-de-laboratorios-farmaceuticos-de-medicamentos-homeopaticos/  |  section_path=['Servicios', 'Establecimientos', 'Certificados de Buenas Prácticas', 'Laboratorios Farmacéuticos de Productos Naturales Procesados de Uso Medicinal']
[2026-08-26T15:19:14Z] [WARNING] Ruta de sección demasiado larga (250 caracteres); guardando en carpeta plana de respaldo: C:\Users\jarri\Desktop\RagChatbot\chatbot\scraping\pages\_rutas_largas\certificado-de-buenas-practicas-de-manufactura-bpm-de-labora-992eb5be.md
[2026-08-26T15:19:14Z] [INFO] [N3] Guardado: C:\Users\jarri\Desktop\RagChatbot\chatbot\scraping\pages\_rutas_largas\certificado-de-buenas-practicas-de-manufactura-bpm-de-labora-992eb5be.md  |  section_path=['Servicios', 'Establecimientos', 'Certificados de Buenas Prácticas', 'Laboratorios Farmacéuticos de Productos Naturales Procesados de Uso Medicinal']  |  status=captured
[2026-08-26T15:19:16Z] [INFO] Capturando página: https://www.controlsanitario.gob.ec/proceso-para-el-registro-del-certificado-de-bpm-extranjero/  |  section_path=['Servicios', 'Establecimientos', 'Certificados de Buenas Prácticas', 'Laboratorios Farmacéuticos de Productos Naturales Procesados de Uso Medicinal']
[2026-08-26T15:19:18Z] [WARNING] Ruta de sección demasiado larga (248 caracteres); guardando en carpeta plana de respaldo: C:\Users\jarri\Desktop\RagChatbot\chatbot\scraping\pages\_rutas_largas\proceso-para-el-registro-del-certificado-de-bpm-extranjero-f7a98ab9.md
[2026-08-26T15:19:18Z] [INFO] [N3] Guardado: C:\Users\jarri\Desktop\RagChatbot\chatbot\scraping\pages\_rutas_largas\proceso-para-el-registro-del-certificado-de-bpm-extranjero-f7a98ab9.md  |  section_path=['Servicios', 'Establecimientos', 'Certificados de Buenas Prácticas', 'Laboratorios Farmacéuticos de Productos Naturales Procesados de Uso Medicinal']  |  status=captured
[2026-08-26T15:19:20Z] [INFO] Capturando página: https://www.controlsanitario.gob.ec/proceso-para-la-obtencion-de-la-certificacion-de-buenas-practicas-de-manufactura-para-laboratorios-farmaceuticos-extranjeros/  |  section_path=['Servicios', 'Establecimientos', 'Certificados de Buenas Prácticas', 'Laboratorios Farmacéuticos de Productos Naturales Procesados de Uso Medicinal']
[2026-08-26T15:19:22Z] [INFO] [N3] Guardado: C:\Users\jarri\Desktop\RagChatbot\chatbot\scraping\pages\servicios\establecimientos\certificados-de-buenas-practicas\laboratorios-farmaceuticos-de-productos-naturales-procesados\definicion-2a580c00.md  |  section_path=['Servicios', 'Establecimientos', 'Certificados de Buenas Prácticas', 'Laboratorios Farmacéuticos de Productos Naturales Procesados de Uso Medicinal']  |  status=captured
[2026-08-26T15:19:24Z] [INFO] Capturando página: http://www.controlsanitario.gob.ec/certificado-de-buenas-practicas-de-almacenamiento-distribucion-y-transporte-de-establecimientos-farmaceuticos/  |  section_path=['Servicios', 'Establecimientos', 'Certificados de Buenas Prácticas', 'Laboratorios Farmacéuticos de Productos Naturales Procesados de Uso Medicinal']
[2026-08-26T15:19:26Z] [INFO] [N3] Guardado: C:\Users\jarri\Desktop\RagChatbot\chatbot\scraping\pages\servicios\establecimientos\certificados-de-buenas-practicas\laboratorios-farmaceuticos-de-productos-naturales-procesados\definicion-5bb79484.md  |  section_path=['Servicios', 'Establecimientos', 'Certificados de Buenas Prácticas', 'Laboratorios Farmacéuticos de Productos Naturales Procesados de Uso Medicinal']  |  status=captured
[2026-08-26T15:19:28Z] [INFO] Capturando página: https://www.controlsanitario.gob.ec/registro-del-certificado-de-buenas-practicas-de-almacenamiento-distribucion-y-o-transporte-emitido-por-un-organismo-de-inspeccion-acreditado-u-organismo-de-evaluacion-de-la-conformidad/  |  section_path=['Servicios', 'Establecimientos', 'Certificados de Buenas Prácticas', 'Laboratorios Farmacéuticos de Productos Naturales Procesados de Uso Medicinal']
[2026-08-26T15:19:30Z] [WARNING] Ruta de sección demasiado larga (250 caracteres); guardando en carpeta plana de respaldo: C:\Users\jarri\Desktop\RagChatbot\chatbot\scraping\pages\_rutas_largas\registro-del-certificado-de-buenas-practicas-de-almacenamien-2530df59.md
[2026-08-26T15:19:30Z] [INFO] [N3] Guardado: C:\Users\jarri\Desktop\RagChatbot\chatbot\scraping\pages\_rutas_largas\registro-del-certificado-de-buenas-practicas-de-almacenamien-2530df59.md  |  section_path=['Servicios', 'Establecimientos', 'Certificados de Buenas Prácticas', 'Laboratorios Farmacéuticos de Productos Naturales Procesados de Uso Medicinal']  |  status=captured
[2026-08-26T15:19:31Z] [INFO] Capturando página: https://www.controlsanitario.gob.ec/procesos-de-notificacion-de-contratacion-de-servicios-de-almacenamiento-distribucion-y-o-transporte-ncsadt-para-establecimientos-farmaceuticos-y-establecimientos-de-dispositivos-medicos/  |  section_path=['Servicios', 'Establecimientos', 'Certificados de Buenas Prácticas', 'Laboratorios Farmacéuticos de Productos Naturales Procesados de Uso Medicinal']
[2026-08-26T15:19:33Z] [WARNING] Ruta de sección demasiado larga (250 caracteres); guardando en carpeta plana de respaldo: C:\Users\jarri\Desktop\RagChatbot\chatbot\scraping\pages\_rutas_largas\de-la-contratacion-o-tercerizacion-del-servicio-de-almacenam-0bc492e7.md
[2026-08-26T15:19:33Z] [INFO] [N3] Guardado: C:\Users\jarri\Desktop\RagChatbot\chatbot\scraping\pages\_rutas_largas\de-la-contratacion-o-tercerizacion-del-servicio-de-almacenam-0bc492e7.md  |  section_path=['Servicios', 'Establecimientos', 'Certificados de Buenas Prácticas', 'Laboratorios Farmacéuticos de Productos Naturales Procesados de Uso Medicinal']  |  status=captured
[2026-08-26T15:19:35Z] [INFO] Capturando página: https://www.controlsanitario.gob.ec/39497-2/  |  section_path=['Servicios', 'Establecimientos', 'Certificados de Buenas Prácticas', 'Laboratorios Farmacéuticos de Productos Naturales Procesados de Uso Medicinal']
[2026-08-26T15:19:38Z] [INFO] [N3] Guardado: C:\Users\jarri\Desktop\RagChatbot\chatbot\scraping\pages\servicios\establecimientos\certificados-de-buenas-practicas\laboratorios-farmaceuticos-de-productos-naturales-procesados\definicion-f8e672dd.md  |  section_path=['Servicios', 'Establecimientos', 'Certificados de Buenas Prácticas', 'Laboratorios Farmacéuticos de Productos Naturales Procesados de Uso Medicinal']  |  status=captured
[2026-08-26T15:19:39Z] [INFO] Capturando página: https://www.controlsanitario.gob.ec/atencion-al-usuario-2/  |  section_path=['Servicios', 'Establecimientos', 'Certificados de Buenas Prácticas', 'Definición:']
[2026-08-26T15:19:42Z] [INFO] [N3] Guardado: C:\Users\jarri\Desktop\RagChatbot\chatbot\scraping\pages\servicios\establecimientos\certificados-de-buenas-practicas\definicion\atencion-al-usuario-a01cca5d.md  |  section_path=['Servicios', 'Establecimientos', 'Certificados de Buenas Prácticas', 'Definición:']  |  status=captured
[2026-08-26T15:19:43Z] [INFO] Capturando página: https://www.controlsanitario.gob.ec/dr-fray-martinez-reyes/  |  section_path=['Servicios', 'Otros servicios', 'Expertos Externos', 'COMITÉ DE EXPERTOS ARCSA']
[2026-08-26T15:19:45Z] [INFO] [N3] Guardado: C:\Users\jarri\Desktop\RagChatbot\chatbot\scraping\pages\servicios\otros-servicios\expertos-externos\comite-de-expertos-arcsa\dr-fray-martinez-reyes-d494b18b.md  |  section_path=['Servicios', 'Otros servicios', 'Expertos Externos', 'COMITÉ DE EXPERTOS ARCSA']  |  status=captured
[2026-08-26T15:19:47Z] [INFO] Capturando página: https://www.controlsanitario.gob.ec/dra-ruth-jimbo-sotomayor/  |  section_path=['Servicios', 'Otros servicios', 'Expertos Externos', 'COMITÉ DE EXPERTOS ARCSA']
[2026-08-26T15:19:49Z] [INFO] [N3] Guardado: C:\Users\jarri\Desktop\RagChatbot\chatbot\scraping\pages\servicios\otros-servicios\expertos-externos\comite-de-expertos-arcsa\dra-ruth-jimbo-sotomayor-46684d85.md  |  section_path=['Servicios', 'Otros servicios', 'Expertos Externos', 'COMITÉ DE EXPERTOS ARCSA']  |  status=captured
[2026-08-26T15:19:50Z] [INFO] Capturando página: https://www.controlsanitario.gob.ec/dr-hugo-solis-garcia/  |  section_path=['Servicios', 'Otros servicios', 'Expertos Externos', 'COMITÉ DE EXPERTOS ARCSA']
[2026-08-26T15:19:52Z] [INFO] [N3] Guardado: C:\Users\jarri\Desktop\RagChatbot\chatbot\scraping\pages\servicios\otros-servicios\expertos-externos\comite-de-expertos-arcsa\dr-hugo-solis-garcia-f88ecab4.md  |  section_path=['Servicios', 'Otros servicios', 'Expertos Externos', 'COMITÉ DE EXPERTOS ARCSA']  |  status=captured
[2026-08-26T15:19:54Z] [INFO] Capturando página: https://www.controlsanitario.gob.ec/dra-sonia-zapata-mena/  |  section_path=['Servicios', 'Otros servicios', 'Expertos Externos', 'COMITÉ DE EXPERTOS ARCSA']
[2026-08-26T15:19:56Z] [INFO] [N3] Guardado: C:\Users\jarri\Desktop\RagChatbot\chatbot\scraping\pages\servicios\otros-servicios\expertos-externos\comite-de-expertos-arcsa\dra-sonia-zapata-mena-d98ae905.md  |  section_path=['Servicios', 'Otros servicios', 'Expertos Externos', 'COMITÉ DE EXPERTOS ARCSA']  |  status=captured
[2026-08-26T15:19:57Z] [INFO] Capturando página: https://www.controlsanitario.gob.ec/dr-jesus-romero-lugo/  |  section_path=['Servicios', 'Otros servicios', 'Expertos Externos', 'COMITÉ DE EXPERTOS ARCSA']
[2026-08-26T15:20:00Z] [INFO] [N3] Guardado: C:\Users\jarri\Desktop\RagChatbot\chatbot\scraping\pages\servicios\otros-servicios\expertos-externos\comite-de-expertos-arcsa\dr-jesus-romero-lugo-d82beaf4.md  |  section_path=['Servicios', 'Otros servicios', 'Expertos Externos', 'COMITÉ DE EXPERTOS ARCSA']  |  status=captured
[2026-08-26T15:20:01Z] [INFO] Capturando página: https://www.controlsanitario.gob.ec/mgs-ruth-martinez-espinoza/  |  section_path=['Servicios', 'Otros servicios', 'Expertos Externos', 'COMITÉ DE EXPERTOS ARCSA']
[2026-08-26T15:20:03Z] [INFO] [N3] Guardado: C:\Users\jarri\Desktop\RagChatbot\chatbot\scraping\pages\servicios\otros-servicios\expertos-externos\comite-de-expertos-arcsa\mgs-ruth-martinez-espinoza-5fd3b126.md  |  section_path=['Servicios', 'Otros servicios', 'Expertos Externos', 'COMITÉ DE EXPERTOS ARCSA']  |  status=captured
[2026-08-26T15:20:05Z] [INFO] Capturando página: https://www.controlsanitario.gob.ec/dr-fausto-zaruma-torres/  |  section_path=['Servicios', 'Otros servicios', 'Expertos Externos', 'COMITÉ DE EXPERTOS ARCSA']
[2026-08-26T15:20:07Z] [INFO] [N3] Guardado: C:\Users\jarri\Desktop\RagChatbot\chatbot\scraping\pages\servicios\otros-servicios\expertos-externos\comite-de-expertos-arcsa\dr-fausto-zaruma-torres-fd878c90.md  |  section_path=['Servicios', 'Otros servicios', 'Expertos Externos', 'COMITÉ DE EXPERTOS ARCSA']  |  status=captured
[2026-08-26T15:20:08Z] [INFO] Capturando página: https://www.controlsanitario.gob.ec/dra-shirley-tenesaca-cayambe/  |  section_path=['Servicios', 'Otros servicios', 'Expertos Externos', 'COMITÉ DE EXPERTOS ARCSA']
[2026-08-26T15:20:10Z] [INFO] [N3] Guardado: C:\Users\jarri\Desktop\RagChatbot\chatbot\scraping\pages\servicios\otros-servicios\expertos-externos\comite-de-expertos-arcsa\dra-shirley-tenesaca-cayambe-5a605be8.md  |  section_path=['Servicios', 'Otros servicios', 'Expertos Externos', 'COMITÉ DE EXPERTOS ARCSA']  |  status=captured
[2026-08-26T15:20:12Z] [INFO] Capturando página: https://www.controlsanitario.gob.ec/proceso-de-rendicion-de-cuentas-arcsa-2025-planta-central/  |  section_path=['Servicios', 'Otros servicios', 'RENDICIÓN DE CUENTAS ARCSA', 'RENDICIÓN DE CUENTAS ARCSA 2025']
[2026-08-26T15:20:14Z] [INFO] [N3] Guardado: C:\Users\jarri\Desktop\RagChatbot\chatbot\scraping\pages\servicios\otros-servicios\rendicion-de-cuentas-arcsa\rendicion-de-cuentas-arcsa-2025\proceso-de-rendicion-de-cuentas-arcsa-2025-planta-central-1993f389.md  |  section_path=['Servicios', 'Otros servicios', 'RENDICIÓN DE CUENTAS ARCSA', 'RENDICIÓN DE CUENTAS ARCSA 2025']  |  status=captured
[2026-08-26T15:20:15Z] [INFO] Capturando página: https://www.controlsanitario.gob.ec/proceso-de-rendicion-de-cuentas-arcsa-2025-coordinacion-zonal-1/  |  section_path=['Servicios', 'Otros servicios', 'RENDICIÓN DE CUENTAS ARCSA', 'RENDICIÓN DE CUENTAS ARCSA 2025']
[2026-08-26T15:20:17Z] [INFO] [N3] Guardado: C:\Users\jarri\Desktop\RagChatbot\chatbot\scraping\pages\servicios\otros-servicios\rendicion-de-cuentas-arcsa\rendicion-de-cuentas-arcsa-2025\proceso-de-rendicion-de-cuentas-arcsa-2025-coordinacion-zona-94c1d852.md  |  section_path=['Servicios', 'Otros servicios', 'RENDICIÓN DE CUENTAS ARCSA', 'RENDICIÓN DE CUENTAS ARCSA 2025']  |  status=captured
[2026-08-26T15:20:19Z] [INFO] Capturando página: https://www.controlsanitario.gob.ec/proceso-de-rendicion-de-cuentas-arcsa-2025-coordinacion-zonal-2/  |  section_path=['Servicios', 'Otros servicios', 'RENDICIÓN DE CUENTAS ARCSA', 'RENDICIÓN DE CUENTAS ARCSA 2025']
[2026-08-26T15:20:21Z] [INFO] [N3] Guardado: C:\Users\jarri\Desktop\RagChatbot\chatbot\scraping\pages\servicios\otros-servicios\rendicion-de-cuentas-arcsa\rendicion-de-cuentas-arcsa-2025\proceso-de-rendicion-de-cuentas-arcsa-2025-coordinacion-zona-6cddbcd5.md  |  section_path=['Servicios', 'Otros servicios', 'RENDICIÓN DE CUENTAS ARCSA', 'RENDICIÓN DE CUENTAS ARCSA 2025']  |  status=captured
[2026-08-26T15:20:22Z] [INFO] Capturando página: https://www.controlsanitario.gob.ec/proceso-de-rendicion-de-cuentas-arcsa-2025-coordinacion-zonal-3/  |  section_path=['Servicios', 'Otros servicios', 'RENDICIÓN DE CUENTAS ARCSA', 'RENDICIÓN DE CUENTAS ARCSA 2025']
[2026-08-26T15:20:25Z] [INFO] [N3] Guardado: C:\Users\jarri\Desktop\RagChatbot\chatbot\scraping\pages\servicios\otros-servicios\rendicion-de-cuentas-arcsa\rendicion-de-cuentas-arcsa-2025\proceso-de-rendicion-de-cuentas-arcsa-2025-coordinacion-zona-f4989a0c.md  |  section_path=['Servicios', 'Otros servicios', 'RENDICIÓN DE CUENTAS ARCSA', 'RENDICIÓN DE CUENTAS ARCSA 2025']  |  status=captured
[2026-08-26T15:20:26Z] [INFO] Capturando página: https://www.controlsanitario.gob.ec/proceso-de-rendicion-de-cuentas-arcsa-2025-coordinacion-zonal-4/  |  section_path=['Servicios', 'Otros servicios', 'RENDICIÓN DE CUENTAS ARCSA', 'RENDICIÓN DE CUENTAS ARCSA 2025']
[2026-08-26T15:20:28Z] [INFO] [N3] Guardado: C:\Users\jarri\Desktop\RagChatbot\chatbot\scraping\pages\servicios\otros-servicios\rendicion-de-cuentas-arcsa\rendicion-de-cuentas-arcsa-2025\proceso-de-rendicion-de-cuentas-arcsa-2025-coordinacion-zona-230e2d12.md  |  section_path=['Servicios', 'Otros servicios', 'RENDICIÓN DE CUENTAS ARCSA', 'RENDICIÓN DE CUENTAS ARCSA 2025']  |  status=captured
[2026-08-26T15:20:30Z] [INFO] Capturando página: https://www.controlsanitario.gob.ec/proceso-de-rendicion-de-cuentas-arcsa-2025-coordinacion-zonal-5/  |  section_path=['Servicios', 'Otros servicios', 'RENDICIÓN DE CUENTAS ARCSA', 'RENDICIÓN DE CUENTAS ARCSA 2025']
[2026-08-26T15:20:32Z] [INFO] [N3] Guardado: C:\Users\jarri\Desktop\RagChatbot\chatbot\scraping\pages\servicios\otros-servicios\rendicion-de-cuentas-arcsa\rendicion-de-cuentas-arcsa-2025\proceso-de-rendicion-de-cuentas-arcsa-2025-coordinacion-zona-7c806d7d.md  |  section_path=['Servicios', 'Otros servicios', 'RENDICIÓN DE CUENTAS ARCSA', 'RENDICIÓN DE CUENTAS ARCSA 2025']  |  status=captured
[2026-08-26T15:20:33Z] [INFO] Capturando página: https://www.controlsanitario.gob.ec/proceso-de-rendicion-de-cuentas-arcsa-2025-coordinacion-zonal-6/  |  section_path=['Servicios', 'Otros servicios', 'RENDICIÓN DE CUENTAS ARCSA', 'RENDICIÓN DE CUENTAS ARCSA 2025']
[2026-08-26T15:20:35Z] [INFO] [N3] Guardado: C:\Users\jarri\Desktop\RagChatbot\chatbot\scraping\pages\servicios\otros-servicios\rendicion-de-cuentas-arcsa\rendicion-de-cuentas-arcsa-2025\proceso-de-rendicion-de-cuentas-arcsa-2025-coordinacion-zona-efc6dfbe.md  |  section_path=['Servicios', 'Otros servicios', 'RENDICIÓN DE CUENTAS ARCSA', 'RENDICIÓN DE CUENTAS ARCSA 2025']  |  status=captured
[2026-08-26T15:20:37Z] [INFO] Capturando página: https://www.controlsanitario.gob.ec/proceso-de-rendicion-de-cuentas-arcsa-2025-coordinacion-zonal-7/  |  section_path=['Servicios', 'Otros servicios', 'RENDICIÓN DE CUENTAS ARCSA', 'RENDICIÓN DE CUENTAS ARCSA 2025']
[2026-08-26T15:20:39Z] [INFO] [N3] Guardado: C:\Users\jarri\Desktop\RagChatbot\chatbot\scraping\pages\servicios\otros-servicios\rendicion-de-cuentas-arcsa\rendicion-de-cuentas-arcsa-2025\proceso-de-rendicion-de-cuentas-arcsa-2025-coordinacion-zona-6518f158.md  |  section_path=['Servicios', 'Otros servicios', 'RENDICIÓN DE CUENTAS ARCSA', 'RENDICIÓN DE CUENTAS ARCSA 2025']  |  status=captured
[2026-08-26T15:20:40Z] [INFO] Capturando página: https://www.controlsanitario.gob.ec/proceso-de-rendicion-de-cuentas-arcsa-2025-coordinacion-zonal-8/  |  section_path=['Servicios', 'Otros servicios', 'RENDICIÓN DE CUENTAS ARCSA', 'RENDICIÓN DE CUENTAS ARCSA 2025']
[2026-08-26T15:20:42Z] [INFO] [N3] Guardado: C:\Users\jarri\Desktop\RagChatbot\chatbot\scraping\pages\servicios\otros-servicios\rendicion-de-cuentas-arcsa\rendicion-de-cuentas-arcsa-2025\proceso-de-rendicion-de-cuentas-arcsa-2025-coordinacion-zona-14b1e9ba.md  |  section_path=['Servicios', 'Otros servicios', 'RENDICIÓN DE CUENTAS ARCSA', 'RENDICIÓN DE CUENTAS ARCSA 2025']  |  status=captured
[2026-08-26T15:20:44Z] [INFO] Capturando página: https://www.controlsanitario.gob.ec/proceso-de-rendicion-de-cuentas-arcsa-2025-coordinacion-zonal-9/  |  section_path=['Servicios', 'Otros servicios', 'RENDICIÓN DE CUENTAS ARCSA', 'RENDICIÓN DE CUENTAS ARCSA 2025']
[2026-08-26T15:20:46Z] [INFO] [N3] Guardado: C:\Users\jarri\Desktop\RagChatbot\chatbot\scraping\pages\servicios\otros-servicios\rendicion-de-cuentas-arcsa\rendicion-de-cuentas-arcsa-2025\proceso-de-rendicion-de-cuentas-arcsa-2025-coordinacion-zona-664dd938.md  |  section_path=['Servicios', 'Otros servicios', 'RENDICIÓN DE CUENTAS ARCSA', 'RENDICIÓN DE CUENTAS ARCSA 2025']  |  status=captured
[2026-08-26T15:20:48Z] [INFO] Capturando página: https://www.controlsanitario.gob.ec/proceso-de-rendicion-de-cuentas-arcsa-2024-planta-central/  |  section_path=['Servicios', 'Otros servicios', 'RENDICIÓN DE CUENTAS ARCSA', 'RENDICIÓN DE CUENTAS ARCSA 2024']
[2026-08-26T15:20:50Z] [INFO] [N3] Guardado: C:\Users\jarri\Desktop\RagChatbot\chatbot\scraping\pages\servicios\otros-servicios\rendicion-de-cuentas-arcsa\rendicion-de-cuentas-arcsa-2024\proceso-de-rendicion-de-cuentas-arcsa-2024-planta-central-b9a8cd01.md  |  section_path=['Servicios', 'Otros servicios', 'RENDICIÓN DE CUENTAS ARCSA', 'RENDICIÓN DE CUENTAS ARCSA 2024']  |  status=captured
[2026-08-26T15:20:51Z] [INFO] Capturando página: https://www.controlsanitario.gob.ec/proceso-de-rendicion-de-cuentas-arcsa-2024-coordinacion-zonal-1/  |  section_path=['Servicios', 'Otros servicios', 'RENDICIÓN DE CUENTAS ARCSA', 'RENDICIÓN DE CUENTAS ARCSA 2024']
[2026-08-26T15:20:53Z] [INFO] [N3] Guardado: C:\Users\jarri\Desktop\RagChatbot\chatbot\scraping\pages\servicios\otros-servicios\rendicion-de-cuentas-arcsa\rendicion-de-cuentas-arcsa-2024\proceso-de-rendicion-de-cuentas-arcsa-2024-coordinacion-zona-58282904.md  |  section_path=['Servicios', 'Otros servicios', 'RENDICIÓN DE CUENTAS ARCSA', 'RENDICIÓN DE CUENTAS ARCSA 2024']  |  status=captured
[2026-08-26T15:20:55Z] [INFO] Capturando página: https://www.controlsanitario.gob.ec/proceso-de-rendicion-de-cuentas-arcsa-2024-coordinacion-zonal-2/  |  section_path=['Servicios', 'Otros servicios', 'RENDICIÓN DE CUENTAS ARCSA', 'RENDICIÓN DE CUENTAS ARCSA 2024']
[2026-08-26T15:20:57Z] [INFO] [N3] Guardado: C:\Users\jarri\Desktop\RagChatbot\chatbot\scraping\pages\servicios\otros-servicios\rendicion-de-cuentas-arcsa\rendicion-de-cuentas-arcsa-2024\proceso-de-rendicion-de-cuentas-arcsa-2024-coordinacion-zona-0a929834.md  |  section_path=['Servicios', 'Otros servicios', 'RENDICIÓN DE CUENTAS ARCSA', 'RENDICIÓN DE CUENTAS ARCSA 2024']  |  status=captured
[2026-08-26T15:20:58Z] [INFO] Capturando página: https://www.controlsanitario.gob.ec/proceso-de-rendicion-de-cuentas-arcsa-2024-coordinacion-zonal-3/  |  section_path=['Servicios', 'Otros servicios', 'RENDICIÓN DE CUENTAS ARCSA', 'RENDICIÓN DE CUENTAS ARCSA 2024']
[2026-08-26T15:21:00Z] [INFO] [N3] Guardado: C:\Users\jarri\Desktop\RagChatbot\chatbot\scraping\pages\servicios\otros-servicios\rendicion-de-cuentas-arcsa\rendicion-de-cuentas-arcsa-2024\proceso-de-rendicion-de-cuentas-arcsa-2024-coordinacion-zona-33951792.md  |  section_path=['Servicios', 'Otros servicios', 'RENDICIÓN DE CUENTAS ARCSA', 'RENDICIÓN DE CUENTAS ARCSA 2024']  |  status=captured
[2026-08-26T15:21:02Z] [INFO] Capturando página: https://www.controlsanitario.gob.ec/proceso-de-rendicion-de-cuentas-arcsa-2024-coordinacion-zonal-4/  |  section_path=['Servicios', 'Otros servicios', 'RENDICIÓN DE CUENTAS ARCSA', 'RENDICIÓN DE CUENTAS ARCSA 2024']
[2026-08-26T15:21:04Z] [WARNING] Contenido vacío detectado en https://www.controlsanitario.gob.ec/proceso-de-rendicion-de-cuentas-arcsa-2024-coordinacion-zonal-4/ (HTTP 200).
[2026-08-26T15:21:04Z] [INFO] [N3] Guardado: C:\Users\jarri\Desktop\RagChatbot\chatbot\scraping\pages\servicios\otros-servicios\rendicion-de-cuentas-arcsa\rendicion-de-cuentas-arcsa-2024\proceso-de-rendicion-de-cuentas-arcsa-2024-coordinacion-zona-ef9d0051.md  |  section_path=['Servicios', 'Otros servicios', 'RENDICIÓN DE CUENTAS ARCSA', 'RENDICIÓN DE CUENTAS ARCSA 2024']  |  status=empty_content
[2026-08-26T15:21:05Z] [INFO] Capturando página: https://www.controlsanitario.gob.ec/proceso-de-rendicion-de-cuentas-arcsa-2024-coordinacion-zonal-5/  |  section_path=['Servicios', 'Otros servicios', 'RENDICIÓN DE CUENTAS ARCSA', 'RENDICIÓN DE CUENTAS ARCSA 2024']
[2026-08-26T15:21:07Z] [INFO] [N3] Guardado: C:\Users\jarri\Desktop\RagChatbot\chatbot\scraping\pages\servicios\otros-servicios\rendicion-de-cuentas-arcsa\rendicion-de-cuentas-arcsa-2024\proceso-de-rendicion-de-cuentas-arcsa-2024-coordinacion-zona-d068d98a.md  |  section_path=['Servicios', 'Otros servicios', 'RENDICIÓN DE CUENTAS ARCSA', 'RENDICIÓN DE CUENTAS ARCSA 2024']  |  status=captured
[2026-08-26T15:21:09Z] [INFO] Capturando página: https://www.controlsanitario.gob.ec/proceso-de-rendicion-de-cuentas-arcsa-2024-coordinacion-zonal-6/  |  section_path=['Servicios', 'Otros servicios', 'RENDICIÓN DE CUENTAS ARCSA', 'RENDICIÓN DE CUENTAS ARCSA 2024']
[2026-08-26T15:21:11Z] [INFO] [N3] Guardado: C:\Users\jarri\Desktop\RagChatbot\chatbot\scraping\pages\servicios\otros-servicios\rendicion-de-cuentas-arcsa\rendicion-de-cuentas-arcsa-2024\proceso-de-rendicion-de-cuentas-arcsa-2024-coordinacion-zona-61d093ca.md  |  section_path=['Servicios', 'Otros servicios', 'RENDICIÓN DE CUENTAS ARCSA', 'RENDICIÓN DE CUENTAS ARCSA 2024']  |  status=captured
[2026-08-26T15:21:13Z] [INFO] Capturando página: https://www.controlsanitario.gob.ec/proceso-de-rendicion-de-cuentas-arcsa-2024-coordinacion-zonal-7/  |  section_path=['Servicios', 'Otros servicios', 'RENDICIÓN DE CUENTAS ARCSA', 'RENDICIÓN DE CUENTAS ARCSA 2024']
[2026-08-26T15:21:15Z] [INFO] [N3] Guardado: C:\Users\jarri\Desktop\RagChatbot\chatbot\scraping\pages\servicios\otros-servicios\rendicion-de-cuentas-arcsa\rendicion-de-cuentas-arcsa-2024\proceso-de-rendicion-de-cuentas-arcsa-2024-coordinacion-zona-db6119be.md  |  section_path=['Servicios', 'Otros servicios', 'RENDICIÓN DE CUENTAS ARCSA', 'RENDICIÓN DE CUENTAS ARCSA 2024']  |  status=captured
[2026-08-26T15:21:16Z] [INFO] Capturando página: https://www.controlsanitario.gob.ec/proceso-de-rendicion-de-cuentas-arcsa-2024-coordinacion-zonal-8/  |  section_path=['Servicios', 'Otros servicios', 'RENDICIÓN DE CUENTAS ARCSA', 'RENDICIÓN DE CUENTAS ARCSA 2024']
[2026-08-26T15:21:18Z] [INFO] [N3] Guardado: C:\Users\jarri\Desktop\RagChatbot\chatbot\scraping\pages\servicios\otros-servicios\rendicion-de-cuentas-arcsa\rendicion-de-cuentas-arcsa-2024\proceso-de-rendicion-de-cuentas-arcsa-2024-coordinacion-zona-99987f0f.md  |  section_path=['Servicios', 'Otros servicios', 'RENDICIÓN DE CUENTAS ARCSA', 'RENDICIÓN DE CUENTAS ARCSA 2024']  |  status=captured
[2026-08-26T15:21:20Z] [INFO] Capturando página: https://www.controlsanitario.gob.ec/proceso-de-rendicion-de-cuentas-arcsa-2024-coordinacion-zonal-9/  |  section_path=['Servicios', 'Otros servicios', 'RENDICIÓN DE CUENTAS ARCSA', 'RENDICIÓN DE CUENTAS ARCSA 2024']
[2026-08-26T15:21:22Z] [INFO] [N3] Guardado: C:\Users\jarri\Desktop\RagChatbot\chatbot\scraping\pages\servicios\otros-servicios\rendicion-de-cuentas-arcsa\rendicion-de-cuentas-arcsa-2024\proceso-de-rendicion-de-cuentas-arcsa-2024-coordinacion-zona-dd6385a3.md  |  section_path=['Servicios', 'Otros servicios', 'RENDICIÓN DE CUENTAS ARCSA', 'RENDICIÓN DE CUENTAS ARCSA 2024']  |  status=captured
[2026-08-26T15:21:23Z] [INFO] Capturando página: https://www.controlsanitario.gob.ec/proceso-de-rendicion-de-cuentas-arcsa-2023-planta-central/  |  section_path=['Servicios', 'Otros servicios', 'RENDICIÓN DE CUENTAS ARCSA', 'Proceso de Rendición de Cuentas 2023']
[2026-08-26T15:21:25Z] [INFO] [N3] Guardado: C:\Users\jarri\Desktop\RagChatbot\chatbot\scraping\pages\servicios\otros-servicios\rendicion-de-cuentas-arcsa\proceso-de-rendicion-de-cuentas-2023\proceso-de-rendicion-de-cuentas-arcsa-2023-planta-central-495c0181.md  |  section_path=['Servicios', 'Otros servicios', 'RENDICIÓN DE CUENTAS ARCSA', 'Proceso de Rendición de Cuentas 2023']  |  status=captured
[2026-08-26T15:21:27Z] [INFO] Capturando página: https://www.controlsanitario.gob.ec/proceso-de-rendicion-de-cuentas-arcsa-2023-coordinacion-zonal-1/  |  section_path=['Servicios', 'Otros servicios', 'RENDICIÓN DE CUENTAS ARCSA', 'Proceso de Rendición de Cuentas 2023']
[2026-08-26T15:21:29Z] [INFO] [N3] Guardado: C:\Users\jarri\Desktop\RagChatbot\chatbot\scraping\pages\servicios\otros-servicios\rendicion-de-cuentas-arcsa\proceso-de-rendicion-de-cuentas-2023\proceso-de-rendicion-de-cuentas-arcsa-2023-coordinacion-zona-9d75c25e.md  |  section_path=['Servicios', 'Otros servicios', 'RENDICIÓN DE CUENTAS ARCSA', 'Proceso de Rendición de Cuentas 2023']  |  status=captured
[2026-08-26T15:21:30Z] [INFO] Capturando página: https://www.controlsanitario.gob.ec/proceso-de-rendicion-de-cuentas-arcsa-2023-coordinacion-zonal-2/  |  section_path=['Servicios', 'Otros servicios', 'RENDICIÓN DE CUENTAS ARCSA', 'Proceso de Rendición de Cuentas 2023']
[2026-08-26T15:21:32Z] [INFO] [N3] Guardado: C:\Users\jarri\Desktop\RagChatbot\chatbot\scraping\pages\servicios\otros-servicios\rendicion-de-cuentas-arcsa\proceso-de-rendicion-de-cuentas-2023\proceso-de-rendicion-de-cuentas-arcsa-2023-coordinacion-zona-a1129527.md  |  section_path=['Servicios', 'Otros servicios', 'RENDICIÓN DE CUENTAS ARCSA', 'Proceso de Rendición de Cuentas 2023']  |  status=captured
[2026-08-26T15:21:34Z] [INFO] Capturando página: https://www.controlsanitario.gob.ec/proceso-de-rendicion-de-cuentas-arcsa-2023-coordinacion-zonal-3/  |  section_path=['Servicios', 'Otros servicios', 'RENDICIÓN DE CUENTAS ARCSA', 'Proceso de Rendición de Cuentas 2023']
[2026-08-26T15:21:36Z] [INFO] [N3] Guardado: C:\Users\jarri\Desktop\RagChatbot\chatbot\scraping\pages\servicios\otros-servicios\rendicion-de-cuentas-arcsa\proceso-de-rendicion-de-cuentas-2023\proceso-de-rendicion-de-cuentas-arcsa-2023-coordinacion-zona-614b5373.md  |  section_path=['Servicios', 'Otros servicios', 'RENDICIÓN DE CUENTAS ARCSA', 'Proceso de Rendición de Cuentas 2023']  |  status=captured
[2026-08-26T15:21:37Z] [INFO] Capturando página: https://www.controlsanitario.gob.ec/proceso-de-rendicion-de-cuentas-arcsa-2023-coordinacion-zonal-4/  |  section_path=['Servicios', 'Otros servicios', 'RENDICIÓN DE CUENTAS ARCSA', 'Proceso de Rendición de Cuentas 2023']
[2026-08-26T15:21:39Z] [INFO] [N3] Guardado: C:\Users\jarri\Desktop\RagChatbot\chatbot\scraping\pages\servicios\otros-servicios\rendicion-de-cuentas-arcsa\proceso-de-rendicion-de-cuentas-2023\proceso-de-rendicion-de-cuentas-arcsa-2023-coordinacion-zona-423f7da5.md  |  section_path=['Servicios', 'Otros servicios', 'RENDICIÓN DE CUENTAS ARCSA', 'Proceso de Rendición de Cuentas 2023']  |  status=captured
[2026-08-26T15:21:41Z] [INFO] Capturando página: https://www.controlsanitario.gob.ec/proceso-de-rendicion-de-cuentas-arcsa-2023-coordinacion-zonal-5/  |  section_path=['Servicios', 'Otros servicios', 'RENDICIÓN DE CUENTAS ARCSA', 'Proceso de Rendición de Cuentas 2023']
[2026-08-26T15:21:43Z] [INFO] [N3] Guardado: C:\Users\jarri\Desktop\RagChatbot\chatbot\scraping\pages\servicios\otros-servicios\rendicion-de-cuentas-arcsa\proceso-de-rendicion-de-cuentas-2023\proceso-de-rendicion-de-cuentas-arcsa-2023-coordinacion-zona-abb8809a.md  |  section_path=['Servicios', 'Otros servicios', 'RENDICIÓN DE CUENTAS ARCSA', 'Proceso de Rendición de Cuentas 2023']  |  status=captured
[2026-08-26T15:21:44Z] [INFO] Capturando página: https://www.controlsanitario.gob.ec/proceso-de-rendicion-de-cuentas-arcsa-2023-coordinacion-zonal-6/  |  section_path=['Servicios', 'Otros servicios', 'RENDICIÓN DE CUENTAS ARCSA', 'Proceso de Rendición de Cuentas 2023']
[2026-08-26T15:21:46Z] [INFO] [N3] Guardado: C:\Users\jarri\Desktop\RagChatbot\chatbot\scraping\pages\servicios\otros-servicios\rendicion-de-cuentas-arcsa\proceso-de-rendicion-de-cuentas-2023\proceso-de-rendicion-de-cuentas-arcsa-2023-coordinacion-zona-dd51f39b.md  |  section_path=['Servicios', 'Otros servicios', 'RENDICIÓN DE CUENTAS ARCSA', 'Proceso de Rendición de Cuentas 2023']  |  status=captured
[2026-08-26T15:21:48Z] [INFO] Capturando página: https://www.controlsanitario.gob.ec/proceso-de-rendicion-de-cuentas-arcsa-2023-coordinacion-zonal-7/  |  section_path=['Servicios', 'Otros servicios', 'RENDICIÓN DE CUENTAS ARCSA', 'Proceso de Rendición de Cuentas 2023']
[2026-08-26T15:21:50Z] [INFO] [N3] Guardado: C:\Users\jarri\Desktop\RagChatbot\chatbot\scraping\pages\servicios\otros-servicios\rendicion-de-cuentas-arcsa\proceso-de-rendicion-de-cuentas-2023\proceso-de-rendicion-de-cuentas-arcsa-2023-coordinacion-zona-e997616c.md  |  section_path=['Servicios', 'Otros servicios', 'RENDICIÓN DE CUENTAS ARCSA', 'Proceso de Rendición de Cuentas 2023']  |  status=captured
[2026-08-26T15:21:52Z] [INFO] Capturando página: https://www.controlsanitario.gob.ec/proceso-de-rendicion-de-cuentas-arcsa-2023-coordinacion-zonal-8/  |  section_path=['Servicios', 'Otros servicios', 'RENDICIÓN DE CUENTAS ARCSA', 'Proceso de Rendición de Cuentas 2023']
[2026-08-26T15:21:54Z] [INFO] [N3] Guardado: C:\Users\jarri\Desktop\RagChatbot\chatbot\scraping\pages\servicios\otros-servicios\rendicion-de-cuentas-arcsa\proceso-de-rendicion-de-cuentas-2023\proceso-de-rendicion-de-cuentas-arcsa-2023-coordinacion-zona-392dd1de.md  |  section_path=['Servicios', 'Otros servicios', 'RENDICIÓN DE CUENTAS ARCSA', 'Proceso de Rendición de Cuentas 2023']  |  status=captured
[2026-08-26T15:21:55Z] [INFO] Capturando página: https://www.controlsanitario.gob.ec/proceso-de-rendicion-de-cuentas-arcsa-2023-coordinacion-zonal-9/  |  section_path=['Servicios', 'Otros servicios', 'RENDICIÓN DE CUENTAS ARCSA', 'Proceso de Rendición de Cuentas 2023']
[2026-08-26T15:21:57Z] [INFO] [N3] Guardado: C:\Users\jarri\Desktop\RagChatbot\chatbot\scraping\pages\servicios\otros-servicios\rendicion-de-cuentas-arcsa\proceso-de-rendicion-de-cuentas-2023\proceso-de-rendicion-de-cuentas-arcsa-2023-coordinacion-zona-b94d1b68.md  |  section_path=['Servicios', 'Otros servicios', 'RENDICIÓN DE CUENTAS ARCSA', 'Proceso de Rendición de Cuentas 2023']  |  status=captured
[2026-08-26T15:21:59Z] [INFO] Capturando página: https://www.controlsanitario.gob.ec/proceso-de-rendicion-de-cuentas-arcsa-2022-planta-central/  |  section_path=['Servicios', 'Otros servicios', 'RENDICIÓN DE CUENTAS ARCSA', 'Proceso de Rendición de Cuentas 2022']
[2026-08-26T15:22:01Z] [INFO] [N3] Guardado: C:\Users\jarri\Desktop\RagChatbot\chatbot\scraping\pages\servicios\otros-servicios\rendicion-de-cuentas-arcsa\proceso-de-rendicion-de-cuentas-2022\proceso-de-rendicion-de-cuentas-arcsa-2022-planta-central-4b4ef569.md  |  section_path=['Servicios', 'Otros servicios', 'RENDICIÓN DE CUENTAS ARCSA', 'Proceso de Rendición de Cuentas 2022']  |  status=captured
[2026-08-26T15:22:02Z] [INFO] Capturando página: https://www.controlsanitario.gob.ec/proceso-de-rendicion-de-cuentas-arcsa-2022-coordinacion-zonal-1/  |  section_path=['Servicios', 'Otros servicios', 'RENDICIÓN DE CUENTAS ARCSA', 'Proceso de Rendición de Cuentas 2022']
[2026-08-26T15:22:04Z] [INFO] [N3] Guardado: C:\Users\jarri\Desktop\RagChatbot\chatbot\scraping\pages\servicios\otros-servicios\rendicion-de-cuentas-arcsa\proceso-de-rendicion-de-cuentas-2022\proceso-de-rendicion-de-cuentas-arcsa-2022-coordinacion-zona-74e69999.md  |  section_path=['Servicios', 'Otros servicios', 'RENDICIÓN DE CUENTAS ARCSA', 'Proceso de Rendición de Cuentas 2022']  |  status=captured
[2026-08-26T15:22:06Z] [INFO] Capturando página: https://www.controlsanitario.gob.ec/proceso-de-rendicion-de-cuentas-arcsa-2022-coordinacion-zonal-2/  |  section_path=['Servicios', 'Otros servicios', 'RENDICIÓN DE CUENTAS ARCSA', 'Proceso de Rendición de Cuentas 2022']
[2026-08-26T15:22:08Z] [INFO] [N3] Guardado: C:\Users\jarri\Desktop\RagChatbot\chatbot\scraping\pages\servicios\otros-servicios\rendicion-de-cuentas-arcsa\proceso-de-rendicion-de-cuentas-2022\proceso-de-rendicion-de-cuentas-arcsa-2022-coordinacion-zona-51817504.md  |  section_path=['Servicios', 'Otros servicios', 'RENDICIÓN DE CUENTAS ARCSA', 'Proceso de Rendición de Cuentas 2022']  |  status=captured
[2026-08-26T15:22:09Z] [INFO] Capturando página: https://www.controlsanitario.gob.ec/proceso-de-rendicion-de-cuentas-arcsa-2022-coordinacion-zonal-3/  |  section_path=['Servicios', 'Otros servicios', 'RENDICIÓN DE CUENTAS ARCSA', 'Proceso de Rendición de Cuentas 2022']
[2026-08-26T15:22:11Z] [INFO] [N3] Guardado: C:\Users\jarri\Desktop\RagChatbot\chatbot\scraping\pages\servicios\otros-servicios\rendicion-de-cuentas-arcsa\proceso-de-rendicion-de-cuentas-2022\proceso-de-rendicion-de-cuentas-arcsa-2022-coordinacion-zona-fd57e240.md  |  section_path=['Servicios', 'Otros servicios', 'RENDICIÓN DE CUENTAS ARCSA', 'Proceso de Rendición de Cuentas 2022']  |  status=captured
[2026-08-26T15:22:13Z] [INFO] Capturando página: https://www.controlsanitario.gob.ec/proceso-de-rendicion-de-cuentas-arcsa-2022-coordinacion-zonal-4/  |  section_path=['Servicios', 'Otros servicios', 'RENDICIÓN DE CUENTAS ARCSA', 'Proceso de Rendición de Cuentas 2022']
[2026-08-26T15:22:15Z] [INFO] [N3] Guardado: C:\Users\jarri\Desktop\RagChatbot\chatbot\scraping\pages\servicios\otros-servicios\rendicion-de-cuentas-arcsa\proceso-de-rendicion-de-cuentas-2022\proceso-de-rendicion-de-cuentas-arcsa-2022-coordinacion-zona-9173fc2f.md  |  section_path=['Servicios', 'Otros servicios', 'RENDICIÓN DE CUENTAS ARCSA', 'Proceso de Rendición de Cuentas 2022']  |  status=captured
[2026-08-26T15:22:16Z] [INFO] Capturando página: https://www.controlsanitario.gob.ec/proceso-de-rendicion-de-cuentas-arcsa-2022-coordinacion-zonal-5/  |  section_path=['Servicios', 'Otros servicios', 'RENDICIÓN DE CUENTAS ARCSA', 'Proceso de Rendición de Cuentas 2022']
[2026-08-26T15:22:18Z] [INFO] [N3] Guardado: C:\Users\jarri\Desktop\RagChatbot\chatbot\scraping\pages\servicios\otros-servicios\rendicion-de-cuentas-arcsa\proceso-de-rendicion-de-cuentas-2022\proceso-de-rendicion-de-cuentas-arcsa-2022-coordinacion-zona-5c81f697.md  |  section_path=['Servicios', 'Otros servicios', 'RENDICIÓN DE CUENTAS ARCSA', 'Proceso de Rendición de Cuentas 2022']  |  status=captured
[2026-08-26T15:22:20Z] [INFO] Capturando página: https://www.controlsanitario.gob.ec/proceso-de-rendicion-de-cuentas-arcsa-2022-coordinacion-zonal-6/  |  section_path=['Servicios', 'Otros servicios', 'RENDICIÓN DE CUENTAS ARCSA', 'Proceso de Rendición de Cuentas 2022']
[2026-08-26T15:22:22Z] [INFO] [N3] Guardado: C:\Users\jarri\Desktop\RagChatbot\chatbot\scraping\pages\servicios\otros-servicios\rendicion-de-cuentas-arcsa\proceso-de-rendicion-de-cuentas-2022\proceso-de-rendicion-de-cuentas-arcsa-2022-coordinacion-zona-d6b47679.md  |  section_path=['Servicios', 'Otros servicios', 'RENDICIÓN DE CUENTAS ARCSA', 'Proceso de Rendición de Cuentas 2022']  |  status=captured
[2026-08-26T15:22:24Z] [INFO] Capturando página: https://www.controlsanitario.gob.ec/proceso-de-rendicion-de-cuentas-arcsa-2022-coordinacion-zonal-7/  |  section_path=['Servicios', 'Otros servicios', 'RENDICIÓN DE CUENTAS ARCSA', 'Proceso de Rendición de Cuentas 2022']
[2026-08-26T15:22:26Z] [INFO] [N3] Guardado: C:\Users\jarri\Desktop\RagChatbot\chatbot\scraping\pages\servicios\otros-servicios\rendicion-de-cuentas-arcsa\proceso-de-rendicion-de-cuentas-2022\proceso-de-rendicion-de-cuentas-arcsa-2022-coordinacion-zona-1ad0636d.md  |  section_path=['Servicios', 'Otros servicios', 'RENDICIÓN DE CUENTAS ARCSA', 'Proceso de Rendición de Cuentas 2022']  |  status=captured
[2026-08-26T15:22:27Z] [INFO] Capturando página: https://www.controlsanitario.gob.ec/proceso-de-rendicion-de-cuentas-arcsa-2022-coordinacion-zonal-8/  |  section_path=['Servicios', 'Otros servicios', 'RENDICIÓN DE CUENTAS ARCSA', 'Proceso de Rendición de Cuentas 2022']
[2026-08-26T15:22:29Z] [INFO] [N3] Guardado: C:\Users\jarri\Desktop\RagChatbot\chatbot\scraping\pages\servicios\otros-servicios\rendicion-de-cuentas-arcsa\proceso-de-rendicion-de-cuentas-2022\proceso-de-rendicion-de-cuentas-arcsa-2022-coordinacion-zona-a7914b90.md  |  section_path=['Servicios', 'Otros servicios', 'RENDICIÓN DE CUENTAS ARCSA', 'Proceso de Rendición de Cuentas 2022']  |  status=captured
[2026-08-26T15:22:31Z] [INFO] Capturando página: https://www.controlsanitario.gob.ec/proceso-de-rendicion-de-cuentas-arcsa-2022-coordinacion-zonal-9/  |  section_path=['Servicios', 'Otros servicios', 'RENDICIÓN DE CUENTAS ARCSA', 'Proceso de Rendición de Cuentas 2022']
[2026-08-26T15:22:33Z] [INFO] [N3] Guardado: C:\Users\jarri\Desktop\RagChatbot\chatbot\scraping\pages\servicios\otros-servicios\rendicion-de-cuentas-arcsa\proceso-de-rendicion-de-cuentas-2022\proceso-de-rendicion-de-cuentas-arcsa-2022-coordinacion-zona-9eadb30f.md  |  section_path=['Servicios', 'Otros servicios', 'RENDICIÓN DE CUENTAS ARCSA', 'Proceso de Rendición de Cuentas 2022']  |  status=captured
[2026-08-26T15:22:34Z] [INFO] Capturando página: https://www.controlsanitario.gob.ec/proceso-de-rendicion-de-cuentas-arcsa-2021-planta-central/  |  section_path=['Servicios', 'Otros servicios', 'RENDICIÓN DE CUENTAS ARCSA', 'Proceso de Rendición de Cuentas 2021']
[2026-08-26T15:22:36Z] [INFO] [N3] Guardado: C:\Users\jarri\Desktop\RagChatbot\chatbot\scraping\pages\servicios\otros-servicios\rendicion-de-cuentas-arcsa\proceso-de-rendicion-de-cuentas-2021\proceso-de-rendicion-de-cuentas-arcsa-2021-planta-central-ee424820.md  |  section_path=['Servicios', 'Otros servicios', 'RENDICIÓN DE CUENTAS ARCSA', 'Proceso de Rendición de Cuentas 2021']  |  status=captured
[2026-08-26T15:22:38Z] [INFO] Capturando página: https://www.controlsanitario.gob.ec/proceso-de-rendicion-de-cuentas-arcsa-2021-coordinacion-zonal-1/  |  section_path=['Servicios', 'Otros servicios', 'RENDICIÓN DE CUENTAS ARCSA', 'Proceso de Rendición de Cuentas 2021']
[2026-08-26T15:22:40Z] [INFO] [N3] Guardado: C:\Users\jarri\Desktop\RagChatbot\chatbot\scraping\pages\servicios\otros-servicios\rendicion-de-cuentas-arcsa\proceso-de-rendicion-de-cuentas-2021\proceso-de-rendicion-de-cuentas-arcsa-2021-coordinacion-zona-e5a4f2f2.md  |  section_path=['Servicios', 'Otros servicios', 'RENDICIÓN DE CUENTAS ARCSA', 'Proceso de Rendición de Cuentas 2021']  |  status=captured
[2026-08-26T15:22:41Z] [INFO] Capturando página: https://www.controlsanitario.gob.ec/proceso-de-rendicion-de-cuentas-arcsa-2021-coordinacion-zonal-2/  |  section_path=['Servicios', 'Otros servicios', 'RENDICIÓN DE CUENTAS ARCSA', 'Proceso de Rendición de Cuentas 2021']
[2026-08-26T15:22:43Z] [INFO] [N3] Guardado: C:\Users\jarri\Desktop\RagChatbot\chatbot\scraping\pages\servicios\otros-servicios\rendicion-de-cuentas-arcsa\proceso-de-rendicion-de-cuentas-2021\proceso-de-rendicion-de-cuentas-arcsa-2021-coordinacion-zona-d076e8ff.md  |  section_path=['Servicios', 'Otros servicios', 'RENDICIÓN DE CUENTAS ARCSA', 'Proceso de Rendición de Cuentas 2021']  |  status=captured
[2026-08-26T15:22:45Z] [INFO] Capturando página: https://www.controlsanitario.gob.ec/proceso-de-rendicion-de-cuentas-arcsa-2021-coordinacion-zonal-3/  |  section_path=['Servicios', 'Otros servicios', 'RENDICIÓN DE CUENTAS ARCSA', 'Proceso de Rendición de Cuentas 2021']
[2026-08-26T15:22:47Z] [INFO] [N3] Guardado: C:\Users\jarri\Desktop\RagChatbot\chatbot\scraping\pages\servicios\otros-servicios\rendicion-de-cuentas-arcsa\proceso-de-rendicion-de-cuentas-2021\proceso-de-rendicion-de-cuentas-arcsa-2021-coordinacion-zona-961adca0.md  |  section_path=['Servicios', 'Otros servicios', 'RENDICIÓN DE CUENTAS ARCSA', 'Proceso de Rendición de Cuentas 2021']  |  status=captured
[2026-08-26T15:22:48Z] [INFO] Capturando página: https://www.controlsanitario.gob.ec/proceso-de-rendicion-de-cuentas-arcsa-2021-coordinacion-zonal-4/  |  section_path=['Servicios', 'Otros servicios', 'RENDICIÓN DE CUENTAS ARCSA', 'Proceso de Rendición de Cuentas 2021']
[2026-08-26T15:22:50Z] [INFO] [N3] Guardado: C:\Users\jarri\Desktop\RagChatbot\chatbot\scraping\pages\servicios\otros-servicios\rendicion-de-cuentas-arcsa\proceso-de-rendicion-de-cuentas-2021\proceso-de-rendicion-de-cuentas-arcsa-2021-coordinacion-zona-e1f77b52.md  |  section_path=['Servicios', 'Otros servicios', 'RENDICIÓN DE CUENTAS ARCSA', 'Proceso de Rendición de Cuentas 2021']  |  status=captured
[2026-08-26T15:22:52Z] [INFO] Capturando página: https://www.controlsanitario.gob.ec/proceso-de-rendicion-de-cuentas-arcsa-2021-coordinacion-zonal-5/  |  section_path=['Servicios', 'Otros servicios', 'RENDICIÓN DE CUENTAS ARCSA', 'Proceso de Rendición de Cuentas 2021']
[2026-08-26T15:22:54Z] [WARNING] Contenido vacío detectado en https://www.controlsanitario.gob.ec/proceso-de-rendicion-de-cuentas-arcsa-2021-coordinacion-zonal-5/ (HTTP 200).
[2026-08-26T15:22:54Z] [INFO] [N3] Guardado: C:\Users\jarri\Desktop\RagChatbot\chatbot\scraping\pages\servicios\otros-servicios\rendicion-de-cuentas-arcsa\proceso-de-rendicion-de-cuentas-2021\proceso-de-rendicion-de-cuentas-arcsa-2021-coordinacion-zona-5b9f721e.md  |  section_path=['Servicios', 'Otros servicios', 'RENDICIÓN DE CUENTAS ARCSA', 'Proceso de Rendición de Cuentas 2021']  |  status=empty_content
[2026-08-26T15:22:55Z] [INFO] Capturando página: https://www.controlsanitario.gob.ec/proceso-de-rendicion-de-cuentas-arcsa-2021-coordinacion-zonal-6/  |  section_path=['Servicios', 'Otros servicios', 'RENDICIÓN DE CUENTAS ARCSA', 'Proceso de Rendición de Cuentas 2021']
[2026-08-26T15:22:57Z] [INFO] [N3] Guardado: C:\Users\jarri\Desktop\RagChatbot\chatbot\scraping\pages\servicios\otros-servicios\rendicion-de-cuentas-arcsa\proceso-de-rendicion-de-cuentas-2021\proceso-de-rendicion-de-cuentas-arcsa-2021-coordinacion-zona-03a149f2.md  |  section_path=['Servicios', 'Otros servicios', 'RENDICIÓN DE CUENTAS ARCSA', 'Proceso de Rendición de Cuentas 2021']  |  status=captured
[2026-08-26T15:22:59Z] [INFO] Capturando página: https://www.controlsanitario.gob.ec/proceso-de-rendicion-de-cuentas-arcsa-2021-coordinacion-zonal-7/  |  section_path=['Servicios', 'Otros servicios', 'RENDICIÓN DE CUENTAS ARCSA', 'Proceso de Rendición de Cuentas 2021']
[2026-08-26T15:23:01Z] [INFO] [N3] Guardado: C:\Users\jarri\Desktop\RagChatbot\chatbot\scraping\pages\servicios\otros-servicios\rendicion-de-cuentas-arcsa\proceso-de-rendicion-de-cuentas-2021\proceso-de-rendicion-de-cuentas-arcsa-2021-coordinacion-zona-ddc5e434.md  |  section_path=['Servicios', 'Otros servicios', 'RENDICIÓN DE CUENTAS ARCSA', 'Proceso de Rendición de Cuentas 2021']  |  status=captured
[2026-08-26T15:23:02Z] [INFO] Capturando página: https://www.controlsanitario.gob.ec/proceso-de-rendicion-de-cuentas-arcsa-2021-coordinacion-zonal-8/  |  section_path=['Servicios', 'Otros servicios', 'RENDICIÓN DE CUENTAS ARCSA', 'Proceso de Rendición de Cuentas 2021']
[2026-08-26T15:23:04Z] [INFO] [N3] Guardado: C:\Users\jarri\Desktop\RagChatbot\chatbot\scraping\pages\servicios\otros-servicios\rendicion-de-cuentas-arcsa\proceso-de-rendicion-de-cuentas-2021\proceso-de-rendicion-de-cuentas-arcsa-2021-coordinacion-zona-1f414b56.md  |  section_path=['Servicios', 'Otros servicios', 'RENDICIÓN DE CUENTAS ARCSA', 'Proceso de Rendición de Cuentas 2021']  |  status=captured
[2026-08-26T15:23:06Z] [INFO] Capturando página: https://www.controlsanitario.gob.ec/proceso-de-rendicion-de-cuentas-arcsa-2021-coordinacion-zonal-9/  |  section_path=['Servicios', 'Otros servicios', 'RENDICIÓN DE CUENTAS ARCSA', 'Proceso de Rendición de Cuentas 2021']
[2026-08-26T15:23:08Z] [INFO] [N3] Guardado: C:\Users\jarri\Desktop\RagChatbot\chatbot\scraping\pages\servicios\otros-servicios\rendicion-de-cuentas-arcsa\proceso-de-rendicion-de-cuentas-2021\proceso-de-rendicion-de-cuentas-arcsa-2021-coordinacion-zona-332f25aa.md  |  section_path=['Servicios', 'Otros servicios', 'RENDICIÓN DE CUENTAS ARCSA', 'Proceso de Rendición de Cuentas 2021']  |  status=captured
[2026-08-26T15:23:09Z] [INFO] Capturando página: https://www.controlsanitario.gob.ec/proceso-de-rendicion-de-cuentas-arcsa-2020-planta-central/  |  section_path=['Servicios', 'Otros servicios', 'RENDICIÓN DE CUENTAS ARCSA', 'Proceso de Rendición de Cuentas 2020']
[2026-08-26T15:23:12Z] [INFO] [N3] Guardado: C:\Users\jarri\Desktop\RagChatbot\chatbot\scraping\pages\servicios\otros-servicios\rendicion-de-cuentas-arcsa\proceso-de-rendicion-de-cuentas-2020\proceso-de-rendicion-de-cuentas-arcsa-2020-planta-central-43a7f56c.md  |  section_path=['Servicios', 'Otros servicios', 'RENDICIÓN DE CUENTAS ARCSA', 'Proceso de Rendición de Cuentas 2020']  |  status=captured
[2026-08-26T15:23:13Z] [INFO] Capturando página: https://www.controlsanitario.gob.ec/proceso-de-rendicion-de-cuentas-arcsa-2020-coordinacion-zonal-1/  |  section_path=['Servicios', 'Otros servicios', 'RENDICIÓN DE CUENTAS ARCSA', 'Proceso de Rendición de Cuentas 2020']
[2026-08-26T15:23:15Z] [INFO] [N3] Guardado: C:\Users\jarri\Desktop\RagChatbot\chatbot\scraping\pages\servicios\otros-servicios\rendicion-de-cuentas-arcsa\proceso-de-rendicion-de-cuentas-2020\proceso-de-rendicion-de-cuentas-arcsa-2020-coordinacion-zona-3843b689.md  |  section_path=['Servicios', 'Otros servicios', 'RENDICIÓN DE CUENTAS ARCSA', 'Proceso de Rendición de Cuentas 2020']  |  status=captured
[2026-08-26T15:23:17Z] [INFO] Capturando página: https://www.controlsanitario.gob.ec/proceso-de-rendicion-de-cuentas-arcsa-2020-coordinacion-zonal-2/  |  section_path=['Servicios', 'Otros servicios', 'RENDICIÓN DE CUENTAS ARCSA', 'Proceso de Rendición de Cuentas 2020']
[2026-08-26T15:23:19Z] [INFO] [N3] Guardado: C:\Users\jarri\Desktop\RagChatbot\chatbot\scraping\pages\servicios\otros-servicios\rendicion-de-cuentas-arcsa\proceso-de-rendicion-de-cuentas-2020\proceso-de-rendicion-de-cuentas-arcsa-2020-coordinacion-zona-8bdc8da1.md  |  section_path=['Servicios', 'Otros servicios', 'RENDICIÓN DE CUENTAS ARCSA', 'Proceso de Rendición de Cuentas 2020']  |  status=captured
[2026-08-26T15:23:20Z] [INFO] Capturando página: https://www.controlsanitario.gob.ec/proceso-de-rendicion-de-cuentas-arcsa-2020-coordinacion-zonal-3/  |  section_path=['Servicios', 'Otros servicios', 'RENDICIÓN DE CUENTAS ARCSA', 'Proceso de Rendición de Cuentas 2020']
[2026-08-26T15:23:22Z] [INFO] [N3] Guardado: C:\Users\jarri\Desktop\RagChatbot\chatbot\scraping\pages\servicios\otros-servicios\rendicion-de-cuentas-arcsa\proceso-de-rendicion-de-cuentas-2020\proceso-de-rendicion-de-cuentas-arcsa-2020-coordinacion-zona-dfff7dde.md  |  section_path=['Servicios', 'Otros servicios', 'RENDICIÓN DE CUENTAS ARCSA', 'Proceso de Rendición de Cuentas 2020']  |  status=captured
[2026-08-26T15:23:24Z] [INFO] Capturando página: https://www.controlsanitario.gob.ec/proceso-de-rendicion-de-cuentas-arcsa-2020-coordinacion-zonal-4/  |  section_path=['Servicios', 'Otros servicios', 'RENDICIÓN DE CUENTAS ARCSA', 'Proceso de Rendición de Cuentas 2020']
[2026-08-26T15:23:26Z] [INFO] [N3] Guardado: C:\Users\jarri\Desktop\RagChatbot\chatbot\scraping\pages\servicios\otros-servicios\rendicion-de-cuentas-arcsa\proceso-de-rendicion-de-cuentas-2020\proceso-de-rendicion-de-cuentas-arcsa-2020-coordinacion-zona-955895f0.md  |  section_path=['Servicios', 'Otros servicios', 'RENDICIÓN DE CUENTAS ARCSA', 'Proceso de Rendición de Cuentas 2020']  |  status=captured
[2026-08-26T15:23:27Z] [INFO] Capturando página: https://www.controlsanitario.gob.ec/proceso-de-rendicion-de-cuentas-arcsa-2020-coordinacion-zonal-5/  |  section_path=['Servicios', 'Otros servicios', 'RENDICIÓN DE CUENTAS ARCSA', 'Proceso de Rendición de Cuentas 2020']
[2026-08-26T15:23:29Z] [INFO] [N3] Guardado: C:\Users\jarri\Desktop\RagChatbot\chatbot\scraping\pages\servicios\otros-servicios\rendicion-de-cuentas-arcsa\proceso-de-rendicion-de-cuentas-2020\proceso-de-rendicion-de-cuentas-arcsa-2020-coordinacion-zona-309493ea.md  |  section_path=['Servicios', 'Otros servicios', 'RENDICIÓN DE CUENTAS ARCSA', 'Proceso de Rendición de Cuentas 2020']  |  status=captured
[2026-08-26T15:23:31Z] [INFO] Capturando página: https://www.controlsanitario.gob.ec/proceso-de-rendicion-de-cuentas-arcsa-2020-coordinacion-zonal-6/  |  section_path=['Servicios', 'Otros servicios', 'RENDICIÓN DE CUENTAS ARCSA', 'Proceso de Rendición de Cuentas 2020']
[2026-08-26T15:23:33Z] [INFO] [N3] Guardado: C:\Users\jarri\Desktop\RagChatbot\chatbot\scraping\pages\servicios\otros-servicios\rendicion-de-cuentas-arcsa\proceso-de-rendicion-de-cuentas-2020\proceso-de-rendicion-de-cuentas-arcsa-2020-coordinacion-zona-efb5ef7c.md  |  section_path=['Servicios', 'Otros servicios', 'RENDICIÓN DE CUENTAS ARCSA', 'Proceso de Rendición de Cuentas 2020']  |  status=captured
[2026-08-26T15:23:34Z] [INFO] Capturando página: https://www.controlsanitario.gob.ec/proceso-de-rendicion-de-cuentas-arcsa-2020-coordinacion-zonal-7/  |  section_path=['Servicios', 'Otros servicios', 'RENDICIÓN DE CUENTAS ARCSA', 'Proceso de Rendición de Cuentas 2020']
[2026-08-26T15:23:36Z] [INFO] [N3] Guardado: C:\Users\jarri\Desktop\RagChatbot\chatbot\scraping\pages\servicios\otros-servicios\rendicion-de-cuentas-arcsa\proceso-de-rendicion-de-cuentas-2020\proceso-de-rendicion-de-cuentas-arcsa-2020-coordinacion-zona-e8d6ea90.md  |  section_path=['Servicios', 'Otros servicios', 'RENDICIÓN DE CUENTAS ARCSA', 'Proceso de Rendición de Cuentas 2020']  |  status=captured
[2026-08-26T15:23:38Z] [INFO] Capturando página: https://www.controlsanitario.gob.ec/proceso-de-rendicion-de-cuentas-arcsa-2020-coordinacion-zonal-8/  |  section_path=['Servicios', 'Otros servicios', 'RENDICIÓN DE CUENTAS ARCSA', 'Proceso de Rendición de Cuentas 2020']
[2026-08-26T15:23:40Z] [INFO] [N3] Guardado: C:\Users\jarri\Desktop\RagChatbot\chatbot\scraping\pages\servicios\otros-servicios\rendicion-de-cuentas-arcsa\proceso-de-rendicion-de-cuentas-2020\proceso-de-rendicion-de-cuentas-arcsa-2020-coordinacion-zona-8e1c52bd.md  |  section_path=['Servicios', 'Otros servicios', 'RENDICIÓN DE CUENTAS ARCSA', 'Proceso de Rendición de Cuentas 2020']  |  status=captured
[2026-08-26T15:23:41Z] [INFO] Capturando página: https://www.controlsanitario.gob.ec/proceso-de-rendicion-de-cuentas-arcsa-2020-coordinacion-zonal-9/  |  section_path=['Servicios', 'Otros servicios', 'RENDICIÓN DE CUENTAS ARCSA', 'Proceso de Rendición de Cuentas 2020']
[2026-08-26T15:23:43Z] [INFO] [N3] Guardado: C:\Users\jarri\Desktop\RagChatbot\chatbot\scraping\pages\servicios\otros-servicios\rendicion-de-cuentas-arcsa\proceso-de-rendicion-de-cuentas-2020\proceso-de-rendicion-de-cuentas-arcsa-2020-coordinacion-zona-403e1cea.md  |  section_path=['Servicios', 'Otros servicios', 'RENDICIÓN DE CUENTAS ARCSA', 'Proceso de Rendición de Cuentas 2020']  |  status=captured
[2026-08-26T15:23:44Z] [INFO] Capturando página: https://www.controlsanitario.gob.ec/proceso-de-rendicion-de-cuentas-arcsa-2019-2/  |  section_path=['Servicios', 'Otros servicios', 'RENDICIÓN DE CUENTAS ARCSA', 'Proceso de Rendición de Cuentas Arcsa 2019']
[2026-08-26T15:23:47Z] [INFO] [N3] Guardado: C:\Users\jarri\Desktop\RagChatbot\chatbot\scraping\pages\servicios\otros-servicios\rendicion-de-cuentas-arcsa\proceso-de-rendicion-de-cuentas-arcsa-2019\proceso-de-rendicion-de-cuentas-arcsa-2019-planta-central-fd1b4a5d.md  |  section_path=['Servicios', 'Otros servicios', 'RENDICIÓN DE CUENTAS ARCSA', 'Proceso de Rendición de Cuentas Arcsa 2019']  |  status=captured
[2026-08-26T15:23:48Z] [INFO] Capturando página: https://www.controlsanitario.gob.ec/proceso-de-rendicion-de-cuentas-arcsa-2019-coordinacion-zonal-1/  |  section_path=['Servicios', 'Otros servicios', 'RENDICIÓN DE CUENTAS ARCSA', 'Proceso de Rendición de Cuentas Arcsa 2019']
[2026-08-26T15:23:50Z] [INFO] [N3] Guardado: C:\Users\jarri\Desktop\RagChatbot\chatbot\scraping\pages\servicios\otros-servicios\rendicion-de-cuentas-arcsa\proceso-de-rendicion-de-cuentas-arcsa-2019\proceso-de-rendicion-de-cuentas-arcsa-2019-coordinacion-zona-a95c5b94.md  |  section_path=['Servicios', 'Otros servicios', 'RENDICIÓN DE CUENTAS ARCSA', 'Proceso de Rendición de Cuentas Arcsa 2019']  |  status=captured
[2026-08-26T15:23:52Z] [INFO] Capturando página: https://www.controlsanitario.gob.ec/proceso-de-rendicion-de-cuentas-arcsa-2019-coordinacion-zonal-2/  |  section_path=['Servicios', 'Otros servicios', 'RENDICIÓN DE CUENTAS ARCSA', 'Proceso de Rendición de Cuentas Arcsa 2019']
[2026-08-26T15:23:54Z] [INFO] [N3] Guardado: C:\Users\jarri\Desktop\RagChatbot\chatbot\scraping\pages\servicios\otros-servicios\rendicion-de-cuentas-arcsa\proceso-de-rendicion-de-cuentas-arcsa-2019\proceso-de-rendicion-de-cuentas-arcsa-2019-coordinacion-zona-e5aee7cc.md  |  section_path=['Servicios', 'Otros servicios', 'RENDICIÓN DE CUENTAS ARCSA', 'Proceso de Rendición de Cuentas Arcsa 2019']  |  status=captured
[2026-08-26T15:23:55Z] [INFO] Capturando página: https://www.controlsanitario.gob.ec/proceso-de-rendicion-de-cuentas-arcsa-2019-coordinacion-zonal-3/  |  section_path=['Servicios', 'Otros servicios', 'RENDICIÓN DE CUENTAS ARCSA', 'Proceso de Rendición de Cuentas Arcsa 2019']
[2026-08-26T15:23:57Z] [INFO] [N3] Guardado: C:\Users\jarri\Desktop\RagChatbot\chatbot\scraping\pages\servicios\otros-servicios\rendicion-de-cuentas-arcsa\proceso-de-rendicion-de-cuentas-arcsa-2019\proceso-de-rendicion-de-cuentas-arcsa-2019-coordinacion-zona-2ea7da10.md  |  section_path=['Servicios', 'Otros servicios', 'RENDICIÓN DE CUENTAS ARCSA', 'Proceso de Rendición de Cuentas Arcsa 2019']  |  status=captured
[2026-08-26T15:23:58Z] [INFO] Capturando página: https://www.controlsanitario.gob.ec/proceso-de-rendicion-de-cuentas-arcsa-2019-coordinacion-zonal-4/  |  section_path=['Servicios', 'Otros servicios', 'RENDICIÓN DE CUENTAS ARCSA', 'Proceso de Rendición de Cuentas Arcsa 2019']
[2026-08-26T15:24:00Z] [INFO] [N3] Guardado: C:\Users\jarri\Desktop\RagChatbot\chatbot\scraping\pages\servicios\otros-servicios\rendicion-de-cuentas-arcsa\proceso-de-rendicion-de-cuentas-arcsa-2019\proceso-de-rendicion-de-cuentas-arcsa-2019-coordinacion-zona-6e161a5e.md  |  section_path=['Servicios', 'Otros servicios', 'RENDICIÓN DE CUENTAS ARCSA', 'Proceso de Rendición de Cuentas Arcsa 2019']  |  status=captured
[2026-08-26T15:24:02Z] [INFO] Capturando página: https://www.controlsanitario.gob.ec/proceso-de-rendicion-de-cuentas-arcsa-2019-coordinacion-zonal-5/  |  section_path=['Servicios', 'Otros servicios', 'RENDICIÓN DE CUENTAS ARCSA', 'Proceso de Rendición de Cuentas Arcsa 2019']
[2026-08-26T15:24:04Z] [INFO] [N3] Guardado: C:\Users\jarri\Desktop\RagChatbot\chatbot\scraping\pages\servicios\otros-servicios\rendicion-de-cuentas-arcsa\proceso-de-rendicion-de-cuentas-arcsa-2019\proceso-de-rendicion-de-cuentas-arcsa-2019-coordinacion-zona-69fa5aba.md  |  section_path=['Servicios', 'Otros servicios', 'RENDICIÓN DE CUENTAS ARCSA', 'Proceso de Rendición de Cuentas Arcsa 2019']  |  status=captured
[2026-08-26T15:24:05Z] [INFO] Capturando página: https://www.controlsanitario.gob.ec/proceso-de-rendicion-de-cuentas-arcsa-2019-coordinacion-zonal-6/  |  section_path=['Servicios', 'Otros servicios', 'RENDICIÓN DE CUENTAS ARCSA', 'Proceso de Rendición de Cuentas Arcsa 2019']
[2026-08-26T15:24:07Z] [INFO] [N3] Guardado: C:\Users\jarri\Desktop\RagChatbot\chatbot\scraping\pages\servicios\otros-servicios\rendicion-de-cuentas-arcsa\proceso-de-rendicion-de-cuentas-arcsa-2019\proceso-de-rendicion-de-cuentas-arcsa-2019-coordinacion-zona-58c14bb3.md  |  section_path=['Servicios', 'Otros servicios', 'RENDICIÓN DE CUENTAS ARCSA', 'Proceso de Rendición de Cuentas Arcsa 2019']  |  status=captured
[2026-08-26T15:24:08Z] [INFO] Capturando página: https://www.controlsanitario.gob.ec/proceso-de-rendicion-de-cuentas-arcsa-2019-coordinacion-zonal-7/  |  section_path=['Servicios', 'Otros servicios', 'RENDICIÓN DE CUENTAS ARCSA', 'Proceso de Rendición de Cuentas Arcsa 2019']
[2026-08-26T15:24:10Z] [INFO] [N3] Guardado: C:\Users\jarri\Desktop\RagChatbot\chatbot\scraping\pages\servicios\otros-servicios\rendicion-de-cuentas-arcsa\proceso-de-rendicion-de-cuentas-arcsa-2019\proceso-de-rendicion-de-cuentas-arcsa-2019-coordinacion-zona-1a1c21c3.md  |  section_path=['Servicios', 'Otros servicios', 'RENDICIÓN DE CUENTAS ARCSA', 'Proceso de Rendición de Cuentas Arcsa 2019']  |  status=captured
[2026-08-26T15:24:12Z] [INFO] Capturando página: https://www.controlsanitario.gob.ec/proceso-de-rendicion-de-cuentas-arcsa-2019-coordinacion-zonal-8/  |  section_path=['Servicios', 'Otros servicios', 'RENDICIÓN DE CUENTAS ARCSA', 'Proceso de Rendición de Cuentas Arcsa 2019']
[2026-08-26T15:24:14Z] [INFO] [N3] Guardado: C:\Users\jarri\Desktop\RagChatbot\chatbot\scraping\pages\servicios\otros-servicios\rendicion-de-cuentas-arcsa\proceso-de-rendicion-de-cuentas-arcsa-2019\proceso-de-rendicion-de-cuentas-arcsa-2019-coordinacion-zona-2b1db6d6.md  |  section_path=['Servicios', 'Otros servicios', 'RENDICIÓN DE CUENTAS ARCSA', 'Proceso de Rendición de Cuentas Arcsa 2019']  |  status=captured
[2026-08-26T15:24:15Z] [INFO] Capturando página: https://www.controlsanitario.gob.ec/proceso-de-rendicion-de-cuentas-arcsa-2019-coordinacion-zonal-9/  |  section_path=['Servicios', 'Otros servicios', 'RENDICIÓN DE CUENTAS ARCSA', 'Proceso de Rendición de Cuentas Arcsa 2019']
[2026-08-26T15:24:17Z] [INFO] [N3] Guardado: C:\Users\jarri\Desktop\RagChatbot\chatbot\scraping\pages\servicios\otros-servicios\rendicion-de-cuentas-arcsa\proceso-de-rendicion-de-cuentas-arcsa-2019\proceso-de-rendicion-de-cuentas-arcsa-2019-coordinacion-zona-c2db23f2.md  |  section_path=['Servicios', 'Otros servicios', 'RENDICIÓN DE CUENTAS ARCSA', 'Proceso de Rendición de Cuentas Arcsa 2019']  |  status=captured
[2026-08-26T15:24:18Z] [INFO] Capturando página: https://www.controlsanitario.gob.ec/proceso-de-rendicion-de-cuentas-arcsa-2018-planta-central/  |  section_path=['Servicios', 'Otros servicios', 'RENDICIÓN DE CUENTAS ARCSA', 'Proceso de Rendición de Cuentas Arcsa 2018']
[2026-08-26T15:24:20Z] [INFO] [N3] Guardado: C:\Users\jarri\Desktop\RagChatbot\chatbot\scraping\pages\servicios\otros-servicios\rendicion-de-cuentas-arcsa\proceso-de-rendicion-de-cuentas-arcsa-2018\proceso-de-rendicion-de-cuentas-arcsa-2018-planta-central-74ffcd94.md  |  section_path=['Servicios', 'Otros servicios', 'RENDICIÓN DE CUENTAS ARCSA', 'Proceso de Rendición de Cuentas Arcsa 2018']  |  status=captured
[2026-08-26T15:24:22Z] [INFO] Capturando página: https://www.controlsanitario.gob.ec/proceso-de-rendicion-de-cuentas-arcsa-2018-coordinacion-zonal-1/  |  section_path=['Servicios', 'Otros servicios', 'RENDICIÓN DE CUENTAS ARCSA', 'Proceso de Rendición de Cuentas Arcsa 2018']
[2026-08-26T15:24:24Z] [INFO] [N3] Guardado: C:\Users\jarri\Desktop\RagChatbot\chatbot\scraping\pages\servicios\otros-servicios\rendicion-de-cuentas-arcsa\proceso-de-rendicion-de-cuentas-arcsa-2018\proceso-de-rendicion-de-cuentas-arcsa-2018-coordinacion-zona-bdb3b51e.md  |  section_path=['Servicios', 'Otros servicios', 'RENDICIÓN DE CUENTAS ARCSA', 'Proceso de Rendición de Cuentas Arcsa 2018']  |  status=captured
[2026-08-26T15:24:25Z] [INFO] Capturando página: https://www.controlsanitario.gob.ec/proceso-de-rendicion-de-cuentas-arcsa-2018-coordinacion-zonal-2/  |  section_path=['Servicios', 'Otros servicios', 'RENDICIÓN DE CUENTAS ARCSA', 'Proceso de Rendición de Cuentas Arcsa 2018']
[2026-08-26T15:24:27Z] [INFO] [N3] Guardado: C:\Users\jarri\Desktop\RagChatbot\chatbot\scraping\pages\servicios\otros-servicios\rendicion-de-cuentas-arcsa\proceso-de-rendicion-de-cuentas-arcsa-2018\proceso-de-rendicion-de-cuentas-arcsa-2018-coordinacion-zona-9a923e5b.md  |  section_path=['Servicios', 'Otros servicios', 'RENDICIÓN DE CUENTAS ARCSA', 'Proceso de Rendición de Cuentas Arcsa 2018']  |  status=captured
[2026-08-26T15:24:29Z] [INFO] Capturando página: https://www.controlsanitario.gob.ec/proceso-de-rendicion-de-cuentas-arcsa-2018-coordinacion-zonal-3/  |  section_path=['Servicios', 'Otros servicios', 'RENDICIÓN DE CUENTAS ARCSA', 'Proceso de Rendición de Cuentas Arcsa 2018']
[2026-08-26T15:24:30Z] [INFO] [N3] Guardado: C:\Users\jarri\Desktop\RagChatbot\chatbot\scraping\pages\servicios\otros-servicios\rendicion-de-cuentas-arcsa\proceso-de-rendicion-de-cuentas-arcsa-2018\proceso-de-rendicion-de-cuentas-arcsa-2018-coordinacion-zona-4a951364.md  |  section_path=['Servicios', 'Otros servicios', 'RENDICIÓN DE CUENTAS ARCSA', 'Proceso de Rendición de Cuentas Arcsa 2018']  |  status=captured
[2026-08-26T15:24:32Z] [INFO] Capturando página: https://www.controlsanitario.gob.ec/proceso-de-rendicion-de-cuentas-arcsa-2018-coordinacion-zonal-4/  |  section_path=['Servicios', 'Otros servicios', 'RENDICIÓN DE CUENTAS ARCSA', 'Proceso de Rendición de Cuentas Arcsa 2018']
[2026-08-26T15:24:34Z] [INFO] [N3] Guardado: C:\Users\jarri\Desktop\RagChatbot\chatbot\scraping\pages\servicios\otros-servicios\rendicion-de-cuentas-arcsa\proceso-de-rendicion-de-cuentas-arcsa-2018\proceso-de-rendicion-de-cuentas-arcsa-2018-coordinacion-zona-d64ba240.md  |  section_path=['Servicios', 'Otros servicios', 'RENDICIÓN DE CUENTAS ARCSA', 'Proceso de Rendición de Cuentas Arcsa 2018']  |  status=captured
[2026-08-26T15:24:35Z] [INFO] Capturando página: https://www.controlsanitario.gob.ec/proceso-de-rendicion-de-cuentas-arcsa-2018-coordinacion-zonal-5/  |  section_path=['Servicios', 'Otros servicios', 'RENDICIÓN DE CUENTAS ARCSA', 'Proceso de Rendición de Cuentas Arcsa 2018']
[2026-08-26T15:24:37Z] [INFO] [N3] Guardado: C:\Users\jarri\Desktop\RagChatbot\chatbot\scraping\pages\servicios\otros-servicios\rendicion-de-cuentas-arcsa\proceso-de-rendicion-de-cuentas-arcsa-2018\proceso-de-rendicion-de-cuentas-arcsa-2018-coordinacion-zona-cee9ad89.md  |  section_path=['Servicios', 'Otros servicios', 'RENDICIÓN DE CUENTAS ARCSA', 'Proceso de Rendición de Cuentas Arcsa 2018']  |  status=captured
[2026-08-26T15:24:39Z] [INFO] Capturando página: https://www.controlsanitario.gob.ec/proceso-de-rendicion-de-cuentas-arcsa-2018-coordinacion-zonal-6/  |  section_path=['Servicios', 'Otros servicios', 'RENDICIÓN DE CUENTAS ARCSA', 'Proceso de Rendición de Cuentas Arcsa 2018']
[2026-08-26T15:24:41Z] [INFO] [N3] Guardado: C:\Users\jarri\Desktop\RagChatbot\chatbot\scraping\pages\servicios\otros-servicios\rendicion-de-cuentas-arcsa\proceso-de-rendicion-de-cuentas-arcsa-2018\proceso-de-rendicion-de-cuentas-arcsa-2018-coordinacion-zona-15123709.md  |  section_path=['Servicios', 'Otros servicios', 'RENDICIÓN DE CUENTAS ARCSA', 'Proceso de Rendición de Cuentas Arcsa 2018']  |  status=captured
[2026-08-26T15:24:42Z] [INFO] Capturando página: https://www.controlsanitario.gob.ec/proceso-de-rendicion-de-cuentas-arcsa-2018-coordinacion-zonal-7/  |  section_path=['Servicios', 'Otros servicios', 'RENDICIÓN DE CUENTAS ARCSA', 'Proceso de Rendición de Cuentas Arcsa 2018']
[2026-08-26T15:24:44Z] [INFO] [N3] Guardado: C:\Users\jarri\Desktop\RagChatbot\chatbot\scraping\pages\servicios\otros-servicios\rendicion-de-cuentas-arcsa\proceso-de-rendicion-de-cuentas-arcsa-2018\proceso-de-rendicion-de-cuentas-arcsa-2018-coordinacion-zona-6bad1ba0.md  |  section_path=['Servicios', 'Otros servicios', 'RENDICIÓN DE CUENTAS ARCSA', 'Proceso de Rendición de Cuentas Arcsa 2018']  |  status=captured
[2026-08-26T15:24:46Z] [INFO] Capturando página: https://www.controlsanitario.gob.ec/proceso-de-rendicion-de-cuentas-arcsa-2018-coordinacion-zonal-8/  |  section_path=['Servicios', 'Otros servicios', 'RENDICIÓN DE CUENTAS ARCSA', 'Proceso de Rendición de Cuentas Arcsa 2018']
[2026-08-26T15:24:47Z] [INFO] [N3] Guardado: C:\Users\jarri\Desktop\RagChatbot\chatbot\scraping\pages\servicios\otros-servicios\rendicion-de-cuentas-arcsa\proceso-de-rendicion-de-cuentas-arcsa-2018\proceso-de-rendicion-de-cuentas-arcsa-2018-coordinacion-zona-44b35c04.md  |  section_path=['Servicios', 'Otros servicios', 'RENDICIÓN DE CUENTAS ARCSA', 'Proceso de Rendición de Cuentas Arcsa 2018']  |  status=captured
[2026-08-26T15:24:49Z] [INFO] Capturando página: https://www.controlsanitario.gob.ec/proceso-de-rendicion-de-cuentas-arcsa-2018-coordinacion-zonal-9/  |  section_path=['Servicios', 'Otros servicios', 'RENDICIÓN DE CUENTAS ARCSA', 'Proceso de Rendición de Cuentas Arcsa 2018']
[2026-08-26T15:24:51Z] [INFO] [N3] Guardado: C:\Users\jarri\Desktop\RagChatbot\chatbot\scraping\pages\servicios\otros-servicios\rendicion-de-cuentas-arcsa\proceso-de-rendicion-de-cuentas-arcsa-2018\proceso-de-rendicion-de-cuentas-arcsa-2018-coordinacion-zona-f5d45109.md  |  section_path=['Servicios', 'Otros servicios', 'RENDICIÓN DE CUENTAS ARCSA', 'Proceso de Rendición de Cuentas Arcsa 2018']  |  status=captured
[2026-08-26T15:24:52Z] [INFO] Capturando página: http://www.controlsanitario.gob.ec/proceso-de-rendicion-de-cuentas-arcsa-2016-planta-central/  |  section_path=['Servicios', 'Otros servicios', 'RENDICIÓN DE CUENTAS ARCSA', 'Proceso de Rendición de Cuentas Arcsa 2016']
[2026-08-26T15:24:54Z] [INFO] [N3] Guardado: C:\Users\jarri\Desktop\RagChatbot\chatbot\scraping\pages\servicios\otros-servicios\rendicion-de-cuentas-arcsa\proceso-de-rendicion-de-cuentas-arcsa-2016\proceso-de-rendicion-de-cuentas-arcsa-2016-planta-central-52607728.md  |  section_path=['Servicios', 'Otros servicios', 'RENDICIÓN DE CUENTAS ARCSA', 'Proceso de Rendición de Cuentas Arcsa 2016']  |  status=captured
[2026-08-26T15:24:56Z] [INFO] Capturando página: http://www.controlsanitario.gob.ec/proceso-de-rendicion-de-cuentas-arcsa-2016-coordinacion-zonal-1/  |  section_path=['Servicios', 'Otros servicios', 'RENDICIÓN DE CUENTAS ARCSA', 'Proceso de Rendición de Cuentas Arcsa 2016']
[2026-08-26T15:24:58Z] [INFO] [N3] Guardado: C:\Users\jarri\Desktop\RagChatbot\chatbot\scraping\pages\servicios\otros-servicios\rendicion-de-cuentas-arcsa\proceso-de-rendicion-de-cuentas-arcsa-2016\proceso-de-rendicion-de-cuentas-arcsa-2016-coordinacion-zona-81813319.md  |  section_path=['Servicios', 'Otros servicios', 'RENDICIÓN DE CUENTAS ARCSA', 'Proceso de Rendición de Cuentas Arcsa 2016']  |  status=captured
[2026-08-26T15:24:59Z] [INFO] Capturando página: http://www.controlsanitario.gob.ec/proceso-de-rendicion-de-cuentas-arcsa-2016-coordinacion-zonal-2/  |  section_path=['Servicios', 'Otros servicios', 'RENDICIÓN DE CUENTAS ARCSA', 'Proceso de Rendición de Cuentas Arcsa 2016']
[2026-08-26T15:25:01Z] [INFO] [N3] Guardado: C:\Users\jarri\Desktop\RagChatbot\chatbot\scraping\pages\servicios\otros-servicios\rendicion-de-cuentas-arcsa\proceso-de-rendicion-de-cuentas-arcsa-2016\proceso-de-rendicion-de-cuentas-arcsa-2016-coordinacion-zona-09b4620a.md  |  section_path=['Servicios', 'Otros servicios', 'RENDICIÓN DE CUENTAS ARCSA', 'Proceso de Rendición de Cuentas Arcsa 2016']  |  status=captured
[2026-08-26T15:25:03Z] [INFO] Capturando página: http://www.controlsanitario.gob.ec/proceso-de-rendicion-de-cuentas-arcsa-2016-coordinacion-zonal-3/  |  section_path=['Servicios', 'Otros servicios', 'RENDICIÓN DE CUENTAS ARCSA', 'Proceso de Rendición de Cuentas Arcsa 2016']
[2026-08-26T15:25:04Z] [INFO] [N3] Guardado: C:\Users\jarri\Desktop\RagChatbot\chatbot\scraping\pages\servicios\otros-servicios\rendicion-de-cuentas-arcsa\proceso-de-rendicion-de-cuentas-arcsa-2016\proceso-de-rendicion-de-cuentas-arcsa-2016-coordinacion-zona-e37934f4.md  |  section_path=['Servicios', 'Otros servicios', 'RENDICIÓN DE CUENTAS ARCSA', 'Proceso de Rendición de Cuentas Arcsa 2016']  |  status=captured
[2026-08-26T15:25:06Z] [INFO] Capturando página: http://www.controlsanitario.gob.ec/proceso-de-rendicion-de-cuentas-arcsa-2016-coordinacion-zonal-4/  |  section_path=['Servicios', 'Otros servicios', 'RENDICIÓN DE CUENTAS ARCSA', 'Proceso de Rendición de Cuentas Arcsa 2016']
[2026-08-26T15:25:08Z] [INFO] [N3] Guardado: C:\Users\jarri\Desktop\RagChatbot\chatbot\scraping\pages\servicios\otros-servicios\rendicion-de-cuentas-arcsa\proceso-de-rendicion-de-cuentas-arcsa-2016\proceso-de-rendicion-de-cuentas-arcsa-2016-coordinacion-zona-5078f3a8.md  |  section_path=['Servicios', 'Otros servicios', 'RENDICIÓN DE CUENTAS ARCSA', 'Proceso de Rendición de Cuentas Arcsa 2016']  |  status=captured
[2026-08-26T15:25:09Z] [INFO] Capturando página: http://www.controlsanitario.gob.ec/proceso-de-rendicion-de-cuentas-arcsa-2016-coordinacion-zonal-5/  |  section_path=['Servicios', 'Otros servicios', 'RENDICIÓN DE CUENTAS ARCSA', 'Proceso de Rendición de Cuentas Arcsa 2016']
[2026-08-26T15:25:11Z] [INFO] [N3] Guardado: C:\Users\jarri\Desktop\RagChatbot\chatbot\scraping\pages\servicios\otros-servicios\rendicion-de-cuentas-arcsa\proceso-de-rendicion-de-cuentas-arcsa-2016\proceso-de-rendicion-de-cuentas-arcsa-2016-coordinacion-zona-eb849c15.md  |  section_path=['Servicios', 'Otros servicios', 'RENDICIÓN DE CUENTAS ARCSA', 'Proceso de Rendición de Cuentas Arcsa 2016']  |  status=captured
[2026-08-26T15:25:13Z] [INFO] Capturando página: http://www.controlsanitario.gob.ec/proceso-de-rendicion-de-cuentas-arcsa-2016-coordinacion-zonal-6/  |  section_path=['Servicios', 'Otros servicios', 'RENDICIÓN DE CUENTAS ARCSA', 'Proceso de Rendición de Cuentas Arcsa 2016']
[2026-08-26T15:25:15Z] [INFO] [N3] Guardado: C:\Users\jarri\Desktop\RagChatbot\chatbot\scraping\pages\servicios\otros-servicios\rendicion-de-cuentas-arcsa\proceso-de-rendicion-de-cuentas-arcsa-2016\proceso-de-rendicion-de-cuentas-arcsa-2016-coordinacion-zona-49ebe1d0.md  |  section_path=['Servicios', 'Otros servicios', 'RENDICIÓN DE CUENTAS ARCSA', 'Proceso de Rendición de Cuentas Arcsa 2016']  |  status=captured
[2026-08-26T15:25:16Z] [INFO] Capturando página: http://www.controlsanitario.gob.ec/proceso-de-rendicion-de-cuentas-arcsa-2016-coordinacion-zonal-7/  |  section_path=['Servicios', 'Otros servicios', 'RENDICIÓN DE CUENTAS ARCSA', 'Proceso de Rendición de Cuentas Arcsa 2016']
[2026-08-26T15:25:18Z] [INFO] [N3] Guardado: C:\Users\jarri\Desktop\RagChatbot\chatbot\scraping\pages\servicios\otros-servicios\rendicion-de-cuentas-arcsa\proceso-de-rendicion-de-cuentas-arcsa-2016\proceso-de-rendicion-de-cuentas-arcsa-2016-coordinacion-zona-20ad73fb.md  |  section_path=['Servicios', 'Otros servicios', 'RENDICIÓN DE CUENTAS ARCSA', 'Proceso de Rendición de Cuentas Arcsa 2016']  |  status=captured
[2026-08-26T15:25:19Z] [INFO] Capturando página: http://www.controlsanitario.gob.ec/proceso-de-rendicion-de-cuentas-arcsa-2016-coordinacion-zonal-8/  |  section_path=['Servicios', 'Otros servicios', 'RENDICIÓN DE CUENTAS ARCSA', 'Proceso de Rendición de Cuentas Arcsa 2016']
[2026-08-26T15:25:21Z] [INFO] [N3] Guardado: C:\Users\jarri\Desktop\RagChatbot\chatbot\scraping\pages\servicios\otros-servicios\rendicion-de-cuentas-arcsa\proceso-de-rendicion-de-cuentas-arcsa-2016\proceso-de-rendicion-de-cuentas-arcsa-2016-coordinacion-zona-1bf5efeb.md  |  section_path=['Servicios', 'Otros servicios', 'RENDICIÓN DE CUENTAS ARCSA', 'Proceso de Rendición de Cuentas Arcsa 2016']  |  status=captured
[2026-08-26T15:25:23Z] [INFO] Capturando página: http://www.controlsanitario.gob.ec/proceso-de-rendicion-de-cuentas-arcsa-2016-coordinacion-zonal-9/  |  section_path=['Servicios', 'Otros servicios', 'RENDICIÓN DE CUENTAS ARCSA', 'Proceso de Rendición de Cuentas Arcsa 2016']
[2026-08-26T15:25:25Z] [INFO] [N3] Guardado: C:\Users\jarri\Desktop\RagChatbot\chatbot\scraping\pages\servicios\otros-servicios\rendicion-de-cuentas-arcsa\proceso-de-rendicion-de-cuentas-arcsa-2016\proceso-de-rendicion-de-cuentas-arcsa-2016-coordinacion-zona-9ce2195a.md  |  section_path=['Servicios', 'Otros servicios', 'RENDICIÓN DE CUENTAS ARCSA', 'Proceso de Rendición de Cuentas Arcsa 2016']  |  status=captured
[2026-08-26T15:25:26Z] [INFO] Capturando página: http://www.controlsanitario.gob.ec/planta-central-rc2015/  |  section_path=['Servicios', 'Otros servicios', 'RENDICIÓN DE CUENTAS ARCSA', 'Rendición de Cuentas 2015']
[2026-08-26T15:25:28Z] [INFO] [N3] Guardado: C:\Users\jarri\Desktop\RagChatbot\chatbot\scraping\pages\servicios\otros-servicios\rendicion-de-cuentas-arcsa\rendicion-de-cuentas-2015\planta-central-rc2015-3d53c586.md  |  section_path=['Servicios', 'Otros servicios', 'RENDICIÓN DE CUENTAS ARCSA', 'Rendición de Cuentas 2015']  |  status=captured
[2026-08-26T15:25:30Z] [INFO] Capturando página: http://www.controlsanitario.gob.ec/coordinacion-zonal-1-rc2015/  |  section_path=['Servicios', 'Otros servicios', 'RENDICIÓN DE CUENTAS ARCSA', 'Rendición de Cuentas 2015']
[2026-08-26T15:25:32Z] [INFO] [N3] Guardado: C:\Users\jarri\Desktop\RagChatbot\chatbot\scraping\pages\servicios\otros-servicios\rendicion-de-cuentas-arcsa\rendicion-de-cuentas-2015\coordinacion-zonal-1-rc2015-646bd6ab.md  |  section_path=['Servicios', 'Otros servicios', 'RENDICIÓN DE CUENTAS ARCSA', 'Rendición de Cuentas 2015']  |  status=captured
[2026-08-26T15:25:33Z] [INFO] Capturando página: http://www.controlsanitario.gob.ec/coordinacion-zonal-2-rc2015/  |  section_path=['Servicios', 'Otros servicios', 'RENDICIÓN DE CUENTAS ARCSA', 'Rendición de Cuentas 2015']
[2026-08-26T15:25:35Z] [INFO] [N3] Guardado: C:\Users\jarri\Desktop\RagChatbot\chatbot\scraping\pages\servicios\otros-servicios\rendicion-de-cuentas-arcsa\rendicion-de-cuentas-2015\coordinacion-zonal-2-rc2015-ada72641.md  |  section_path=['Servicios', 'Otros servicios', 'RENDICIÓN DE CUENTAS ARCSA', 'Rendición de Cuentas 2015']  |  status=captured
[2026-08-26T15:25:37Z] [INFO] Capturando página: http://www.controlsanitario.gob.ec/coordinacion-zonal-3-rc2015/  |  section_path=['Servicios', 'Otros servicios', 'RENDICIÓN DE CUENTAS ARCSA', 'Rendición de Cuentas 2015']
[2026-08-26T15:25:39Z] [INFO] [N3] Guardado: C:\Users\jarri\Desktop\RagChatbot\chatbot\scraping\pages\servicios\otros-servicios\rendicion-de-cuentas-arcsa\rendicion-de-cuentas-2015\coordinacion-zonal-3-rc2015-c0a5f724.md  |  section_path=['Servicios', 'Otros servicios', 'RENDICIÓN DE CUENTAS ARCSA', 'Rendición de Cuentas 2015']  |  status=captured
[2026-08-26T15:25:40Z] [INFO] Capturando página: http://www.controlsanitario.gob.ec/coordinacion-zonal-4-rc2015/  |  section_path=['Servicios', 'Otros servicios', 'RENDICIÓN DE CUENTAS ARCSA', 'Rendición de Cuentas 2015']
[2026-08-26T15:25:42Z] [INFO] [N3] Guardado: C:\Users\jarri\Desktop\RagChatbot\chatbot\scraping\pages\servicios\otros-servicios\rendicion-de-cuentas-arcsa\rendicion-de-cuentas-2015\coordinacion-zonal-4-rc2015-60df0fc3.md  |  section_path=['Servicios', 'Otros servicios', 'RENDICIÓN DE CUENTAS ARCSA', 'Rendición de Cuentas 2015']  |  status=captured
[2026-08-26T15:25:44Z] [INFO] Capturando página: http://www.controlsanitario.gob.ec/coordinacion-zonal-5-rc2015/  |  section_path=['Servicios', 'Otros servicios', 'RENDICIÓN DE CUENTAS ARCSA', 'Rendición de Cuentas 2015']
[2026-08-26T15:25:46Z] [INFO] [N3] Guardado: C:\Users\jarri\Desktop\RagChatbot\chatbot\scraping\pages\servicios\otros-servicios\rendicion-de-cuentas-arcsa\rendicion-de-cuentas-2015\coordinacion-zonal-5-rc2015-34bc8453.md  |  section_path=['Servicios', 'Otros servicios', 'RENDICIÓN DE CUENTAS ARCSA', 'Rendición de Cuentas 2015']  |  status=captured
[2026-08-26T15:25:47Z] [INFO] Capturando página: http://www.controlsanitario.gob.ec/coordinacion-zonal-6-rc2015/  |  section_path=['Servicios', 'Otros servicios', 'RENDICIÓN DE CUENTAS ARCSA', 'Rendición de Cuentas 2015']
[2026-08-26T15:25:49Z] [INFO] [N3] Guardado: C:\Users\jarri\Desktop\RagChatbot\chatbot\scraping\pages\servicios\otros-servicios\rendicion-de-cuentas-arcsa\rendicion-de-cuentas-2015\coordinacion-zonal-6-rc2015-449ecb47.md  |  section_path=['Servicios', 'Otros servicios', 'RENDICIÓN DE CUENTAS ARCSA', 'Rendición de Cuentas 2015']  |  status=captured
[2026-08-26T15:25:51Z] [INFO] Capturando página: http://www.controlsanitario.gob.ec/coordinacion-zonal-7-rc2015/  |  section_path=['Servicios', 'Otros servicios', 'RENDICIÓN DE CUENTAS ARCSA', 'Rendición de Cuentas 2015']
[2026-08-26T15:25:53Z] [INFO] [N3] Guardado: C:\Users\jarri\Desktop\RagChatbot\chatbot\scraping\pages\servicios\otros-servicios\rendicion-de-cuentas-arcsa\rendicion-de-cuentas-2015\coordinacion-zonal-7-rc2015-15924a43.md  |  section_path=['Servicios', 'Otros servicios', 'RENDICIÓN DE CUENTAS ARCSA', 'Rendición de Cuentas 2015']  |  status=captured
[2026-08-26T15:25:54Z] [INFO] Capturando página: http://www.controlsanitario.gob.ec/coordinacion-zonal-8-rc2015/  |  section_path=['Servicios', 'Otros servicios', 'RENDICIÓN DE CUENTAS ARCSA', 'Rendición de Cuentas 2015']
[2026-08-26T15:25:56Z] [INFO] [N3] Guardado: C:\Users\jarri\Desktop\RagChatbot\chatbot\scraping\pages\servicios\otros-servicios\rendicion-de-cuentas-arcsa\rendicion-de-cuentas-2015\coordinacion-zonal-8-rc2015-9bc4fb30.md  |  section_path=['Servicios', 'Otros servicios', 'RENDICIÓN DE CUENTAS ARCSA', 'Rendición de Cuentas 2015']  |  status=captured
[2026-08-26T15:25:58Z] [INFO] Capturando página: http://www.controlsanitario.gob.ec/coordinacion-zonal-9-rc2015/  |  section_path=['Servicios', 'Otros servicios', 'RENDICIÓN DE CUENTAS ARCSA', 'Rendición de Cuentas 2015']
[2026-08-26T15:26:00Z] [INFO] [N3] Guardado: C:\Users\jarri\Desktop\RagChatbot\chatbot\scraping\pages\servicios\otros-servicios\rendicion-de-cuentas-arcsa\rendicion-de-cuentas-2015\coordinacion-zonal-9-rc2015-56bb5eec.md  |  section_path=['Servicios', 'Otros servicios', 'RENDICIÓN DE CUENTAS ARCSA', 'Rendición de Cuentas 2015']  |  status=captured
[2026-08-26T15:26:01Z] [INFO] Capturando página: http://www.controlsanitario.gob.ec/planta-central/  |  section_path=['Servicios', 'Otros servicios', 'RENDICIÓN DE CUENTAS ARCSA', 'Rendición de Cuentas 2014']
[2026-08-26T15:26:03Z] [INFO] [N3] Guardado: C:\Users\jarri\Desktop\RagChatbot\chatbot\scraping\pages\servicios\otros-servicios\rendicion-de-cuentas-arcsa\rendicion-de-cuentas-2014\fase-0-7ff670d2.md  |  section_path=['Servicios', 'Otros servicios', 'RENDICIÓN DE CUENTAS ARCSA', 'Rendición de Cuentas 2014']  |  status=captured
[2026-08-26T15:26:05Z] [INFO] Capturando página: http://www.controlsanitario.gob.ec/zona-1/  |  section_path=['Servicios', 'Otros servicios', 'RENDICIÓN DE CUENTAS ARCSA', 'Rendición de Cuentas 2014']
[2026-08-26T15:26:07Z] [INFO] [N3] Guardado: C:\Users\jarri\Desktop\RagChatbot\chatbot\scraping\pages\servicios\otros-servicios\rendicion-de-cuentas-arcsa\rendicion-de-cuentas-2014\fase-0-bc544e95.md  |  section_path=['Servicios', 'Otros servicios', 'RENDICIÓN DE CUENTAS ARCSA', 'Rendición de Cuentas 2014']  |  status=captured
[2026-08-26T15:26:08Z] [INFO] Capturando página: http://www.controlsanitario.gob.ec/zona2/  |  section_path=['Servicios', 'Otros servicios', 'RENDICIÓN DE CUENTAS ARCSA', 'Rendición de Cuentas 2014']
[2026-08-26T15:26:11Z] [INFO] [N3] Guardado: C:\Users\jarri\Desktop\RagChatbot\chatbot\scraping\pages\servicios\otros-servicios\rendicion-de-cuentas-arcsa\rendicion-de-cuentas-2014\fase-0-ddf85f91.md  |  section_path=['Servicios', 'Otros servicios', 'RENDICIÓN DE CUENTAS ARCSA', 'Rendición de Cuentas 2014']  |  status=captured
[2026-08-26T15:26:12Z] [INFO] Capturando página: http://www.controlsanitario.gob.ec/zona3/  |  section_path=['Servicios', 'Otros servicios', 'RENDICIÓN DE CUENTAS ARCSA', 'Rendición de Cuentas 2014']
[2026-08-26T15:26:14Z] [INFO] [N3] Guardado: C:\Users\jarri\Desktop\RagChatbot\chatbot\scraping\pages\servicios\otros-servicios\rendicion-de-cuentas-arcsa\rendicion-de-cuentas-2014\fase-0-9383963d.md  |  section_path=['Servicios', 'Otros servicios', 'RENDICIÓN DE CUENTAS ARCSA', 'Rendición de Cuentas 2014']  |  status=captured
[2026-08-26T15:26:16Z] [INFO] Capturando página: http://www.controlsanitario.gob.ec/zona4/  |  section_path=['Servicios', 'Otros servicios', 'RENDICIÓN DE CUENTAS ARCSA', 'Rendición de Cuentas 2014']
[2026-08-26T15:26:18Z] [INFO] [N3] Guardado: C:\Users\jarri\Desktop\RagChatbot\chatbot\scraping\pages\servicios\otros-servicios\rendicion-de-cuentas-arcsa\rendicion-de-cuentas-2014\fase-0-c281a826.md  |  section_path=['Servicios', 'Otros servicios', 'RENDICIÓN DE CUENTAS ARCSA', 'Rendición de Cuentas 2014']  |  status=captured
[2026-08-26T15:26:19Z] [INFO] Capturando página: http://www.controlsanitario.gob.ec/rendicionzona5/  |  section_path=['Servicios', 'Otros servicios', 'RENDICIÓN DE CUENTAS ARCSA', 'Rendición de Cuentas 2014']
[2026-08-26T15:26:21Z] [INFO] [N3] Guardado: C:\Users\jarri\Desktop\RagChatbot\chatbot\scraping\pages\servicios\otros-servicios\rendicion-de-cuentas-arcsa\rendicion-de-cuentas-2014\fase-0-fdd7721a.md  |  section_path=['Servicios', 'Otros servicios', 'RENDICIÓN DE CUENTAS ARCSA', 'Rendición de Cuentas 2014']  |  status=captured
[2026-08-26T15:26:23Z] [INFO] Capturando página: http://www.controlsanitario.gob.ec/rendicionzona6/  |  section_path=['Servicios', 'Otros servicios', 'RENDICIÓN DE CUENTAS ARCSA', 'Rendición de Cuentas 2014']
[2026-08-26T15:26:25Z] [INFO] [N3] Guardado: C:\Users\jarri\Desktop\RagChatbot\chatbot\scraping\pages\servicios\otros-servicios\rendicion-de-cuentas-arcsa\rendicion-de-cuentas-2014\fase-0-c0c37983.md  |  section_path=['Servicios', 'Otros servicios', 'RENDICIÓN DE CUENTAS ARCSA', 'Rendición de Cuentas 2014']  |  status=captured
[2026-08-26T15:26:26Z] [INFO] Capturando página: http://www.controlsanitario.gob.ec/rendicionzona7/  |  section_path=['Servicios', 'Otros servicios', 'RENDICIÓN DE CUENTAS ARCSA', 'Rendición de Cuentas 2014']
[2026-08-26T15:26:28Z] [INFO] [N3] Guardado: C:\Users\jarri\Desktop\RagChatbot\chatbot\scraping\pages\servicios\otros-servicios\rendicion-de-cuentas-arcsa\rendicion-de-cuentas-2014\fase-0-7cddf27a.md  |  section_path=['Servicios', 'Otros servicios', 'RENDICIÓN DE CUENTAS ARCSA', 'Rendición de Cuentas 2014']  |  status=captured
[2026-08-26T15:26:30Z] [INFO] Capturando página: http://www.controlsanitario.gob.ec/rendicionzona8/  |  section_path=['Servicios', 'Otros servicios', 'RENDICIÓN DE CUENTAS ARCSA', 'Rendición de Cuentas 2014']
[2026-08-26T15:26:32Z] [INFO] [N3] Guardado: C:\Users\jarri\Desktop\RagChatbot\chatbot\scraping\pages\servicios\otros-servicios\rendicion-de-cuentas-arcsa\rendicion-de-cuentas-2014\fase-0-1ee36ff4.md  |  section_path=['Servicios', 'Otros servicios', 'RENDICIÓN DE CUENTAS ARCSA', 'Rendición de Cuentas 2014']  |  status=captured
[2026-08-26T15:26:33Z] [INFO] Capturando página: http://www.controlsanitario.gob.ec/rendicionzona9/  |  section_path=['Servicios', 'Otros servicios', 'RENDICIÓN DE CUENTAS ARCSA', 'Rendición de Cuentas 2014']
[2026-08-26T15:26:36Z] [INFO] [N3] Guardado: C:\Users\jarri\Desktop\RagChatbot\chatbot\scraping\pages\servicios\otros-servicios\rendicion-de-cuentas-arcsa\rendicion-de-cuentas-2014\fase-0-930891c2.md  |  section_path=['Servicios', 'Otros servicios', 'RENDICIÓN DE CUENTAS ARCSA', 'Rendición de Cuentas 2014']  |  status=captured
[2026-08-26T15:26:36Z] [INFO] === NIVEL 3 completo: 76 página(s) NUEVA(S) para el nivel 4 ===
[2026-08-26T15:26:36Z] [INFO] === NIVEL 4: 76 página(s) nueva(s) por procesar ===
[2026-08-26T15:26:37Z] [INFO] Capturando página: https://www.controlsanitario.gob.ec/productos-sin-contaminacion/  |  section_path=['Servicios', 'Establecimientos', 'FECHA', 'Agencia Nacional de Regulación, Control  y Vigilancia Sanitaria – Regulación de medicamentos, alimentos procesados, cosméticos y vigilancia sanitaria en establecimientos sujetos a control.']
[2026-08-26T15:26:39Z] [INFO] [N4] Guardado: C:\Users\jarri\Desktop\RagChatbot\chatbot\scraping\pages\servicios\establecimientos\fecha\agencia-nacional-de-regulacion-control-y-vigilancia-sanitari\sin-titulo-propio-481b4f69.md  |  section_path=['Servicios', 'Establecimientos', 'FECHA', 'Agencia Nacional de Regulación, Control  y Vigilancia Sanitaria – Regulación de medicamentos, alimentos procesados, cosméticos y vigilancia sanitaria en establecimientos sujetos a control.']  |  status=captured
[2026-08-26T15:26:41Z] [INFO] Capturando página: https://www.controlsanitario.gob.ec/lotes-de-productos-cosmeticos-que-han-presentado-incumplimientos-por-contaminantes-en-su-composicion/  |  section_path=['Servicios', 'Establecimientos', 'FECHA', 'Agencia Nacional de Regulación, Control  y Vigilancia Sanitaria – Regulación de medicamentos, alimentos procesados, cosméticos y vigilancia sanitaria en establecimientos sujetos a control.']
[2026-08-26T15:26:43Z] [INFO] [N4] Guardado: C:\Users\jarri\Desktop\RagChatbot\chatbot\scraping\pages\servicios\establecimientos\fecha\agencia-nacional-de-regulacion-control-y-vigilancia-sanitari\lotes-de-productos-cosmeticos-en-los-que-se-han-detectado-ni-7096bed9.md  |  section_path=['Servicios', 'Establecimientos', 'FECHA', 'Agencia Nacional de Regulación, Control  y Vigilancia Sanitaria – Regulación de medicamentos, alimentos procesados, cosméticos y vigilancia sanitaria en establecimientos sujetos a control.']  |  status=captured
[2026-08-26T15:26:44Z] [INFO] Capturando página: https://www.controlsanitario.gob.ec/lotes-de-medicamentos-contaminados/  |  section_path=['Servicios', 'Establecimientos', 'FECHA', 'Agencia Nacional de Regulación, Control  y Vigilancia Sanitaria – Regulación de medicamentos, alimentos procesados, cosméticos y vigilancia sanitaria en establecimientos sujetos a control.']
[2026-08-26T15:26:46Z] [INFO] [N4] Guardado: C:\Users\jarri\Desktop\RagChatbot\chatbot\scraping\pages\servicios\establecimientos\fecha\agencia-nacional-de-regulacion-control-y-vigilancia-sanitari\lotes-de-medicamentos-en-los-que-se-han-detectado-niveles-de-50b2c408.md  |  section_path=['Servicios', 'Establecimientos', 'FECHA', 'Agencia Nacional de Regulación, Control  y Vigilancia Sanitaria – Regulación de medicamentos, alimentos procesados, cosméticos y vigilancia sanitaria en establecimientos sujetos a control.']  |  status=captured
[2026-08-26T15:26:48Z] [INFO] Capturando página: https://www.controlsanitario.gob.ec/sistema-nacional-de-farmacovigilancia-snfv-2024/  |  section_path=['Servicios', 'Establecimientos', 'FECHA', 'Agencia Nacional de Regulación, Control  y Vigilancia Sanitaria – Regulación de medicamentos, alimentos procesados, cosméticos y vigilancia sanitaria en establecimientos sujetos a control.']
[2026-08-26T15:26:51Z] [INFO] [N4] Guardado: C:\Users\jarri\Desktop\RagChatbot\chatbot\scraping\pages\servicios\establecimientos\fecha\agencia-nacional-de-regulacion-control-y-vigilancia-sanitari\sin-titulo-propio-c563a73d.md  |  section_path=['Servicios', 'Establecimientos', 'FECHA', 'Agencia Nacional de Regulación, Control  y Vigilancia Sanitaria – Regulación de medicamentos, alimentos procesados, cosméticos y vigilancia sanitaria en establecimientos sujetos a control.']  |  status=captured
[2026-08-26T15:26:52Z] [INFO] Capturando página: https://www.controlsanitario.gob.ec/sistema-nacional-de-tecnovigilancia-sntv/  |  section_path=['Servicios', 'Establecimientos', 'FECHA', 'Agencia Nacional de Regulación, Control  y Vigilancia Sanitaria – Regulación de medicamentos, alimentos procesados, cosméticos y vigilancia sanitaria en establecimientos sujetos a control.']
[2026-08-26T15:26:54Z] [INFO] [N4] Guardado: C:\Users\jarri\Desktop\RagChatbot\chatbot\scraping\pages\servicios\establecimientos\fecha\agencia-nacional-de-regulacion-control-y-vigilancia-sanitari\sistema-nacional-de-tecnovigilancia-sntv-0db9c334.md  |  section_path=['Servicios', 'Establecimientos', 'FECHA', 'Agencia Nacional de Regulación, Control  y Vigilancia Sanitaria – Regulación de medicamentos, alimentos procesados, cosméticos y vigilancia sanitaria en establecimientos sujetos a control.']  |  status=captured
[2026-08-26T15:26:56Z] [INFO] Capturando página: https://www.controlsanitario.gob.ec/reportes-de-seguridad/  |  section_path=['Servicios', 'Establecimientos', 'FECHA', 'Agencia Nacional de Regulación, Control  y Vigilancia Sanitaria – Regulación de medicamentos, alimentos procesados, cosméticos y vigilancia sanitaria en establecimientos sujetos a control.', 'Alertas Sanitarias-Reportes de Seguridad- Notas Informativas']
[2026-08-26T15:26:58Z] [INFO] [N4] Guardado: C:\Users\jarri\Desktop\RagChatbot\chatbot\scraping\pages\servicios\establecimientos\fecha\agencia-nacional-de-regulacion-control-y-vigilancia-sanitari\alertas-sanitarias-reportes-de-seguridad-notas-informativas\sin-titulo-propio-34114983.md  |  section_path=['Servicios', 'Establecimientos', 'FECHA', 'Agencia Nacional de Regulación, Control  y Vigilancia Sanitaria – Regulación de medicamentos, alimentos procesados, cosméticos y vigilancia sanitaria en establecimientos sujetos a control.', 'Alertas Sanitarias-Reportes de Seguridad- Notas Informativas']  |  status=captured
[2026-08-26T15:26:59Z] [INFO] Capturando página: https://www.controlsanitario.gob.ec/alertas_falsificados-y-subestandar/  |  section_path=['Servicios', 'Establecimientos', 'FECHA', 'Agencia Nacional de Regulación, Control  y Vigilancia Sanitaria – Regulación de medicamentos, alimentos procesados, cosméticos y vigilancia sanitaria en establecimientos sujetos a control.', 'Alertas Sanitarias-Reportes de Seguridad- Notas Informativas']
[2026-08-26T15:27:02Z] [INFO] [N4] Guardado: C:\Users\jarri\Desktop\RagChatbot\chatbot\scraping\pages\servicios\establecimientos\fecha\agencia-nacional-de-regulacion-control-y-vigilancia-sanitari\alertas-sanitarias-reportes-de-seguridad-notas-informativas\sin-titulo-propio-29f48374.md  |  section_path=['Servicios', 'Establecimientos', 'FECHA', 'Agencia Nacional de Regulación, Control  y Vigilancia Sanitaria – Regulación de medicamentos, alimentos procesados, cosméticos y vigilancia sanitaria en establecimientos sujetos a control.', 'Alertas Sanitarias-Reportes de Seguridad- Notas Informativas']  |  status=captured
[2026-08-26T15:27:03Z] [INFO] Capturando página: https://www.controlsanitario.gob.ec/alertas-productos-de-uso-y-consumo-humano/  |  section_path=['Servicios', 'Establecimientos', 'FECHA', 'Agencia Nacional de Regulación, Control  y Vigilancia Sanitaria – Regulación de medicamentos, alimentos procesados, cosméticos y vigilancia sanitaria en establecimientos sujetos a control.', 'Alertas Sanitarias-Reportes de Seguridad- Notas Informativas']
[2026-08-26T15:27:05Z] [INFO] [N4] Guardado: C:\Users\jarri\Desktop\RagChatbot\chatbot\scraping\pages\servicios\establecimientos\fecha\agencia-nacional-de-regulacion-control-y-vigilancia-sanitari\alertas-sanitarias-reportes-de-seguridad-notas-informativas\sin-titulo-propio-edc2107e.md  |  section_path=['Servicios', 'Establecimientos', 'FECHA', 'Agencia Nacional de Regulación, Control  y Vigilancia Sanitaria – Regulación de medicamentos, alimentos procesados, cosméticos y vigilancia sanitaria en establecimientos sujetos a control.', 'Alertas Sanitarias-Reportes de Seguridad- Notas Informativas']  |  status=captured
[2026-08-26T15:27:07Z] [INFO] Capturando página: https://www.controlsanitario.gob.ec/notificacion-de-alertas-por-robo-de-productos/  |  section_path=['Servicios', 'Establecimientos', 'FECHA', 'Agencia Nacional de Regulación, Control  y Vigilancia Sanitaria – Regulación de medicamentos, alimentos procesados, cosméticos y vigilancia sanitaria en establecimientos sujetos a control.', 'Alertas Sanitarias-Reportes de Seguridad- Notas Informativas']
[2026-08-26T15:27:09Z] [WARNING] Ruta de sección demasiado larga (268 caracteres); guardando en carpeta plana de respaldo: C:\Users\jarri\Desktop\RagChatbot\chatbot\scraping\pages\_rutas_largas\notificacion-de-alertas-por-robo-de-productos-982449ff.md
[2026-08-26T15:27:09Z] [INFO] [N4] Guardado: C:\Users\jarri\Desktop\RagChatbot\chatbot\scraping\pages\_rutas_largas\notificacion-de-alertas-por-robo-de-productos-982449ff.md  |  section_path=['Servicios', 'Establecimientos', 'FECHA', 'Agencia Nacional de Regulación, Control  y Vigilancia Sanitaria – Regulación de medicamentos, alimentos procesados, cosméticos y vigilancia sanitaria en establecimientos sujetos a control.', 'Alertas Sanitarias-Reportes de Seguridad- Notas Informativas']  |  status=captured
[2026-08-26T15:27:10Z] [INFO] Capturando página: https://www.controlsanitario.gob.ec/alertas-por-retiro-de-mercado/  |  section_path=['Servicios', 'Establecimientos', 'FECHA', 'Agencia Nacional de Regulación, Control  y Vigilancia Sanitaria – Regulación de medicamentos, alimentos procesados, cosméticos y vigilancia sanitaria en establecimientos sujetos a control.', 'Alertas Sanitarias-Reportes de Seguridad- Notas Informativas']
[2026-08-26T15:27:12Z] [INFO] [N4] Guardado: C:\Users\jarri\Desktop\RagChatbot\chatbot\scraping\pages\servicios\establecimientos\fecha\agencia-nacional-de-regulacion-control-y-vigilancia-sanitari\alertas-sanitarias-reportes-de-seguridad-notas-informativas\sin-titulo-propio-a28bd18a.md  |  section_path=['Servicios', 'Establecimientos', 'FECHA', 'Agencia Nacional de Regulación, Control  y Vigilancia Sanitaria – Regulación de medicamentos, alimentos procesados, cosméticos y vigilancia sanitaria en establecimientos sujetos a control.', 'Alertas Sanitarias-Reportes de Seguridad- Notas Informativas']  |  status=captured
[2026-08-26T15:27:14Z] [INFO] Capturando página: https://www.controlsanitario.gob.ec/riesgos-de-alimentos-procesados/  |  section_path=['Servicios', 'Establecimientos', 'FECHA', 'Agencia Nacional de Regulación, Control  y Vigilancia Sanitaria – Regulación de medicamentos, alimentos procesados, cosméticos y vigilancia sanitaria en establecimientos sujetos a control.', 'Riesgos de Productos']
[2026-08-26T15:27:16Z] [INFO] [N4] Guardado: C:\Users\jarri\Desktop\RagChatbot\chatbot\scraping\pages\servicios\establecimientos\fecha\agencia-nacional-de-regulacion-control-y-vigilancia-sanitari\riesgos-de-productos\riesgo-de-alimentos-procesados-d4ef0742.md  |  section_path=['Servicios', 'Establecimientos', 'FECHA', 'Agencia Nacional de Regulación, Control  y Vigilancia Sanitaria – Regulación de medicamentos, alimentos procesados, cosméticos y vigilancia sanitaria en establecimientos sujetos a control.', 'Riesgos de Productos']  |  status=captured
[2026-08-26T15:27:17Z] [INFO] Capturando página: https://www.controlsanitario.gob.ec/riesgos-medicamentos/  |  section_path=['Servicios', 'Establecimientos', 'FECHA', 'Agencia Nacional de Regulación, Control  y Vigilancia Sanitaria – Regulación de medicamentos, alimentos procesados, cosméticos y vigilancia sanitaria en establecimientos sujetos a control.', 'Riesgos de Productos']
[2026-08-26T15:27:19Z] [INFO] [N4] Guardado: C:\Users\jarri\Desktop\RagChatbot\chatbot\scraping\pages\servicios\establecimientos\fecha\agencia-nacional-de-regulacion-control-y-vigilancia-sanitari\riesgos-de-productos\riesgos-sanitarios-controlsanitario-gob-ec-135e44a7.md  |  section_path=['Servicios', 'Establecimientos', 'FECHA', 'Agencia Nacional de Regulación, Control  y Vigilancia Sanitaria – Regulación de medicamentos, alimentos procesados, cosméticos y vigilancia sanitaria en establecimientos sujetos a control.', 'Riesgos de Productos']  |  status=captured
[2026-08-26T15:27:21Z] [INFO] Capturando página: https://www.controlsanitario.gob.ec/riesgos-de-productos-naturales/  |  section_path=['Servicios', 'Establecimientos', 'FECHA', 'Agencia Nacional de Regulación, Control  y Vigilancia Sanitaria – Regulación de medicamentos, alimentos procesados, cosméticos y vigilancia sanitaria en establecimientos sujetos a control.', 'Riesgos de Productos']
[2026-08-26T15:27:23Z] [INFO] [N4] Guardado: C:\Users\jarri\Desktop\RagChatbot\chatbot\scraping\pages\servicios\establecimientos\fecha\agencia-nacional-de-regulacion-control-y-vigilancia-sanitari\riesgos-de-productos\riesgos-de-productos-naturales-f8a165ab.md  |  section_path=['Servicios', 'Establecimientos', 'FECHA', 'Agencia Nacional de Regulación, Control  y Vigilancia Sanitaria – Regulación de medicamentos, alimentos procesados, cosméticos y vigilancia sanitaria en establecimientos sujetos a control.', 'Riesgos de Productos']  |  status=captured
[2026-08-26T15:27:25Z] [INFO] Capturando página: https://www.controlsanitario.gob.ec/riesgos-de-cosmeticos/  |  section_path=['Servicios', 'Establecimientos', 'FECHA', 'Agencia Nacional de Regulación, Control  y Vigilancia Sanitaria – Regulación de medicamentos, alimentos procesados, cosméticos y vigilancia sanitaria en establecimientos sujetos a control.', 'Riesgos de Productos']
[2026-08-26T15:27:27Z] [INFO] [N4] Guardado: C:\Users\jarri\Desktop\RagChatbot\chatbot\scraping\pages\servicios\establecimientos\fecha\agencia-nacional-de-regulacion-control-y-vigilancia-sanitari\riesgos-de-productos\riesgos-de-cosmeticos-1669e4b2.md  |  section_path=['Servicios', 'Establecimientos', 'FECHA', 'Agencia Nacional de Regulación, Control  y Vigilancia Sanitaria – Regulación de medicamentos, alimentos procesados, cosméticos y vigilancia sanitaria en establecimientos sujetos a control.', 'Riesgos de Productos']  |  status=captured
[2026-08-26T15:27:28Z] [INFO] Capturando página: https://www.controlsanitario.gob.ec/riesgos-de-productos-higienicos/  |  section_path=['Servicios', 'Establecimientos', 'FECHA', 'Agencia Nacional de Regulación, Control  y Vigilancia Sanitaria – Regulación de medicamentos, alimentos procesados, cosméticos y vigilancia sanitaria en establecimientos sujetos a control.', 'Riesgos de Productos']
[2026-08-26T15:27:30Z] [INFO] [N4] Guardado: C:\Users\jarri\Desktop\RagChatbot\chatbot\scraping\pages\servicios\establecimientos\fecha\agencia-nacional-de-regulacion-control-y-vigilancia-sanitari\riesgos-de-productos\riesgos-de-productos-higienicos-2cc107b3.md  |  section_path=['Servicios', 'Establecimientos', 'FECHA', 'Agencia Nacional de Regulación, Control  y Vigilancia Sanitaria – Regulación de medicamentos, alimentos procesados, cosméticos y vigilancia sanitaria en establecimientos sujetos a control.', 'Riesgos de Productos']  |  status=captured
[2026-08-26T15:27:32Z] [INFO] Capturando página: https://www.controlsanitario.gob.ec/riesgos-de-dispositivos-medicos/  |  section_path=['Servicios', 'Establecimientos', 'FECHA', 'Agencia Nacional de Regulación, Control  y Vigilancia Sanitaria – Regulación de medicamentos, alimentos procesados, cosméticos y vigilancia sanitaria en establecimientos sujetos a control.', 'Riesgos de Productos']
[2026-08-26T15:27:34Z] [INFO] [N4] Guardado: C:\Users\jarri\Desktop\RagChatbot\chatbot\scraping\pages\servicios\establecimientos\fecha\agencia-nacional-de-regulacion-control-y-vigilancia-sanitari\riesgos-de-productos\riesgos-de-dispositivos-medicos-a116d344.md  |  section_path=['Servicios', 'Establecimientos', 'FECHA', 'Agencia Nacional de Regulación, Control  y Vigilancia Sanitaria – Regulación de medicamentos, alimentos procesados, cosméticos y vigilancia sanitaria en establecimientos sujetos a control.', 'Riesgos de Productos']  |  status=captured
[2026-08-26T15:27:36Z] [INFO] Capturando página: https://www.controlsanitario.gob.ec/riesgos-de-plaguicidas/  |  section_path=['Servicios', 'Establecimientos', 'FECHA', 'Agencia Nacional de Regulación, Control  y Vigilancia Sanitaria – Regulación de medicamentos, alimentos procesados, cosméticos y vigilancia sanitaria en establecimientos sujetos a control.', 'Riesgos de Productos']
[2026-08-26T15:27:38Z] [INFO] [N4] Guardado: C:\Users\jarri\Desktop\RagChatbot\chatbot\scraping\pages\servicios\establecimientos\fecha\agencia-nacional-de-regulacion-control-y-vigilancia-sanitari\riesgos-de-productos\riesgos-de-plaguicidas-0fb39c53.md  |  section_path=['Servicios', 'Establecimientos', 'FECHA', 'Agencia Nacional de Regulación, Control  y Vigilancia Sanitaria – Regulación de medicamentos, alimentos procesados, cosméticos y vigilancia sanitaria en establecimientos sujetos a control.', 'Riesgos de Productos']  |  status=captured
[2026-08-26T15:27:39Z] [INFO] Capturando página: https://www.controlsanitario.gob.ec/riesgo-de-productos-homeopaticos/  |  section_path=['Servicios', 'Establecimientos', 'FECHA', 'Agencia Nacional de Regulación, Control  y Vigilancia Sanitaria – Regulación de medicamentos, alimentos procesados, cosméticos y vigilancia sanitaria en establecimientos sujetos a control.', 'Riesgos de Productos']
[2026-08-26T15:27:41Z] [INFO] [N4] Guardado: C:\Users\jarri\Desktop\RagChatbot\chatbot\scraping\pages\servicios\establecimientos\fecha\agencia-nacional-de-regulacion-control-y-vigilancia-sanitari\riesgos-de-productos\riesgo-de-productos-homeopaticos-887b5833.md  |  section_path=['Servicios', 'Establecimientos', 'FECHA', 'Agencia Nacional de Regulación, Control  y Vigilancia Sanitaria – Regulación de medicamentos, alimentos procesados, cosméticos y vigilancia sanitaria en establecimientos sujetos a control.', 'Riesgos de Productos']  |  status=captured
[2026-08-26T15:27:43Z] [INFO] Capturando página: http://www.controlsanitario.gob.ec/que-es-la-consulta-publica-de-proyectos-de-normativa-sanitaria/  |  section_path=['Servicios', 'Establecimientos', 'FECHA', 'Agencia Nacional de Regulación, Control  y Vigilancia Sanitaria – Regulación de medicamentos, alimentos procesados, cosméticos y vigilancia sanitaria en establecimientos sujetos a control.', 'Consulta pública']
[2026-08-26T15:27:45Z] [INFO] [N4] Guardado: C:\Users\jarri\Desktop\RagChatbot\chatbot\scraping\pages\servicios\establecimientos\fecha\agencia-nacional-de-regulacion-control-y-vigilancia-sanitari\consulta-publica\que-es-la-consulta-publica-de-proyectos-de-normativa-sanitar-ebf14ec6.md  |  section_path=['Servicios', 'Establecimientos', 'FECHA', 'Agencia Nacional de Regulación, Control  y Vigilancia Sanitaria – Regulación de medicamentos, alimentos procesados, cosméticos y vigilancia sanitaria en establecimientos sujetos a control.', 'Consulta pública']  |  status=captured
[2026-08-26T15:27:47Z] [INFO] Capturando página: http://www.controlsanitario.gob.ec  |  section_path=['Servicios', 'Establecimientos', 'FECHA', 'Agencia Nacional de Regulación, Control  y Vigilancia Sanitaria – Regulación de medicamentos, alimentos procesados, cosméticos y vigilancia sanitaria en establecimientos sujetos a control.', 'Política para el tratamiento de datos personales']
[2026-08-26T15:27:50Z] [WARNING] Ruta de sección demasiado larga (272 caracteres); guardando en carpeta plana de respaldo: C:\Users\jarri\Desktop\RagChatbot\chatbot\scraping\pages\_rutas_largas\agencia-nacional-de-regulacion-control-y-vigilancia-sanitari-15e46d84.md
[2026-08-26T15:27:50Z] [INFO] [N4] Guardado: C:\Users\jarri\Desktop\RagChatbot\chatbot\scraping\pages\_rutas_largas\agencia-nacional-de-regulacion-control-y-vigilancia-sanitari-15e46d84.md  |  section_path=['Servicios', 'Establecimientos', 'FECHA', 'Agencia Nacional de Regulación, Control  y Vigilancia Sanitaria – Regulación de medicamentos, alimentos procesados, cosméticos y vigilancia sanitaria en establecimientos sujetos a control.', 'Política para el tratamiento de datos personales']  |  status=captured
[2026-08-26T15:27:52Z] [INFO] Capturando página: https://www.controlsanitario.gob.ec/turnos-de-farmacias-arcsa-2025/  |  section_path=['Servicios', 'Establecimientos', 'FECHA', 'Agencia Nacional de Regulación, Control  y Vigilancia Sanitaria – Regulación de medicamentos, alimentos procesados, cosméticos y vigilancia sanitaria en establecimientos sujetos a control.']
[2026-08-26T15:27:54Z] [INFO] [N4] Guardado: C:\Users\jarri\Desktop\RagChatbot\chatbot\scraping\pages\servicios\establecimientos\fecha\agencia-nacional-de-regulacion-control-y-vigilancia-sanitari\turnos-de-farmacias-arcsa-2026-a9dc8de2.md  |  section_path=['Servicios', 'Establecimientos', 'FECHA', 'Agencia Nacional de Regulación, Control  y Vigilancia Sanitaria – Regulación de medicamentos, alimentos procesados, cosméticos y vigilancia sanitaria en establecimientos sujetos a control.']  |  status=captured
[2026-08-26T15:27:56Z] [INFO] Capturando página: https://www.controlsanitario.gob.ec/preguntas-frecuentes/  |  section_path=['Servicios', 'Establecimientos', 'FECHA', 'Agencia Nacional de Regulación, Control  y Vigilancia Sanitaria – Regulación de medicamentos, alimentos procesados, cosméticos y vigilancia sanitaria en establecimientos sujetos a control.']
[2026-08-26T15:27:58Z] [INFO] [N4] Guardado: C:\Users\jarri\Desktop\RagChatbot\chatbot\scraping\pages\servicios\establecimientos\fecha\agencia-nacional-de-regulacion-control-y-vigilancia-sanitari\preguntas-frecuentes-de3e9d1b.md  |  section_path=['Servicios', 'Establecimientos', 'FECHA', 'Agencia Nacional de Regulación, Control  y Vigilancia Sanitaria – Regulación de medicamentos, alimentos procesados, cosméticos y vigilancia sanitaria en establecimientos sujetos a control.']  |  status=captured
[2026-08-26T15:27:59Z] [INFO] Capturando página: https://www.controlsanitario.gob.ec/certificado-de-buenas-practicas-de-manufactura-para-laboratorios-farmaceuticos-para-gases-medicinales/_wp_link_placeholder  |  section_path=['Servicios', 'Establecimientos', 'Certificados de Buenas Prácticas', 'Laboratorios Farmacéuticos de Productos Naturales Procesados de Uso Medicinal', 'Certificado de Buenas Prácticas de Manufactura para Laboratorios Farmacéuticos para Gases Medicinales']
[2026-08-26T15:28:01Z] [WARNING] [N4] No se guardó Markdown para https://www.controlsanitario.gob.ec/certificado-de-buenas-practicas-de-manufactura-para-laboratorios-farmaceuticos-para-gases-medicinales/_wp_link_placeholder (status=broken)
[2026-08-26T15:28:03Z] [INFO] Capturando página: https://nube.controlsanitario.gob.ec/index.php/s/KusFo7Bd8bmntuc  |  section_path=['Servicios', 'Establecimientos', 'Certificados de Buenas Prácticas', 'Laboratorios Farmacéuticos de Productos Naturales Procesados de Uso Medicinal', 'Inclusión de Forma Farmacéutica a una área de producción certificada en BPM']
[2026-08-26T15:28:05Z] [WARNING] Ruta de sección demasiado larga (259 caracteres); guardando en carpeta plana de respaldo: C:\Users\jarri\Desktop\RagChatbot\chatbot\scraping\pages\_rutas_largas\owncloud-5f83b636.md
[2026-08-26T15:28:05Z] [INFO] [N4] Guardado: C:\Users\jarri\Desktop\RagChatbot\chatbot\scraping\pages\_rutas_largas\owncloud-5f83b636.md  |  section_path=['Servicios', 'Establecimientos', 'Certificados de Buenas Prácticas', 'Laboratorios Farmacéuticos de Productos Naturales Procesados de Uso Medicinal', 'Inclusión de Forma Farmacéutica a una área de producción certificada en BPM']  |  status=captured
[2026-08-26T15:28:07Z] [INFO] Capturando página: https://www.controlsanitario.gob.ec/atencion-al-usuario-planta-central/  |  section_path=['Servicios', 'Establecimientos', 'Certificados de Buenas Prácticas', 'Definición:', 'Atención al Usuario']
[2026-08-26T15:28:09Z] [INFO] [N4] Guardado: C:\Users\jarri\Desktop\RagChatbot\chatbot\scraping\pages\servicios\establecimientos\certificados-de-buenas-practicas\definicion\atencion-al-usuario\planta-central-4325bfa8.md  |  section_path=['Servicios', 'Establecimientos', 'Certificados de Buenas Prácticas', 'Definición:', 'Atención al Usuario']  |  status=captured
[2026-08-26T15:28:10Z] [INFO] Capturando página: https://www.controlsanitario.gob.ec/coordinacion-zonal-1/  |  section_path=['Servicios', 'Establecimientos', 'Certificados de Buenas Prácticas', 'Definición:', 'Atención al Usuario']
[2026-08-26T15:28:13Z] [INFO] [N4] Guardado: C:\Users\jarri\Desktop\RagChatbot\chatbot\scraping\pages\servicios\establecimientos\certificados-de-buenas-practicas\definicion\atencion-al-usuario\coordinaci-n-zonal-1-9223a44d.md  |  section_path=['Servicios', 'Establecimientos', 'Certificados de Buenas Prácticas', 'Definición:', 'Atención al Usuario']  |  status=captured
[2026-08-26T15:28:14Z] [INFO] Capturando página: https://www.controlsanitario.gob.ec/coordinacion-zonal-2/  |  section_path=['Servicios', 'Establecimientos', 'Certificados de Buenas Prácticas', 'Definición:', 'Atención al Usuario']
[2026-08-26T15:28:16Z] [INFO] [N4] Guardado: C:\Users\jarri\Desktop\RagChatbot\chatbot\scraping\pages\servicios\establecimientos\certificados-de-buenas-practicas\definicion\atencion-al-usuario\coordinacion-zonal-2-40fb1f24.md  |  section_path=['Servicios', 'Establecimientos', 'Certificados de Buenas Prácticas', 'Definición:', 'Atención al Usuario']  |  status=captured
[2026-08-26T15:28:18Z] [INFO] Capturando página: https://www.controlsanitario.gob.ec/coordinacion-zonal-3/  |  section_path=['Servicios', 'Establecimientos', 'Certificados de Buenas Prácticas', 'Definición:', 'Atención al Usuario']
[2026-08-26T15:28:20Z] [INFO] [N4] Guardado: C:\Users\jarri\Desktop\RagChatbot\chatbot\scraping\pages\servicios\establecimientos\certificados-de-buenas-practicas\definicion\atencion-al-usuario\coordinacion-zonal-3-85bf9306.md  |  section_path=['Servicios', 'Establecimientos', 'Certificados de Buenas Prácticas', 'Definición:', 'Atención al Usuario']  |  status=captured
[2026-08-26T15:28:21Z] [INFO] Capturando página: https://www.controlsanitario.gob.ec/coordinacion-zonal-4/  |  section_path=['Servicios', 'Establecimientos', 'Certificados de Buenas Prácticas', 'Definición:', 'Atención al Usuario']
[2026-08-26T15:28:23Z] [INFO] [N4] Guardado: C:\Users\jarri\Desktop\RagChatbot\chatbot\scraping\pages\servicios\establecimientos\certificados-de-buenas-practicas\definicion\atencion-al-usuario\coordinacion-zonal-4-524896b7.md  |  section_path=['Servicios', 'Establecimientos', 'Certificados de Buenas Prácticas', 'Definición:', 'Atención al Usuario']  |  status=captured
[2026-08-26T15:28:25Z] [INFO] Capturando página: https://www.controlsanitario.gob.ec/coordinacion-zonal-5/  |  section_path=['Servicios', 'Establecimientos', 'Certificados de Buenas Prácticas', 'Definición:', 'Atención al Usuario']
[2026-08-26T15:28:27Z] [INFO] [N4] Guardado: C:\Users\jarri\Desktop\RagChatbot\chatbot\scraping\pages\servicios\establecimientos\certificados-de-buenas-practicas\definicion\atencion-al-usuario\coordinacion-zonal-5-82e0f9cf.md  |  section_path=['Servicios', 'Establecimientos', 'Certificados de Buenas Prácticas', 'Definición:', 'Atención al Usuario']  |  status=captured
[2026-08-26T15:28:28Z] [INFO] Capturando página: https://www.controlsanitario.gob.ec/coordinacion-zonal-6/  |  section_path=['Servicios', 'Establecimientos', 'Certificados de Buenas Prácticas', 'Definición:', 'Atención al Usuario']
[2026-08-26T15:28:30Z] [INFO] [N4] Guardado: C:\Users\jarri\Desktop\RagChatbot\chatbot\scraping\pages\servicios\establecimientos\certificados-de-buenas-practicas\definicion\atencion-al-usuario\coordinacion-zonal-6-5b586c53.md  |  section_path=['Servicios', 'Establecimientos', 'Certificados de Buenas Prácticas', 'Definición:', 'Atención al Usuario']  |  status=captured
[2026-08-26T15:28:32Z] [INFO] Capturando página: https://www.controlsanitario.gob.ec/coordinacion-zonal-7/  |  section_path=['Servicios', 'Establecimientos', 'Certificados de Buenas Prácticas', 'Definición:', 'Atención al Usuario']
[2026-08-26T15:28:34Z] [INFO] [N4] Guardado: C:\Users\jarri\Desktop\RagChatbot\chatbot\scraping\pages\servicios\establecimientos\certificados-de-buenas-practicas\definicion\atencion-al-usuario\coordinacion-zonal-7-7a2892c0.md  |  section_path=['Servicios', 'Establecimientos', 'Certificados de Buenas Prácticas', 'Definición:', 'Atención al Usuario']  |  status=captured
[2026-08-26T15:28:36Z] [INFO] Capturando página: https://www.controlsanitario.gob.ec/coordinacion-zonal-8/  |  section_path=['Servicios', 'Establecimientos', 'Certificados de Buenas Prácticas', 'Definición:', 'Atención al Usuario']
[2026-08-26T15:28:38Z] [INFO] [N4] Guardado: C:\Users\jarri\Desktop\RagChatbot\chatbot\scraping\pages\servicios\establecimientos\certificados-de-buenas-practicas\definicion\atencion-al-usuario\coordinacion-zonal-8-0babe9bf.md  |  section_path=['Servicios', 'Establecimientos', 'Certificados de Buenas Prácticas', 'Definición:', 'Atención al Usuario']  |  status=captured
[2026-08-26T15:28:39Z] [INFO] Capturando página: https://www.controlsanitario.gob.ec/coordinacion-zonal-9/  |  section_path=['Servicios', 'Establecimientos', 'Certificados de Buenas Prácticas', 'Definición:', 'Atención al Usuario']
[2026-08-26T15:28:41Z] [INFO] [N4] Guardado: C:\Users\jarri\Desktop\RagChatbot\chatbot\scraping\pages\servicios\establecimientos\certificados-de-buenas-practicas\definicion\atencion-al-usuario\coordinacion-zonal-9-79d64cc7.md  |  section_path=['Servicios', 'Establecimientos', 'Certificados de Buenas Prácticas', 'Definición:', 'Atención al Usuario']  |  status=captured
[2026-08-26T15:28:43Z] [INFO] Capturando página: https://nube.controlsanitario.gob.ec/index.php/s/7Gdouw4P9kkxZBQ  |  section_path=['Servicios', 'Otros servicios', 'RENDICIÓN DE CUENTAS ARCSA', 'RENDICIÓN DE CUENTAS ARCSA 2025', 'Proceso de Rendición de Cuentas Arcsa 2025/Planta Central']
[2026-08-26T15:28:44Z] [INFO] [N4] Guardado: C:\Users\jarri\Desktop\RagChatbot\chatbot\scraping\pages\servicios\otros-servicios\rendicion-de-cuentas-arcsa\rendicion-de-cuentas-arcsa-2025\proceso-de-rendicion-de-cuentas-arcsa-2025-planta-central\files-3253edfe.md  |  section_path=['Servicios', 'Otros servicios', 'RENDICIÓN DE CUENTAS ARCSA', 'RENDICIÓN DE CUENTAS ARCSA 2025', 'Proceso de Rendición de Cuentas Arcsa 2025/Planta Central']  |  status=captured
[2026-08-26T15:28:46Z] [INFO] Capturando página: https://nube.controlsanitario.gob.ec/index.php/s/5LmwM1zATQJYB4y  |  section_path=['Servicios', 'Otros servicios', 'RENDICIÓN DE CUENTAS ARCSA', 'RENDICIÓN DE CUENTAS ARCSA 2025', 'Proceso de Rendición de Cuentas Arcsa 2025/Planta Central']
[2026-08-26T15:28:48Z] [INFO] [N4] Guardado: C:\Users\jarri\Desktop\RagChatbot\chatbot\scraping\pages\servicios\otros-servicios\rendicion-de-cuentas-arcsa\rendicion-de-cuentas-arcsa-2025\proceso-de-rendicion-de-cuentas-arcsa-2025-planta-central\files-de2aeab8.md  |  section_path=['Servicios', 'Otros servicios', 'RENDICIÓN DE CUENTAS ARCSA', 'RENDICIÓN DE CUENTAS ARCSA 2025', 'Proceso de Rendición de Cuentas Arcsa 2025/Planta Central']  |  status=captured
[2026-08-26T15:28:49Z] [INFO] Capturando página: https://nube.controlsanitario.gob.ec/index.php/s/kkCIExmqB5MjXmX  |  section_path=['Servicios', 'Otros servicios', 'RENDICIÓN DE CUENTAS ARCSA', 'RENDICIÓN DE CUENTAS ARCSA 2025', 'Proceso de Rendición de Cuentas Arcsa 2025/Planta Central']
[2026-08-26T15:28:51Z] [INFO] [N4] Guardado: C:\Users\jarri\Desktop\RagChatbot\chatbot\scraping\pages\servicios\otros-servicios\rendicion-de-cuentas-arcsa\rendicion-de-cuentas-arcsa-2025\proceso-de-rendicion-de-cuentas-arcsa-2025-planta-central\files-870cf704.md  |  section_path=['Servicios', 'Otros servicios', 'RENDICIÓN DE CUENTAS ARCSA', 'RENDICIÓN DE CUENTAS ARCSA 2025', 'Proceso de Rendición de Cuentas Arcsa 2025/Planta Central']  |  status=captured
[2026-08-26T15:28:52Z] [INFO] Capturando página: https://nube.controlsanitario.gob.ec/index.php/s/CSYpBcZxqTBx5T7  |  section_path=['Servicios', 'Otros servicios', 'RENDICIÓN DE CUENTAS ARCSA', 'RENDICIÓN DE CUENTAS ARCSA 2025', 'Proceso de Rendición de Cuentas Arcsa 2025/Planta Central']
[2026-08-26T15:28:54Z] [INFO] [N4] Guardado: C:\Users\jarri\Desktop\RagChatbot\chatbot\scraping\pages\servicios\otros-servicios\rendicion-de-cuentas-arcsa\rendicion-de-cuentas-arcsa-2025\proceso-de-rendicion-de-cuentas-arcsa-2025-planta-central\files-d809d65f.md  |  section_path=['Servicios', 'Otros servicios', 'RENDICIÓN DE CUENTAS ARCSA', 'RENDICIÓN DE CUENTAS ARCSA 2025', 'Proceso de Rendición de Cuentas Arcsa 2025/Planta Central']  |  status=captured
[2026-08-26T15:28:55Z] [INFO] Capturando página: https://nubecz.controlsanitario.gob.ec/index.php/s/ns19wSOLmaaoRBx  |  section_path=['Servicios', 'Otros servicios', 'RENDICIÓN DE CUENTAS ARCSA', 'RENDICIÓN DE CUENTAS ARCSA 2025', 'Proceso de Rendición de Cuentas Arcsa 2025/Coordinación Zonal 7']
[2026-08-26T15:28:58Z] [INFO] [N4] Guardado: C:\Users\jarri\Desktop\RagChatbot\chatbot\scraping\pages\servicios\otros-servicios\rendicion-de-cuentas-arcsa\rendicion-de-cuentas-arcsa-2025\proceso-de-rendicion-de-cuentas-arcsa-2025-coordinacion-zona\files-1bc3d3dd.md  |  section_path=['Servicios', 'Otros servicios', 'RENDICIÓN DE CUENTAS ARCSA', 'RENDICIÓN DE CUENTAS ARCSA 2025', 'Proceso de Rendición de Cuentas Arcsa 2025/Coordinación Zonal 7']  |  status=captured
[2026-08-26T15:28:59Z] [INFO] Capturando página: https://nubecz.controlsanitario.gob.ec/index.php/s/G9ELwfdOxTBfdrk  |  section_path=['Servicios', 'Otros servicios', 'RENDICIÓN DE CUENTAS ARCSA', 'RENDICIÓN DE CUENTAS ARCSA 2025', 'Proceso de Rendición de Cuentas Arcsa 2025/Coordinación Zonal 7']
[2026-08-26T15:29:01Z] [INFO] [N4] Guardado: C:\Users\jarri\Desktop\RagChatbot\chatbot\scraping\pages\servicios\otros-servicios\rendicion-de-cuentas-arcsa\rendicion-de-cuentas-arcsa-2025\proceso-de-rendicion-de-cuentas-arcsa-2025-coordinacion-zona\files-3ee31f9a.md  |  section_path=['Servicios', 'Otros servicios', 'RENDICIÓN DE CUENTAS ARCSA', 'RENDICIÓN DE CUENTAS ARCSA 2025', 'Proceso de Rendición de Cuentas Arcsa 2025/Coordinación Zonal 7']  |  status=captured
[2026-08-26T15:29:03Z] [INFO] Capturando página: https://nubecz.controlsanitario.gob.ec/index.php/s/mI2eUdIe2ggOJLm  |  section_path=['Servicios', 'Otros servicios', 'RENDICIÓN DE CUENTAS ARCSA', 'RENDICIÓN DE CUENTAS ARCSA 2025', 'Proceso de Rendición de Cuentas Arcsa 2025/Coordinación Zonal 7']
[2026-08-26T15:29:04Z] [INFO] [N4] Guardado: C:\Users\jarri\Desktop\RagChatbot\chatbot\scraping\pages\servicios\otros-servicios\rendicion-de-cuentas-arcsa\rendicion-de-cuentas-arcsa-2025\proceso-de-rendicion-de-cuentas-arcsa-2025-coordinacion-zona\files-dd42eb82.md  |  section_path=['Servicios', 'Otros servicios', 'RENDICIÓN DE CUENTAS ARCSA', 'RENDICIÓN DE CUENTAS ARCSA 2025', 'Proceso de Rendición de Cuentas Arcsa 2025/Coordinación Zonal 7']  |  status=captured
[2026-08-26T15:29:06Z] [INFO] Capturando página: https://nubecz.controlsanitario.gob.ec/index.php/s/8avGl0g7DbLkT4P  |  section_path=['Servicios', 'Otros servicios', 'RENDICIÓN DE CUENTAS ARCSA', 'RENDICIÓN DE CUENTAS ARCSA 2025', 'Proceso de Rendición de Cuentas Arcsa 2025/Coordinación Zonal 7']
[2026-08-26T15:29:07Z] [INFO] [N4] Guardado: C:\Users\jarri\Desktop\RagChatbot\chatbot\scraping\pages\servicios\otros-servicios\rendicion-de-cuentas-arcsa\rendicion-de-cuentas-arcsa-2025\proceso-de-rendicion-de-cuentas-arcsa-2025-coordinacion-zona\files-e060f53c.md  |  section_path=['Servicios', 'Otros servicios', 'RENDICIÓN DE CUENTAS ARCSA', 'RENDICIÓN DE CUENTAS ARCSA 2025', 'Proceso de Rendición de Cuentas Arcsa 2025/Coordinación Zonal 7']  |  status=captured
[2026-08-26T15:29:09Z] [INFO] Capturando página: https://nube.controlsanitario.gob.ec/index.php/s/I7fhUQJCqXdE8iv  |  section_path=['Servicios', 'Otros servicios', 'RENDICIÓN DE CUENTAS ARCSA', 'RENDICIÓN DE CUENTAS ARCSA 2025', 'Proceso de Rendición de Cuentas Arcsa 2025/Coordinación Zonal 8']
[2026-08-26T15:29:11Z] [INFO] [N4] Guardado: C:\Users\jarri\Desktop\RagChatbot\chatbot\scraping\pages\servicios\otros-servicios\rendicion-de-cuentas-arcsa\rendicion-de-cuentas-arcsa-2025\proceso-de-rendicion-de-cuentas-arcsa-2025-coordinacion-zona\files-a98cb204.md  |  section_path=['Servicios', 'Otros servicios', 'RENDICIÓN DE CUENTAS ARCSA', 'RENDICIÓN DE CUENTAS ARCSA 2025', 'Proceso de Rendición de Cuentas Arcsa 2025/Coordinación Zonal 8']  |  status=captured
[2026-08-26T15:29:12Z] [INFO] Capturando página: https://nube.controlsanitario.gob.ec/index.php/s/tV0Fk8yDGdPe0jR  |  section_path=['Servicios', 'Otros servicios', 'RENDICIÓN DE CUENTAS ARCSA', 'RENDICIÓN DE CUENTAS ARCSA 2025', 'Proceso de Rendición de Cuentas Arcsa 2025/Coordinación Zonal 8']
[2026-08-26T15:29:14Z] [INFO] [N4] Guardado: C:\Users\jarri\Desktop\RagChatbot\chatbot\scraping\pages\servicios\otros-servicios\rendicion-de-cuentas-arcsa\rendicion-de-cuentas-arcsa-2025\proceso-de-rendicion-de-cuentas-arcsa-2025-coordinacion-zona\files-100a8c3c.md  |  section_path=['Servicios', 'Otros servicios', 'RENDICIÓN DE CUENTAS ARCSA', 'RENDICIÓN DE CUENTAS ARCSA 2025', 'Proceso de Rendición de Cuentas Arcsa 2025/Coordinación Zonal 8']  |  status=captured
[2026-08-26T15:29:15Z] [INFO] Capturando página: https://nube.controlsanitario.gob.ec/index.php/s/aQHeDkSyhWlQNrJ  |  section_path=['Servicios', 'Otros servicios', 'RENDICIÓN DE CUENTAS ARCSA', 'RENDICIÓN DE CUENTAS ARCSA 2025', 'Proceso de Rendición de Cuentas Arcsa 2025/Coordinación Zonal 8']
[2026-08-26T15:29:17Z] [INFO] [N4] Guardado: C:\Users\jarri\Desktop\RagChatbot\chatbot\scraping\pages\servicios\otros-servicios\rendicion-de-cuentas-arcsa\rendicion-de-cuentas-arcsa-2025\proceso-de-rendicion-de-cuentas-arcsa-2025-coordinacion-zona\files-b3ee29c6.md  |  section_path=['Servicios', 'Otros servicios', 'RENDICIÓN DE CUENTAS ARCSA', 'RENDICIÓN DE CUENTAS ARCSA 2025', 'Proceso de Rendición de Cuentas Arcsa 2025/Coordinación Zonal 8']  |  status=captured
[2026-08-26T15:29:18Z] [INFO] Capturando página: https://nube.controlsanitario.gob.ec/index.php/s/PLiMnLQznfk4VEs  |  section_path=['Servicios', 'Otros servicios', 'RENDICIÓN DE CUENTAS ARCSA', 'RENDICIÓN DE CUENTAS ARCSA 2025', 'Proceso de Rendición de Cuentas Arcsa 2025/Coordinación Zonal 8']
[2026-08-26T15:29:20Z] [INFO] [N4] Guardado: C:\Users\jarri\Desktop\RagChatbot\chatbot\scraping\pages\servicios\otros-servicios\rendicion-de-cuentas-arcsa\rendicion-de-cuentas-arcsa-2025\proceso-de-rendicion-de-cuentas-arcsa-2025-coordinacion-zona\files-77ff2522.md  |  section_path=['Servicios', 'Otros servicios', 'RENDICIÓN DE CUENTAS ARCSA', 'RENDICIÓN DE CUENTAS ARCSA 2025', 'Proceso de Rendición de Cuentas Arcsa 2025/Coordinación Zonal 8']  |  status=captured
[2026-08-26T15:29:21Z] [INFO] Capturando página: https://nube.controlsanitario.gob.ec/index.php/s/wbuoHqtAQV0EXN9  |  section_path=['Servicios', 'Otros servicios', 'RENDICIÓN DE CUENTAS ARCSA', 'RENDICIÓN DE CUENTAS ARCSA 2024', 'Proceso de Rendición de Cuentas Arcsa 2024/Planta Central']
[2026-08-26T15:29:23Z] [INFO] [N4] Guardado: C:\Users\jarri\Desktop\RagChatbot\chatbot\scraping\pages\servicios\otros-servicios\rendicion-de-cuentas-arcsa\rendicion-de-cuentas-arcsa-2024\proceso-de-rendicion-de-cuentas-arcsa-2024-planta-central\files-c4535731.md  |  section_path=['Servicios', 'Otros servicios', 'RENDICIÓN DE CUENTAS ARCSA', 'RENDICIÓN DE CUENTAS ARCSA 2024', 'Proceso de Rendición de Cuentas Arcsa 2024/Planta Central']  |  status=captured
[2026-08-26T15:29:25Z] [INFO] Capturando página: https://nube.controlsanitario.gob.ec/index.php/s/MLijI9XGgrh39Qd  |  section_path=['Servicios', 'Otros servicios', 'RENDICIÓN DE CUENTAS ARCSA', 'RENDICIÓN DE CUENTAS ARCSA 2024', 'Proceso de Rendición de Cuentas Arcsa 2024/Planta Central']
[2026-08-26T15:29:26Z] [INFO] [N4] Guardado: C:\Users\jarri\Desktop\RagChatbot\chatbot\scraping\pages\servicios\otros-servicios\rendicion-de-cuentas-arcsa\rendicion-de-cuentas-arcsa-2024\proceso-de-rendicion-de-cuentas-arcsa-2024-planta-central\files-f3f9606a.md  |  section_path=['Servicios', 'Otros servicios', 'RENDICIÓN DE CUENTAS ARCSA', 'RENDICIÓN DE CUENTAS ARCSA 2024', 'Proceso de Rendición de Cuentas Arcsa 2024/Planta Central']  |  status=captured
[2026-08-26T15:29:28Z] [INFO] Capturando página: https://nube.controlsanitario.gob.ec/index.php/s/zHY4tDkezbjAaMe  |  section_path=['Servicios', 'Otros servicios', 'RENDICIÓN DE CUENTAS ARCSA', 'RENDICIÓN DE CUENTAS ARCSA 2024', 'Proceso de Rendición de Cuentas Arcsa 2024/Planta Central']
[2026-08-26T15:29:30Z] [INFO] [N4] Guardado: C:\Users\jarri\Desktop\RagChatbot\chatbot\scraping\pages\servicios\otros-servicios\rendicion-de-cuentas-arcsa\rendicion-de-cuentas-arcsa-2024\proceso-de-rendicion-de-cuentas-arcsa-2024-planta-central\files-1e056dab.md  |  section_path=['Servicios', 'Otros servicios', 'RENDICIÓN DE CUENTAS ARCSA', 'RENDICIÓN DE CUENTAS ARCSA 2024', 'Proceso de Rendición de Cuentas Arcsa 2024/Planta Central']  |  status=captured
[2026-08-26T15:29:31Z] [INFO] Capturando página: https://nube.controlsanitario.gob.ec/index.php/s/RAD2zFGecsIXNls  |  section_path=['Servicios', 'Otros servicios', 'RENDICIÓN DE CUENTAS ARCSA', 'RENDICIÓN DE CUENTAS ARCSA 2024', 'Proceso de Rendición de Cuentas Arcsa 2024/Planta Central']
[2026-08-26T15:29:33Z] [INFO] [N4] Guardado: C:\Users\jarri\Desktop\RagChatbot\chatbot\scraping\pages\servicios\otros-servicios\rendicion-de-cuentas-arcsa\rendicion-de-cuentas-arcsa-2024\proceso-de-rendicion-de-cuentas-arcsa-2024-planta-central\files-211f00c6.md  |  section_path=['Servicios', 'Otros servicios', 'RENDICIÓN DE CUENTAS ARCSA', 'RENDICIÓN DE CUENTAS ARCSA 2024', 'Proceso de Rendición de Cuentas Arcsa 2024/Planta Central']  |  status=captured
[2026-08-26T15:29:34Z] [INFO] Capturando página: https://nubecz.controlsanitario.gob.ec/index.php/s/VE3fRgz32M6FucG  |  section_path=['Servicios', 'Otros servicios', 'RENDICIÓN DE CUENTAS ARCSA', 'RENDICIÓN DE CUENTAS ARCSA 2024', 'Proceso de Rendición de Cuentas Arcsa 2024/Coordinación Zonal 7']
[2026-08-26T15:29:36Z] [WARNING] [N4] No se guardó Markdown para https://nubecz.controlsanitario.gob.ec/index.php/s/VE3fRgz32M6FucG (status=broken)
[2026-08-26T15:29:37Z] [INFO] Capturando página: https://nubecz.controlsanitario.gob.ec/index.php/s/aDPgXxWSb1ooqRC  |  section_path=['Servicios', 'Otros servicios', 'RENDICIÓN DE CUENTAS ARCSA', 'RENDICIÓN DE CUENTAS ARCSA 2024', 'Proceso de Rendición de Cuentas Arcsa 2024/Coordinación Zonal 7']
[2026-08-26T15:29:39Z] [WARNING] [N4] No se guardó Markdown para https://nubecz.controlsanitario.gob.ec/index.php/s/aDPgXxWSb1ooqRC (status=broken)
[2026-08-26T15:29:40Z] [INFO] Capturando página: https://nubecz.controlsanitario.gob.ec/index.php/s/DLMfkruRDDJh5Nd  |  section_path=['Servicios', 'Otros servicios', 'RENDICIÓN DE CUENTAS ARCSA', 'RENDICIÓN DE CUENTAS ARCSA 2024', 'Proceso de Rendición de Cuentas Arcsa 2024/Coordinación Zonal 7']
[2026-08-26T15:29:42Z] [WARNING] [N4] No se guardó Markdown para https://nubecz.controlsanitario.gob.ec/index.php/s/DLMfkruRDDJh5Nd (status=broken)
[2026-08-26T15:29:43Z] [INFO] Capturando página: https://nubecz.controlsanitario.gob.ec/index.php/s/83mjfepERSpiM0Y  |  section_path=['Servicios', 'Otros servicios', 'RENDICIÓN DE CUENTAS ARCSA', 'RENDICIÓN DE CUENTAS ARCSA 2024', 'Proceso de Rendición de Cuentas Arcsa 2024/Coordinación Zonal 7']
[2026-08-26T15:29:45Z] [INFO] [N4] Guardado: C:\Users\jarri\Desktop\RagChatbot\chatbot\scraping\pages\servicios\otros-servicios\rendicion-de-cuentas-arcsa\rendicion-de-cuentas-arcsa-2024\proceso-de-rendicion-de-cuentas-arcsa-2024-coordinacion-zona\files-884e6a5a.md  |  section_path=['Servicios', 'Otros servicios', 'RENDICIÓN DE CUENTAS ARCSA', 'RENDICIÓN DE CUENTAS ARCSA 2024', 'Proceso de Rendición de Cuentas Arcsa 2024/Coordinación Zonal 7']  |  status=captured
[2026-08-26T15:29:47Z] [INFO] Capturando página: https://nube.controlsanitario.gob.ec/index.php/s/mKcl2uvcvcV3jWp  |  section_path=['Servicios', 'Otros servicios', 'RENDICIÓN DE CUENTAS ARCSA', 'RENDICIÓN DE CUENTAS ARCSA 2024', 'Proceso de Rendición de Cuentas Arcsa 2024/Coordinación Zonal 8']
[2026-08-26T15:29:48Z] [INFO] [N4] Guardado: C:\Users\jarri\Desktop\RagChatbot\chatbot\scraping\pages\servicios\otros-servicios\rendicion-de-cuentas-arcsa\rendicion-de-cuentas-arcsa-2024\proceso-de-rendicion-de-cuentas-arcsa-2024-coordinacion-zona\files-c405b35b.md  |  section_path=['Servicios', 'Otros servicios', 'RENDICIÓN DE CUENTAS ARCSA', 'RENDICIÓN DE CUENTAS ARCSA 2024', 'Proceso de Rendición de Cuentas Arcsa 2024/Coordinación Zonal 8']  |  status=captured
[2026-08-26T15:29:50Z] [INFO] Capturando página: https://nube.controlsanitario.gob.ec/index.php/s/YqjFIfpbgoWnEql  |  section_path=['Servicios', 'Otros servicios', 'RENDICIÓN DE CUENTAS ARCSA', 'RENDICIÓN DE CUENTAS ARCSA 2024', 'Proceso de Rendición de Cuentas Arcsa 2024/Coordinación Zonal 8']
[2026-08-26T15:29:51Z] [INFO] [N4] Guardado: C:\Users\jarri\Desktop\RagChatbot\chatbot\scraping\pages\servicios\otros-servicios\rendicion-de-cuentas-arcsa\rendicion-de-cuentas-arcsa-2024\proceso-de-rendicion-de-cuentas-arcsa-2024-coordinacion-zona\files-7c8a5edd.md  |  section_path=['Servicios', 'Otros servicios', 'RENDICIÓN DE CUENTAS ARCSA', 'RENDICIÓN DE CUENTAS ARCSA 2024', 'Proceso de Rendición de Cuentas Arcsa 2024/Coordinación Zonal 8']  |  status=captured
[2026-08-26T15:29:53Z] [INFO] Capturando página: https://nube.controlsanitario.gob.ec/index.php/s/DpUqJdHn81GJnKc  |  section_path=['Servicios', 'Otros servicios', 'RENDICIÓN DE CUENTAS ARCSA', 'RENDICIÓN DE CUENTAS ARCSA 2024', 'Proceso de Rendición de Cuentas Arcsa 2024/Coordinación Zonal 8']
[2026-08-26T15:29:55Z] [INFO] [N4] Guardado: C:\Users\jarri\Desktop\RagChatbot\chatbot\scraping\pages\servicios\otros-servicios\rendicion-de-cuentas-arcsa\rendicion-de-cuentas-arcsa-2024\proceso-de-rendicion-de-cuentas-arcsa-2024-coordinacion-zona\files-6862fdfe.md  |  section_path=['Servicios', 'Otros servicios', 'RENDICIÓN DE CUENTAS ARCSA', 'RENDICIÓN DE CUENTAS ARCSA 2024', 'Proceso de Rendición de Cuentas Arcsa 2024/Coordinación Zonal 8']  |  status=captured
[2026-08-26T15:29:56Z] [INFO] Capturando página: https://nube.controlsanitario.gob.ec/index.php/s/2GsQgkLLh3CgXa8  |  section_path=['Servicios', 'Otros servicios', 'RENDICIÓN DE CUENTAS ARCSA', 'RENDICIÓN DE CUENTAS ARCSA 2024', 'Proceso de Rendición de Cuentas Arcsa 2024/Coordinación Zonal 8']
[2026-08-26T15:29:58Z] [INFO] [N4] Guardado: C:\Users\jarri\Desktop\RagChatbot\chatbot\scraping\pages\servicios\otros-servicios\rendicion-de-cuentas-arcsa\rendicion-de-cuentas-arcsa-2024\proceso-de-rendicion-de-cuentas-arcsa-2024-coordinacion-zona\files-228acb1c.md  |  section_path=['Servicios', 'Otros servicios', 'RENDICIÓN DE CUENTAS ARCSA', 'RENDICIÓN DE CUENTAS ARCSA 2024', 'Proceso de Rendición de Cuentas Arcsa 2024/Coordinación Zonal 8']  |  status=captured
[2026-08-26T15:29:59Z] [INFO] Capturando página: https://nube.controlsanitario.gob.ec/index.php/s/JvFRsvFjIs0nCsn  |  section_path=['Servicios', 'Otros servicios', 'RENDICIÓN DE CUENTAS ARCSA', 'Proceso de Rendición de Cuentas 2023', 'Proceso de Rendición de Cuentas Arcsa 2023/Planta Central']
[2026-08-26T15:30:01Z] [INFO] [N4] Guardado: C:\Users\jarri\Desktop\RagChatbot\chatbot\scraping\pages\servicios\otros-servicios\rendicion-de-cuentas-arcsa\proceso-de-rendicion-de-cuentas-2023\proceso-de-rendicion-de-cuentas-arcsa-2023-planta-central\files-c398aacb.md  |  section_path=['Servicios', 'Otros servicios', 'RENDICIÓN DE CUENTAS ARCSA', 'Proceso de Rendición de Cuentas 2023', 'Proceso de Rendición de Cuentas Arcsa 2023/Planta Central']  |  status=captured
[2026-08-26T15:30:03Z] [INFO] Capturando página: https://nube.controlsanitario.gob.ec/index.php/s/BKOnmYOdU9rZrP5  |  section_path=['Servicios', 'Otros servicios', 'RENDICIÓN DE CUENTAS ARCSA', 'Proceso de Rendición de Cuentas 2023', 'Proceso de Rendición de Cuentas Arcsa 2023/Planta Central']
[2026-08-26T15:30:04Z] [INFO] [N4] Guardado: C:\Users\jarri\Desktop\RagChatbot\chatbot\scraping\pages\servicios\otros-servicios\rendicion-de-cuentas-arcsa\proceso-de-rendicion-de-cuentas-2023\proceso-de-rendicion-de-cuentas-arcsa-2023-planta-central\files-c4b2731e.md  |  section_path=['Servicios', 'Otros servicios', 'RENDICIÓN DE CUENTAS ARCSA', 'Proceso de Rendición de Cuentas 2023', 'Proceso de Rendición de Cuentas Arcsa 2023/Planta Central']  |  status=captured
[2026-08-26T15:30:06Z] [INFO] Capturando página: https://nube.controlsanitario.gob.ec/index.php/s/JDW1DZNKo3sE2p7  |  section_path=['Servicios', 'Otros servicios', 'RENDICIÓN DE CUENTAS ARCSA', 'Proceso de Rendición de Cuentas 2023', 'Proceso de Rendición de Cuentas Arcsa 2023/Planta Central']
[2026-08-26T15:30:08Z] [INFO] [N4] Guardado: C:\Users\jarri\Desktop\RagChatbot\chatbot\scraping\pages\servicios\otros-servicios\rendicion-de-cuentas-arcsa\proceso-de-rendicion-de-cuentas-2023\proceso-de-rendicion-de-cuentas-arcsa-2023-planta-central\files-f56150dd.md  |  section_path=['Servicios', 'Otros servicios', 'RENDICIÓN DE CUENTAS ARCSA', 'Proceso de Rendición de Cuentas 2023', 'Proceso de Rendición de Cuentas Arcsa 2023/Planta Central']  |  status=captured
[2026-08-26T15:30:09Z] [INFO] Capturando página: https://nube.controlsanitario.gob.ec/index.php/s/na3FHtiCC6X8Bcu  |  section_path=['Servicios', 'Otros servicios', 'RENDICIÓN DE CUENTAS ARCSA', 'Proceso de Rendición de Cuentas 2023', 'Proceso de Rendición de Cuentas Arcsa 2023/Planta Central']
[2026-08-26T15:30:11Z] [INFO] [N4] Guardado: C:\Users\jarri\Desktop\RagChatbot\chatbot\scraping\pages\servicios\otros-servicios\rendicion-de-cuentas-arcsa\proceso-de-rendicion-de-cuentas-2023\proceso-de-rendicion-de-cuentas-arcsa-2023-planta-central\files-b7118be2.md  |  section_path=['Servicios', 'Otros servicios', 'RENDICIÓN DE CUENTAS ARCSA', 'Proceso de Rendición de Cuentas 2023', 'Proceso de Rendición de Cuentas Arcsa 2023/Planta Central']  |  status=captured
[2026-08-26T15:30:12Z] [INFO] Capturando página: https://nube.controlsanitario.gob.ec/index.php/s/uVMBuRJrF7fRP5J  |  section_path=['Servicios', 'Otros servicios', 'RENDICIÓN DE CUENTAS ARCSA', 'Proceso de Rendición de Cuentas 2023', 'Proceso de Rendición de Cuentas Arcsa 2023/Coordinación Zonal 8']
[2026-08-26T15:30:14Z] [INFO] [N4] Guardado: C:\Users\jarri\Desktop\RagChatbot\chatbot\scraping\pages\servicios\otros-servicios\rendicion-de-cuentas-arcsa\proceso-de-rendicion-de-cuentas-2023\proceso-de-rendicion-de-cuentas-arcsa-2023-coordinacion-zona\files-84ec7878.md  |  section_path=['Servicios', 'Otros servicios', 'RENDICIÓN DE CUENTAS ARCSA', 'Proceso de Rendición de Cuentas 2023', 'Proceso de Rendición de Cuentas Arcsa 2023/Coordinación Zonal 8']  |  status=captured
[2026-08-26T15:30:16Z] [INFO] Capturando página: https://nube.controlsanitario.gob.ec/index.php/s/3bYLCeeRQr38axK  |  section_path=['Servicios', 'Otros servicios', 'RENDICIÓN DE CUENTAS ARCSA', 'Proceso de Rendición de Cuentas 2023', 'Proceso de Rendición de Cuentas Arcsa 2023/Coordinación Zonal 8']
[2026-08-26T15:30:17Z] [INFO] [N4] Guardado: C:\Users\jarri\Desktop\RagChatbot\chatbot\scraping\pages\servicios\otros-servicios\rendicion-de-cuentas-arcsa\proceso-de-rendicion-de-cuentas-2023\proceso-de-rendicion-de-cuentas-arcsa-2023-coordinacion-zona\files-4b46d412.md  |  section_path=['Servicios', 'Otros servicios', 'RENDICIÓN DE CUENTAS ARCSA', 'Proceso de Rendición de Cuentas 2023', 'Proceso de Rendición de Cuentas Arcsa 2023/Coordinación Zonal 8']  |  status=captured
[2026-08-26T15:30:19Z] [INFO] Capturando página: https://nube.controlsanitario.gob.ec/index.php/s/To7mK4lEhWLysJU  |  section_path=['Servicios', 'Otros servicios', 'RENDICIÓN DE CUENTAS ARCSA', 'Proceso de Rendición de Cuentas 2023', 'Proceso de Rendición de Cuentas Arcsa 2023/Coordinación Zonal 8']
[2026-08-26T15:30:20Z] [INFO] [N4] Guardado: C:\Users\jarri\Desktop\RagChatbot\chatbot\scraping\pages\servicios\otros-servicios\rendicion-de-cuentas-arcsa\proceso-de-rendicion-de-cuentas-2023\proceso-de-rendicion-de-cuentas-arcsa-2023-coordinacion-zona\files-fbcbddbb.md  |  section_path=['Servicios', 'Otros servicios', 'RENDICIÓN DE CUENTAS ARCSA', 'Proceso de Rendición de Cuentas 2023', 'Proceso de Rendición de Cuentas Arcsa 2023/Coordinación Zonal 8']  |  status=captured
[2026-08-26T15:30:22Z] [INFO] Capturando página: https://nube.controlsanitario.gob.ec/index.php/s/P6gvpsuX8D6Yy9P  |  section_path=['Servicios', 'Otros servicios', 'RENDICIÓN DE CUENTAS ARCSA', 'Proceso de Rendición de Cuentas 2023', 'Proceso de Rendición de Cuentas Arcsa 2023/Coordinación Zonal 8']
[2026-08-26T15:30:23Z] [INFO] [N4] Guardado: C:\Users\jarri\Desktop\RagChatbot\chatbot\scraping\pages\servicios\otros-servicios\rendicion-de-cuentas-arcsa\proceso-de-rendicion-de-cuentas-2023\proceso-de-rendicion-de-cuentas-arcsa-2023-coordinacion-zona\files-ec2c0ded.md  |  section_path=['Servicios', 'Otros servicios', 'RENDICIÓN DE CUENTAS ARCSA', 'Proceso de Rendición de Cuentas 2023', 'Proceso de Rendición de Cuentas Arcsa 2023/Coordinación Zonal 8']  |  status=captured
[2026-08-26T15:30:25Z] [INFO] Capturando página: http://www.controlsanitario.gob.ec/invitacion-planta-central/  |  section_path=['Servicios', 'Otros servicios', 'RENDICIÓN DE CUENTAS ARCSA', 'Rendición de Cuentas 2014', 'Fase 0']
[2026-08-26T15:30:27Z] [INFO] [N4] Guardado: C:\Users\jarri\Desktop\RagChatbot\chatbot\scraping\pages\servicios\otros-servicios\rendicion-de-cuentas-arcsa\rendicion-de-cuentas-2014\fase-0\invitacion-planta-central-f9b70194.md  |  section_path=['Servicios', 'Otros servicios', 'RENDICIÓN DE CUENTAS ARCSA', 'Rendición de Cuentas 2014', 'Fase 0']  |  status=captured
[2026-08-26T15:30:29Z] [INFO] Capturando página: http://www.controlsanitario.gob.ec/fase2-zona1/  |  section_path=['Servicios', 'Otros servicios', 'RENDICIÓN DE CUENTAS ARCSA', 'Rendición de Cuentas 2014', 'Fase 0']
[2026-08-26T15:30:31Z] [INFO] [N4] Guardado: C:\Users\jarri\Desktop\RagChatbot\chatbot\scraping\pages\servicios\otros-servicios\rendicion-de-cuentas-arcsa\rendicion-de-cuentas-2014\fase-0\fase2-zona1-61d9beaa.md  |  section_path=['Servicios', 'Otros servicios', 'RENDICIÓN DE CUENTAS ARCSA', 'Rendición de Cuentas 2014', 'Fase 0']  |  status=captured
[2026-08-26T15:30:32Z] [INFO] Capturando página: http://www.controlsanitario.gob.ec/fase2-zona2/  |  section_path=['Servicios', 'Otros servicios', 'RENDICIÓN DE CUENTAS ARCSA', 'Rendición de Cuentas 2014', 'Fase 0']
[2026-08-26T15:30:34Z] [INFO] [N4] Guardado: C:\Users\jarri\Desktop\RagChatbot\chatbot\scraping\pages\servicios\otros-servicios\rendicion-de-cuentas-arcsa\rendicion-de-cuentas-2014\fase-0\fase2-zona2-a1fa4c7c.md  |  section_path=['Servicios', 'Otros servicios', 'RENDICIÓN DE CUENTAS ARCSA', 'Rendición de Cuentas 2014', 'Fase 0']  |  status=captured
[2026-08-26T15:30:36Z] [INFO] Capturando página: http://www.controlsanitario.gob.ec/fase2-zona3/  |  section_path=['Servicios', 'Otros servicios', 'RENDICIÓN DE CUENTAS ARCSA', 'Rendición de Cuentas 2014', 'Fase 0']
[2026-08-26T15:30:38Z] [INFO] [N4] Guardado: C:\Users\jarri\Desktop\RagChatbot\chatbot\scraping\pages\servicios\otros-servicios\rendicion-de-cuentas-arcsa\rendicion-de-cuentas-2014\fase-0\fase2-zona3-17f300b6.md  |  section_path=['Servicios', 'Otros servicios', 'RENDICIÓN DE CUENTAS ARCSA', 'Rendición de Cuentas 2014', 'Fase 0']  |  status=captured
[2026-08-26T15:30:40Z] [INFO] Capturando página: http://www.controlsanitario.gob.ec/fase2-zona4/  |  section_path=['Servicios', 'Otros servicios', 'RENDICIÓN DE CUENTAS ARCSA', 'Rendición de Cuentas 2014', 'Fase 0']
[2026-08-26T15:30:42Z] [INFO] [N4] Guardado: C:\Users\jarri\Desktop\RagChatbot\chatbot\scraping\pages\servicios\otros-servicios\rendicion-de-cuentas-arcsa\rendicion-de-cuentas-2014\fase-0\fase2-zona4-2244f91b.md  |  section_path=['Servicios', 'Otros servicios', 'RENDICIÓN DE CUENTAS ARCSA', 'Rendición de Cuentas 2014', 'Fase 0']  |  status=captured
[2026-08-26T15:30:43Z] [INFO] Capturando página: http://www.controlsanitario.gob.ec/fase2-zona5/  |  section_path=['Servicios', 'Otros servicios', 'RENDICIÓN DE CUENTAS ARCSA', 'Rendición de Cuentas 2014', 'Fase 0']
[2026-08-26T15:30:45Z] [INFO] [N4] Guardado: C:\Users\jarri\Desktop\RagChatbot\chatbot\scraping\pages\servicios\otros-servicios\rendicion-de-cuentas-arcsa\rendicion-de-cuentas-2014\fase-0\fase2-zona5-079cd9f7.md  |  section_path=['Servicios', 'Otros servicios', 'RENDICIÓN DE CUENTAS ARCSA', 'Rendición de Cuentas 2014', 'Fase 0']  |  status=captured
[2026-08-26T15:30:47Z] [INFO] Capturando página: http://www.controlsanitario.gob.ec/fase2-zona6/  |  section_path=['Servicios', 'Otros servicios', 'RENDICIÓN DE CUENTAS ARCSA', 'Rendición de Cuentas 2014', 'Fase 0']
[2026-08-26T15:30:49Z] [INFO] [N4] Guardado: C:\Users\jarri\Desktop\RagChatbot\chatbot\scraping\pages\servicios\otros-servicios\rendicion-de-cuentas-arcsa\rendicion-de-cuentas-2014\fase-0\fase2-zona6-de736cad.md  |  section_path=['Servicios', 'Otros servicios', 'RENDICIÓN DE CUENTAS ARCSA', 'Rendición de Cuentas 2014', 'Fase 0']  |  status=captured
[2026-08-26T15:30:50Z] [INFO] Capturando página: http://www.controlsanitario.gob.ec/fase2-zona7/  |  section_path=['Servicios', 'Otros servicios', 'RENDICIÓN DE CUENTAS ARCSA', 'Rendición de Cuentas 2014', 'Fase 0']
[2026-08-26T15:30:52Z] [INFO] [N4] Guardado: C:\Users\jarri\Desktop\RagChatbot\chatbot\scraping\pages\servicios\otros-servicios\rendicion-de-cuentas-arcsa\rendicion-de-cuentas-2014\fase-0\fase2-zona7-aeab7cd0.md  |  section_path=['Servicios', 'Otros servicios', 'RENDICIÓN DE CUENTAS ARCSA', 'Rendición de Cuentas 2014', 'Fase 0']  |  status=captured
[2026-08-26T15:30:54Z] [INFO] Capturando página: http://www.controlsanitario.gob.ec/fase2-zona8/  |  section_path=['Servicios', 'Otros servicios', 'RENDICIÓN DE CUENTAS ARCSA', 'Rendición de Cuentas 2014', 'Fase 0']
[2026-08-26T15:30:56Z] [INFO] [N4] Guardado: C:\Users\jarri\Desktop\RagChatbot\chatbot\scraping\pages\servicios\otros-servicios\rendicion-de-cuentas-arcsa\rendicion-de-cuentas-2014\fase-0\fase2-zona8-3c1490fa.md  |  section_path=['Servicios', 'Otros servicios', 'RENDICIÓN DE CUENTAS ARCSA', 'Rendición de Cuentas 2014', 'Fase 0']  |  status=captured
[2026-08-26T15:30:57Z] [INFO] Capturando página: http://www.controlsanitario.gob.ec/fase2-zona9/  |  section_path=['Servicios', 'Otros servicios', 'RENDICIÓN DE CUENTAS ARCSA', 'Rendición de Cuentas 2014', 'Fase 0']
[2026-08-26T15:30:59Z] [INFO] [N4] Guardado: C:\Users\jarri\Desktop\RagChatbot\chatbot\scraping\pages\servicios\otros-servicios\rendicion-de-cuentas-arcsa\rendicion-de-cuentas-2014\fase-0\fase2-zona9-253e5112.md  |  section_path=['Servicios', 'Otros servicios', 'RENDICIÓN DE CUENTAS ARCSA', 'Rendición de Cuentas 2014', 'Fase 0']  |  status=captured
[2026-08-26T15:30:59Z] [INFO] === NIVEL 4 completo: 58 página(s) NUEVA(S) para el nivel 5 ===
[2026-08-26T15:30:59Z] [INFO] === NIVEL 5: 58 página(s) nueva(s) por procesar ===
[2026-08-26T15:31:01Z] [INFO] Capturando página: https://www.controlsanitario.gob.ec/lotes-de-productos-que-han-presentado-incumplimientos-por-contaminantes-en-su-composicion/  |  section_path=['Servicios', 'Establecimientos', 'FECHA', 'Agencia Nacional de Regulación, Control  y Vigilancia Sanitaria – Regulación de medicamentos, alimentos procesados, cosméticos y vigilancia sanitaria en establecimientos sujetos a control.']
[2026-08-26T15:31:04Z] [INFO] [N5] Guardado: C:\Users\jarri\Desktop\RagChatbot\chatbot\scraping\pages\servicios\establecimientos\fecha\agencia-nacional-de-regulacion-control-y-vigilancia-sanitari\lotes-de-productos-en-los-que-se-han-detectado-18a27581.md  |  section_path=['Servicios', 'Establecimientos', 'FECHA', 'Agencia Nacional de Regulación, Control  y Vigilancia Sanitaria – Regulación de medicamentos, alimentos procesados, cosméticos y vigilancia sanitaria en establecimientos sujetos a control.']  |  status=captured
[2026-08-26T15:31:05Z] [INFO] Capturando página: https://www.controlsanitario.gob.ec/que-es-farmacovigilancia/  |  section_path=['Servicios', 'Establecimientos', 'FECHA', 'Agencia Nacional de Regulación, Control  y Vigilancia Sanitaria – Regulación de medicamentos, alimentos procesados, cosméticos y vigilancia sanitaria en establecimientos sujetos a control.']
[2026-08-26T15:31:07Z] [INFO] [N5] Guardado: C:\Users\jarri\Desktop\RagChatbot\chatbot\scraping\pages\servicios\establecimientos\fecha\agencia-nacional-de-regulacion-control-y-vigilancia-sanitari\que-es-farmacovigilancia-b0575eac.md  |  section_path=['Servicios', 'Establecimientos', 'FECHA', 'Agencia Nacional de Regulación, Control  y Vigilancia Sanitaria – Regulación de medicamentos, alimentos procesados, cosméticos y vigilancia sanitaria en establecimientos sujetos a control.']  |  status=captured
[2026-08-26T15:31:09Z] [INFO] Capturando página: https://www.controlsanitario.gob.ec/reaccionesadversasamedicamentos/  |  section_path=['Servicios', 'Establecimientos', 'FECHA', 'Agencia Nacional de Regulación, Control  y Vigilancia Sanitaria – Regulación de medicamentos, alimentos procesados, cosméticos y vigilancia sanitaria en establecimientos sujetos a control.']
[2026-08-26T15:31:11Z] [INFO] [N5] Guardado: C:\Users\jarri\Desktop\RagChatbot\chatbot\scraping\pages\servicios\establecimientos\fecha\agencia-nacional-de-regulacion-control-y-vigilancia-sanitari\reacciones-adversas-a-medicamentos-ram-f5bbcf01.md  |  section_path=['Servicios', 'Establecimientos', 'FECHA', 'Agencia Nacional de Regulación, Control  y Vigilancia Sanitaria – Regulación de medicamentos, alimentos procesados, cosméticos y vigilancia sanitaria en establecimientos sujetos a control.']  |  status=captured
[2026-08-26T15:31:13Z] [INFO] Capturando página: https://www.controlsanitario.gob.ec/cnfv/  |  section_path=['Servicios', 'Establecimientos', 'FECHA', 'Agencia Nacional de Regulación, Control  y Vigilancia Sanitaria – Regulación de medicamentos, alimentos procesados, cosméticos y vigilancia sanitaria en establecimientos sujetos a control.']
[2026-08-26T15:31:15Z] [INFO] [N5] Guardado: C:\Users\jarri\Desktop\RagChatbot\chatbot\scraping\pages\servicios\establecimientos\fecha\agencia-nacional-de-regulacion-control-y-vigilancia-sanitari\centro-nacional-de-farmacovigilancia-12428e73.md  |  section_path=['Servicios', 'Establecimientos', 'FECHA', 'Agencia Nacional de Regulación, Control  y Vigilancia Sanitaria – Regulación de medicamentos, alimentos procesados, cosméticos y vigilancia sanitaria en establecimientos sujetos a control.']  |  status=captured
[2026-08-26T15:31:16Z] [INFO] Capturando página: https://www.controlsanitario.gob.ec/como-notificar-una-reaccion-adversa-a-un-medicamento/  |  section_path=['Servicios', 'Establecimientos', 'FECHA', 'Agencia Nacional de Regulación, Control  y Vigilancia Sanitaria – Regulación de medicamentos, alimentos procesados, cosméticos y vigilancia sanitaria en establecimientos sujetos a control.']
[2026-08-26T15:31:19Z] [INFO] [N5] Guardado: C:\Users\jarri\Desktop\RagChatbot\chatbot\scraping\pages\servicios\establecimientos\fecha\agencia-nacional-de-regulacion-control-y-vigilancia-sanitari\sin-titulo-propio-f04ce245.md  |  section_path=['Servicios', 'Establecimientos', 'FECHA', 'Agencia Nacional de Regulación, Control  y Vigilancia Sanitaria – Regulación de medicamentos, alimentos procesados, cosméticos y vigilancia sanitaria en establecimientos sujetos a control.']  |  status=captured
[2026-08-26T15:31:20Z] [INFO] Capturando página: https://www.controlsanitario.gob.ec/boletines-de-farmacovigilancia/  |  section_path=['Servicios', 'Establecimientos', 'FECHA', 'Agencia Nacional de Regulación, Control  y Vigilancia Sanitaria – Regulación de medicamentos, alimentos procesados, cosméticos y vigilancia sanitaria en establecimientos sujetos a control.']
[2026-08-26T15:31:22Z] [INFO] [N5] Guardado: C:\Users\jarri\Desktop\RagChatbot\chatbot\scraping\pages\servicios\establecimientos\fecha\agencia-nacional-de-regulacion-control-y-vigilancia-sanitari\sin-titulo-propio-6bf731c4.md  |  section_path=['Servicios', 'Establecimientos', 'FECHA', 'Agencia Nacional de Regulación, Control  y Vigilancia Sanitaria – Regulación de medicamentos, alimentos procesados, cosméticos y vigilancia sanitaria en establecimientos sujetos a control.']  |  status=captured
[2026-08-26T15:31:24Z] [INFO] Capturando página: https://nube.controlsanitario.gob.ec/index.php/s/LAQQ6whmoQBlc5h  |  section_path=['Servicios', 'Establecimientos', 'FECHA', 'Agencia Nacional de Regulación, Control  y Vigilancia Sanitaria – Regulación de medicamentos, alimentos procesados, cosméticos y vigilancia sanitaria en establecimientos sujetos a control.', 'Sistema Nacional de Tecnovigilancia (SNTV)']
[2026-08-26T15:31:25Z] [INFO] [N5] Guardado: C:\Users\jarri\Desktop\RagChatbot\chatbot\scraping\pages\servicios\establecimientos\fecha\agencia-nacional-de-regulacion-control-y-vigilancia-sanitari\sistema-nacional-de-tecnovigilancia-sntv\files-5e01e1cf.md  |  section_path=['Servicios', 'Establecimientos', 'FECHA', 'Agencia Nacional de Regulación, Control  y Vigilancia Sanitaria – Regulación de medicamentos, alimentos procesados, cosméticos y vigilancia sanitaria en establecimientos sujetos a control.', 'Sistema Nacional de Tecnovigilancia (SNTV)']  |  status=captured
[2026-08-26T15:31:27Z] [INFO] Capturando página: https://nube.controlsanitario.gob.ec/index.php/s/Bzaz6UiQTg8mG8V  |  section_path=['Servicios', 'Establecimientos', 'FECHA', 'Agencia Nacional de Regulación, Control  y Vigilancia Sanitaria – Regulación de medicamentos, alimentos procesados, cosméticos y vigilancia sanitaria en establecimientos sujetos a control.', 'Sistema Nacional de Tecnovigilancia (SNTV)']
[2026-08-26T15:31:29Z] [INFO] [N5] Guardado: C:\Users\jarri\Desktop\RagChatbot\chatbot\scraping\pages\servicios\establecimientos\fecha\agencia-nacional-de-regulacion-control-y-vigilancia-sanitari\sistema-nacional-de-tecnovigilancia-sntv\files-8b5530b5.md  |  section_path=['Servicios', 'Establecimientos', 'FECHA', 'Agencia Nacional de Regulación, Control  y Vigilancia Sanitaria – Regulación de medicamentos, alimentos procesados, cosméticos y vigilancia sanitaria en establecimientos sujetos a control.', 'Sistema Nacional de Tecnovigilancia (SNTV)']  |  status=captured
[2026-08-26T15:31:30Z] [INFO] Capturando página: https://www.controlsanitario.gob.ec/reportes-de-farmacovigilancia/  |  section_path=['Servicios', 'Establecimientos', 'FECHA', 'Agencia Nacional de Regulación, Control  y Vigilancia Sanitaria – Regulación de medicamentos, alimentos procesados, cosméticos y vigilancia sanitaria en establecimientos sujetos a control.', 'Alertas Sanitarias-Reportes de Seguridad- Notas Informativas']
[2026-08-26T15:31:33Z] [INFO] [N5] Guardado: C:\Users\jarri\Desktop\RagChatbot\chatbot\scraping\pages\servicios\establecimientos\fecha\agencia-nacional-de-regulacion-control-y-vigilancia-sanitari\alertas-sanitarias-reportes-de-seguridad-notas-informativas\2026-c39c6172.md  |  section_path=['Servicios', 'Establecimientos', 'FECHA', 'Agencia Nacional de Regulación, Control  y Vigilancia Sanitaria – Regulación de medicamentos, alimentos procesados, cosméticos y vigilancia sanitaria en establecimientos sujetos a control.', 'Alertas Sanitarias-Reportes de Seguridad- Notas Informativas']  |  status=captured
[2026-08-26T15:31:34Z] [INFO] Capturando página: https://www.controlsanitario.gob.ec/nota-informativa-de-farmacovigilancia/  |  section_path=['Servicios', 'Establecimientos', 'FECHA', 'Agencia Nacional de Regulación, Control  y Vigilancia Sanitaria – Regulación de medicamentos, alimentos procesados, cosméticos y vigilancia sanitaria en establecimientos sujetos a control.', 'Alertas Sanitarias-Reportes de Seguridad- Notas Informativas']
[2026-08-26T15:31:36Z] [INFO] [N5] Guardado: C:\Users\jarri\Desktop\RagChatbot\chatbot\scraping\pages\servicios\establecimientos\fecha\agencia-nacional-de-regulacion-control-y-vigilancia-sanitari\alertas-sanitarias-reportes-de-seguridad-notas-informativas\2026-0f5cd371.md  |  section_path=['Servicios', 'Establecimientos', 'FECHA', 'Agencia Nacional de Regulación, Control  y Vigilancia Sanitaria – Regulación de medicamentos, alimentos procesados, cosméticos y vigilancia sanitaria en establecimientos sujetos a control.', 'Alertas Sanitarias-Reportes de Seguridad- Notas Informativas']  |  status=captured
[2026-08-26T15:31:38Z] [INFO] Capturando página: https://www.controlsanitario.gob.ec/reportes-de-seguridad-de-tecnovigilancia/  |  section_path=['Servicios', 'Establecimientos', 'FECHA', 'Agencia Nacional de Regulación, Control  y Vigilancia Sanitaria – Regulación de medicamentos, alimentos procesados, cosméticos y vigilancia sanitaria en establecimientos sujetos a control.', 'Alertas Sanitarias-Reportes de Seguridad- Notas Informativas']
[2026-08-26T15:31:40Z] [INFO] [N5] Guardado: C:\Users\jarri\Desktop\RagChatbot\chatbot\scraping\pages\servicios\establecimientos\fecha\agencia-nacional-de-regulacion-control-y-vigilancia-sanitari\alertas-sanitarias-reportes-de-seguridad-notas-informativas\2018-a6bc8af5.md  |  section_path=['Servicios', 'Establecimientos', 'FECHA', 'Agencia Nacional de Regulación, Control  y Vigilancia Sanitaria – Regulación de medicamentos, alimentos procesados, cosméticos y vigilancia sanitaria en establecimientos sujetos a control.', 'Alertas Sanitarias-Reportes de Seguridad- Notas Informativas']  |  status=captured
[2026-08-26T15:31:41Z] [INFO] Capturando página: https://www.controlsanitario.gob.ec/base-de-alertas-de-alimentos-falsificados/  |  section_path=['Servicios', 'Establecimientos', 'FECHA', 'Agencia Nacional de Regulación, Control  y Vigilancia Sanitaria – Regulación de medicamentos, alimentos procesados, cosméticos y vigilancia sanitaria en establecimientos sujetos a control.', 'Alertas Sanitarias-Reportes de Seguridad- Notas Informativas']
[2026-08-26T15:31:44Z] [INFO] [N5] Guardado: C:\Users\jarri\Desktop\RagChatbot\chatbot\scraping\pages\servicios\establecimientos\fecha\agencia-nacional-de-regulacion-control-y-vigilancia-sanitari\alertas-sanitarias-reportes-de-seguridad-notas-informativas\2026-376b7884.md  |  section_path=['Servicios', 'Establecimientos', 'FECHA', 'Agencia Nacional de Regulación, Control  y Vigilancia Sanitaria – Regulación de medicamentos, alimentos procesados, cosméticos y vigilancia sanitaria en establecimientos sujetos a control.', 'Alertas Sanitarias-Reportes de Seguridad- Notas Informativas']  |  status=captured
[2026-08-26T15:31:45Z] [INFO] Capturando página: https://www.controlsanitario.gob.ec/base-de-alertas-falsificados/  |  section_path=['Servicios', 'Establecimientos', 'FECHA', 'Agencia Nacional de Regulación, Control  y Vigilancia Sanitaria – Regulación de medicamentos, alimentos procesados, cosméticos y vigilancia sanitaria en establecimientos sujetos a control.', 'Alertas Sanitarias-Reportes de Seguridad- Notas Informativas']
[2026-08-26T15:31:48Z] [INFO] [N5] Guardado: C:\Users\jarri\Desktop\RagChatbot\chatbot\scraping\pages\servicios\establecimientos\fecha\agencia-nacional-de-regulacion-control-y-vigilancia-sanitari\alertas-sanitarias-reportes-de-seguridad-notas-informativas\2026-bc7306ae.md  |  section_path=['Servicios', 'Establecimientos', 'FECHA', 'Agencia Nacional de Regulación, Control  y Vigilancia Sanitaria – Regulación de medicamentos, alimentos procesados, cosméticos y vigilancia sanitaria en establecimientos sujetos a control.', 'Alertas Sanitarias-Reportes de Seguridad- Notas Informativas']  |  status=captured
[2026-08-26T15:31:49Z] [INFO] Capturando página: https://www.controlsanitario.gob.ec/base-de-alertas-calidad-subestandar/  |  section_path=['Servicios', 'Establecimientos', 'FECHA', 'Agencia Nacional de Regulación, Control  y Vigilancia Sanitaria – Regulación de medicamentos, alimentos procesados, cosméticos y vigilancia sanitaria en establecimientos sujetos a control.', 'Alertas Sanitarias-Reportes de Seguridad- Notas Informativas']
[2026-08-26T15:31:51Z] [INFO] [N5] Guardado: C:\Users\jarri\Desktop\RagChatbot\chatbot\scraping\pages\servicios\establecimientos\fecha\agencia-nacional-de-regulacion-control-y-vigilancia-sanitari\alertas-sanitarias-reportes-de-seguridad-notas-informativas\2025-3a5989cf.md  |  section_path=['Servicios', 'Establecimientos', 'FECHA', 'Agencia Nacional de Regulación, Control  y Vigilancia Sanitaria – Regulación de medicamentos, alimentos procesados, cosméticos y vigilancia sanitaria en establecimientos sujetos a control.', 'Alertas Sanitarias-Reportes de Seguridad- Notas Informativas']  |  status=captured
[2026-08-26T15:31:53Z] [INFO] Capturando página: https://www.controlsanitario.gob.ec/alertas_sin-notificacion-sanitaria-de-suplementos-alimenticios/  |  section_path=['Servicios', 'Establecimientos', 'FECHA', 'Agencia Nacional de Regulación, Control  y Vigilancia Sanitaria – Regulación de medicamentos, alimentos procesados, cosméticos y vigilancia sanitaria en establecimientos sujetos a control.', 'Alertas Sanitarias-Reportes de Seguridad- Notas Informativas']
[2026-08-26T15:31:55Z] [INFO] [N5] Guardado: C:\Users\jarri\Desktop\RagChatbot\chatbot\scraping\pages\servicios\establecimientos\fecha\agencia-nacional-de-regulacion-control-y-vigilancia-sanitari\alertas-sanitarias-reportes-de-seguridad-notas-informativas\2025-e514a629.md  |  section_path=['Servicios', 'Establecimientos', 'FECHA', 'Agencia Nacional de Regulación, Control  y Vigilancia Sanitaria – Regulación de medicamentos, alimentos procesados, cosméticos y vigilancia sanitaria en establecimientos sujetos a control.', 'Alertas Sanitarias-Reportes de Seguridad- Notas Informativas']  |  status=captured
[2026-08-26T15:31:56Z] [INFO] Capturando página: https://www.controlsanitario.gob.ec/alerta-productos-no-registrados/  |  section_path=['Servicios', 'Establecimientos', 'FECHA', 'Agencia Nacional de Regulación, Control  y Vigilancia Sanitaria – Regulación de medicamentos, alimentos procesados, cosméticos y vigilancia sanitaria en establecimientos sujetos a control.', 'Alertas Sanitarias-Reportes de Seguridad- Notas Informativas']
[2026-08-26T15:31:59Z] [INFO] [N5] Guardado: C:\Users\jarri\Desktop\RagChatbot\chatbot\scraping\pages\servicios\establecimientos\fecha\agencia-nacional-de-regulacion-control-y-vigilancia-sanitari\alertas-sanitarias-reportes-de-seguridad-notas-informativas\2026-66857994.md  |  section_path=['Servicios', 'Establecimientos', 'FECHA', 'Agencia Nacional de Regulación, Control  y Vigilancia Sanitaria – Regulación de medicamentos, alimentos procesados, cosméticos y vigilancia sanitaria en establecimientos sujetos a control.', 'Alertas Sanitarias-Reportes de Seguridad- Notas Informativas']  |  status=captured
[2026-08-26T15:32:00Z] [INFO] Capturando página: https://www.controlsanitario.gob.ec/matriz-de-retiros-del-mercado-de-productos-de-uso-y-consumo-humano-alimentos-procesados-y-ultraprocesados/  |  section_path=['Servicios', 'Establecimientos', 'FECHA', 'Agencia Nacional de Regulación, Control  y Vigilancia Sanitaria – Regulación de medicamentos, alimentos procesados, cosméticos y vigilancia sanitaria en establecimientos sujetos a control.', 'Alertas Sanitarias-Reportes de Seguridad- Notas Informativas']
[2026-08-26T15:32:02Z] [WARNING] Ruta de sección demasiado larga (282 caracteres); guardando en carpeta plana de respaldo: C:\Users\jarri\Desktop\RagChatbot\chatbot\scraping\pages\_rutas_largas\matriz-de-retiros-del-mercado-de-productos-de-uso-y-consumo-14863fd1.md
[2026-08-26T15:32:02Z] [INFO] [N5] Guardado: C:\Users\jarri\Desktop\RagChatbot\chatbot\scraping\pages\_rutas_largas\matriz-de-retiros-del-mercado-de-productos-de-uso-y-consumo-14863fd1.md  |  section_path=['Servicios', 'Establecimientos', 'FECHA', 'Agencia Nacional de Regulación, Control  y Vigilancia Sanitaria – Regulación de medicamentos, alimentos procesados, cosméticos y vigilancia sanitaria en establecimientos sujetos a control.', 'Alertas Sanitarias-Reportes de Seguridad- Notas Informativas']  |  status=captured
[2026-08-26T15:32:04Z] [INFO] Capturando página: https://www.controlsanitario.gob.ec/matriz-de-retiros-del-mercado-medicamentos-biologicos-productos-naturales-homeopaticos-dispositivos-medicos-reactivos-bioquimicos-cosmeticos-higienicos/  |  section_path=['Servicios', 'Establecimientos', 'FECHA', 'Agencia Nacional de Regulación, Control  y Vigilancia Sanitaria – Regulación de medicamentos, alimentos procesados, cosméticos y vigilancia sanitaria en establecimientos sujetos a control.', 'Alertas Sanitarias-Reportes de Seguridad- Notas Informativas']
[2026-08-26T15:32:06Z] [INFO] [N5] Guardado: C:\Users\jarri\Desktop\RagChatbot\chatbot\scraping\pages\servicios\establecimientos\fecha\agencia-nacional-de-regulacion-control-y-vigilancia-sanitari\alertas-sanitarias-reportes-de-seguridad-notas-informativas\2026-1f37a78f.md  |  section_path=['Servicios', 'Establecimientos', 'FECHA', 'Agencia Nacional de Regulación, Control  y Vigilancia Sanitaria – Regulación de medicamentos, alimentos procesados, cosméticos y vigilancia sanitaria en establecimientos sujetos a control.', 'Alertas Sanitarias-Reportes de Seguridad- Notas Informativas']  |  status=captured
[2026-08-26T15:32:07Z] [INFO] Capturando página: https://www.controlsanitario.gob.ec/clasificacion-de-alimentos-procesados-por-riesgo/  |  section_path=['Servicios', 'Establecimientos', 'FECHA', 'Agencia Nacional de Regulación, Control  y Vigilancia Sanitaria – Regulación de medicamentos, alimentos procesados, cosméticos y vigilancia sanitaria en establecimientos sujetos a control.', 'Riesgos de Productos', 'Riesgo de Alimentos Procesados']
[2026-08-26T15:32:10Z] [WARNING] Ruta de sección demasiado larga (264 caracteres); guardando en carpeta plana de respaldo: C:\Users\jarri\Desktop\RagChatbot\chatbot\scraping\pages\_rutas_largas\categorizacion-de-alimentos-procesados-por-riesgo-118b6fcb.md
[2026-08-26T15:32:10Z] [INFO] [N5] Guardado: C:\Users\jarri\Desktop\RagChatbot\chatbot\scraping\pages\_rutas_largas\categorizacion-de-alimentos-procesados-por-riesgo-118b6fcb.md  |  section_path=['Servicios', 'Establecimientos', 'FECHA', 'Agencia Nacional de Regulación, Control  y Vigilancia Sanitaria – Regulación de medicamentos, alimentos procesados, cosméticos y vigilancia sanitaria en establecimientos sujetos a control.', 'Riesgos de Productos', 'Riesgo de Alimentos Procesados']  |  status=captured
[2026-08-26T15:32:11Z] [INFO] Capturando página: https://www.controlsanitario.gob.ec/clasificacion-de-medicamentos-de-uso-y-consumo-humano-por-riesgo/  |  section_path=['Servicios', 'Establecimientos', 'FECHA', 'Agencia Nacional de Regulación, Control  y Vigilancia Sanitaria – Regulación de medicamentos, alimentos procesados, cosméticos y vigilancia sanitaria en establecimientos sujetos a control.', 'Riesgos de Productos', 'riesgos.sanitarios@controlsanitario.gob.ec']
[2026-08-26T15:32:13Z] [WARNING] Ruta de sección demasiado larga (287 caracteres); guardando en carpeta plana de respaldo: C:\Users\jarri\Desktop\RagChatbot\chatbot\scraping\pages\_rutas_largas\clasificacion-de-medicamentos-de-uso-y-consumo-humano-por-ri-e5ecc656.md
[2026-08-26T15:32:13Z] [INFO] [N5] Guardado: C:\Users\jarri\Desktop\RagChatbot\chatbot\scraping\pages\_rutas_largas\clasificacion-de-medicamentos-de-uso-y-consumo-humano-por-ri-e5ecc656.md  |  section_path=['Servicios', 'Establecimientos', 'FECHA', 'Agencia Nacional de Regulación, Control  y Vigilancia Sanitaria – Regulación de medicamentos, alimentos procesados, cosméticos y vigilancia sanitaria en establecimientos sujetos a control.', 'Riesgos de Productos', 'riesgos.sanitarios@controlsanitario.gob.ec']  |  status=captured
[2026-08-26T15:32:15Z] [INFO] Capturando página: https://www.controlsanitario.gob.ec/clasificacion-de-productos-naturales-procesados-de-usos-medicinal/  |  section_path=['Servicios', 'Establecimientos', 'FECHA', 'Agencia Nacional de Regulación, Control  y Vigilancia Sanitaria – Regulación de medicamentos, alimentos procesados, cosméticos y vigilancia sanitaria en establecimientos sujetos a control.', 'Riesgos de Productos', 'Riesgos de Productos Naturales']
[2026-08-26T15:32:17Z] [WARNING] Ruta de sección demasiado larga (275 caracteres); guardando en carpeta plana de respaldo: C:\Users\jarri\Desktop\RagChatbot\chatbot\scraping\pages\_rutas_largas\clasificacion-de-productos-naturales-procesados-de-usos-medi-e2b991d5.md
[2026-08-26T15:32:17Z] [INFO] [N5] Guardado: C:\Users\jarri\Desktop\RagChatbot\chatbot\scraping\pages\_rutas_largas\clasificacion-de-productos-naturales-procesados-de-usos-medi-e2b991d5.md  |  section_path=['Servicios', 'Establecimientos', 'FECHA', 'Agencia Nacional de Regulación, Control  y Vigilancia Sanitaria – Regulación de medicamentos, alimentos procesados, cosméticos y vigilancia sanitaria en establecimientos sujetos a control.', 'Riesgos de Productos', 'Riesgos de Productos Naturales']  |  status=captured
[2026-08-26T15:32:18Z] [INFO] Capturando página: https://www.controlsanitario.gob.ec/protocolo-de-uso-de-aplicacion-arcsa-movil/  |  section_path=['Servicios', 'Establecimientos', 'FECHA', 'Agencia Nacional de Regulación, Control  y Vigilancia Sanitaria – Regulación de medicamentos, alimentos procesados, cosméticos y vigilancia sanitaria en establecimientos sujetos a control.', 'Riesgos de Productos', 'Riesgos de Productos Naturales']
[2026-08-26T15:32:21Z] [WARNING] Ruta de sección demasiado larga (275 caracteres); guardando en carpeta plana de respaldo: C:\Users\jarri\Desktop\RagChatbot\chatbot\scraping\pages\_rutas_largas\protocolo-de-uso-de-aplicacion-para-celulares-y-tablets-arcs-557b9cc3.md
[2026-08-26T15:32:21Z] [INFO] [N5] Guardado: C:\Users\jarri\Desktop\RagChatbot\chatbot\scraping\pages\_rutas_largas\protocolo-de-uso-de-aplicacion-para-celulares-y-tablets-arcs-557b9cc3.md  |  section_path=['Servicios', 'Establecimientos', 'FECHA', 'Agencia Nacional de Regulación, Control  y Vigilancia Sanitaria – Regulación de medicamentos, alimentos procesados, cosméticos y vigilancia sanitaria en establecimientos sujetos a control.', 'Riesgos de Productos', 'Riesgos de Productos Naturales']  |  status=captured
[2026-08-26T15:32:22Z] [INFO] Capturando página: https://www.controlsanitario.gob.ec/22120-2/  |  section_path=['Servicios', 'Establecimientos', 'FECHA', 'Agencia Nacional de Regulación, Control  y Vigilancia Sanitaria – Regulación de medicamentos, alimentos procesados, cosméticos y vigilancia sanitaria en establecimientos sujetos a control.', 'Riesgos de Productos', 'Riesgos de Cosméticos']
[2026-08-26T15:32:24Z] [WARNING] Ruta de sección demasiado larga (244 caracteres); guardando en carpeta plana de respaldo: C:\Users\jarri\Desktop\RagChatbot\chatbot\scraping\pages\_rutas_largas\categorizacion-de-productos-cosmeticos-eeaf87c7.md
[2026-08-26T15:32:24Z] [INFO] [N5] Guardado: C:\Users\jarri\Desktop\RagChatbot\chatbot\scraping\pages\_rutas_largas\categorizacion-de-productos-cosmeticos-eeaf87c7.md  |  section_path=['Servicios', 'Establecimientos', 'FECHA', 'Agencia Nacional de Regulación, Control  y Vigilancia Sanitaria – Regulación de medicamentos, alimentos procesados, cosméticos y vigilancia sanitaria en establecimientos sujetos a control.', 'Riesgos de Productos', 'Riesgos de Cosméticos']  |  status=captured
[2026-08-26T15:32:26Z] [INFO] Capturando página: https://www.controlsanitario.gob.ec/categorizacion-de-productos-de-higiene-domestica/  |  section_path=['Servicios', 'Establecimientos', 'FECHA', 'Agencia Nacional de Regulación, Control  y Vigilancia Sanitaria – Regulación de medicamentos, alimentos procesados, cosméticos y vigilancia sanitaria en establecimientos sujetos a control.', 'Riesgos de Productos', 'Riesgos de Productos Higiénicos']
[2026-08-26T15:32:28Z] [WARNING] Ruta de sección demasiado larga (264 caracteres); guardando en carpeta plana de respaldo: C:\Users\jarri\Desktop\RagChatbot\chatbot\scraping\pages\_rutas_largas\categorizacion-de-productos-de-higiene-domestica-d9563b0b.md
[2026-08-26T15:32:28Z] [INFO] [N5] Guardado: C:\Users\jarri\Desktop\RagChatbot\chatbot\scraping\pages\_rutas_largas\categorizacion-de-productos-de-higiene-domestica-d9563b0b.md  |  section_path=['Servicios', 'Establecimientos', 'FECHA', 'Agencia Nacional de Regulación, Control  y Vigilancia Sanitaria – Regulación de medicamentos, alimentos procesados, cosméticos y vigilancia sanitaria en establecimientos sujetos a control.', 'Riesgos de Productos', 'Riesgos de Productos Higiénicos']  |  status=captured
[2026-08-26T15:32:29Z] [INFO] Capturando página: https://www.controlsanitario.gob.ec/categorizacion-de-productos-de-productos-absorbentes-de-higiene-personal/  |  section_path=['Servicios', 'Establecimientos', 'FECHA', 'Agencia Nacional de Regulación, Control  y Vigilancia Sanitaria – Regulación de medicamentos, alimentos procesados, cosméticos y vigilancia sanitaria en establecimientos sujetos a control.', 'Riesgos de Productos', 'Riesgos de Productos Higiénicos']
[2026-08-26T15:32:32Z] [WARNING] Ruta de sección demasiado larga (276 caracteres); guardando en carpeta plana de respaldo: C:\Users\jarri\Desktop\RagChatbot\chatbot\scraping\pages\_rutas_largas\categorizacion-de-productos-de-productos-absorbentes-de-higi-5f9eda40.md
[2026-08-26T15:32:32Z] [INFO] [N5] Guardado: C:\Users\jarri\Desktop\RagChatbot\chatbot\scraping\pages\_rutas_largas\categorizacion-de-productos-de-productos-absorbentes-de-higi-5f9eda40.md  |  section_path=['Servicios', 'Establecimientos', 'FECHA', 'Agencia Nacional de Regulación, Control  y Vigilancia Sanitaria – Regulación de medicamentos, alimentos procesados, cosméticos y vigilancia sanitaria en establecimientos sujetos a control.', 'Riesgos de Productos', 'Riesgos de Productos Higiénicos']  |  status=captured
[2026-08-26T15:32:33Z] [INFO] Capturando página: https://www.controlsanitario.gob.ec/riesgos-de-dispositivos-medicos-de-uso-humano/  |  section_path=['Servicios', 'Establecimientos', 'FECHA', 'Agencia Nacional de Regulación, Control  y Vigilancia Sanitaria – Regulación de medicamentos, alimentos procesados, cosméticos y vigilancia sanitaria en establecimientos sujetos a control.', 'Riesgos de Productos', 'Riesgos de Dispositivos Médicos']
[2026-08-26T15:32:35Z] [WARNING] Ruta de sección demasiado larga (261 caracteres); guardando en carpeta plana de respaldo: C:\Users\jarri\Desktop\RagChatbot\chatbot\scraping\pages\_rutas_largas\riesgos-de-dispositivos-medicos-de-uso-humano-9b788d9a.md
[2026-08-26T15:32:35Z] [INFO] [N5] Guardado: C:\Users\jarri\Desktop\RagChatbot\chatbot\scraping\pages\_rutas_largas\riesgos-de-dispositivos-medicos-de-uso-humano-9b788d9a.md  |  section_path=['Servicios', 'Establecimientos', 'FECHA', 'Agencia Nacional de Regulación, Control  y Vigilancia Sanitaria – Regulación de medicamentos, alimentos procesados, cosméticos y vigilancia sanitaria en establecimientos sujetos a control.', 'Riesgos de Productos', 'Riesgos de Dispositivos Médicos']  |  status=captured
[2026-08-26T15:32:37Z] [INFO] Capturando página: https://www.controlsanitario.gob.ec/plagicidas-de-uso-domestico-industrial-y-en-la-salud-publica/  |  section_path=['Servicios', 'Establecimientos', 'FECHA', 'Agencia Nacional de Regulación, Control  y Vigilancia Sanitaria – Regulación de medicamentos, alimentos procesados, cosméticos y vigilancia sanitaria en establecimientos sujetos a control.', 'Riesgos de Productos', 'Riesgos de Plaguicidas']
[2026-08-26T15:32:39Z] [WARNING] Ruta de sección demasiado larga (267 caracteres); guardando en carpeta plana de respaldo: C:\Users\jarri\Desktop\RagChatbot\chatbot\scraping\pages\_rutas_largas\plagicidas-de-uso-domestico-industrial-y-en-la-salud-publica-a9c0b1d8.md
[2026-08-26T15:32:39Z] [INFO] [N5] Guardado: C:\Users\jarri\Desktop\RagChatbot\chatbot\scraping\pages\_rutas_largas\plagicidas-de-uso-domestico-industrial-y-en-la-salud-publica-a9c0b1d8.md  |  section_path=['Servicios', 'Establecimientos', 'FECHA', 'Agencia Nacional de Regulación, Control  y Vigilancia Sanitaria – Regulación de medicamentos, alimentos procesados, cosméticos y vigilancia sanitaria en establecimientos sujetos a control.', 'Riesgos de Productos', 'Riesgos de Plaguicidas']  |  status=captured
[2026-08-26T15:32:40Z] [INFO] Capturando página: https://www.controlsanitario.gob.ec/categorizacion-de-los-productos-homeopaticos-por-riesgo/  |  section_path=['Servicios', 'Establecimientos', 'FECHA', 'Agencia Nacional de Regulación, Control  y Vigilancia Sanitaria – Regulación de medicamentos, alimentos procesados, cosméticos y vigilancia sanitaria en establecimientos sujetos a control.', 'Riesgos de Productos', 'Riesgo de Productos Homeopáticos']
[2026-08-26T15:32:42Z] [WARNING] Ruta de sección demasiado larga (272 caracteres); guardando en carpeta plana de respaldo: C:\Users\jarri\Desktop\RagChatbot\chatbot\scraping\pages\_rutas_largas\categorizacion-de-los-productos-homeopaticos-por-riesgo-ef9ab23c.md
[2026-08-26T15:32:42Z] [INFO] [N5] Guardado: C:\Users\jarri\Desktop\RagChatbot\chatbot\scraping\pages\_rutas_largas\categorizacion-de-los-productos-homeopaticos-por-riesgo-ef9ab23c.md  |  section_path=['Servicios', 'Establecimientos', 'FECHA', 'Agencia Nacional de Regulación, Control  y Vigilancia Sanitaria – Regulación de medicamentos, alimentos procesados, cosméticos y vigilancia sanitaria en establecimientos sujetos a control.', 'Riesgos de Productos', 'Riesgo de Productos Homeopáticos']  |  status=captured
[2026-08-26T15:32:44Z] [INFO] Capturando página: http://www.controlsanitario.gob.ec/procedimiento-para-participar-en-la-consulta-publica-de-proyecto-de-normativa-sanitaria/  |  section_path=['Servicios', 'Establecimientos', 'FECHA', 'Agencia Nacional de Regulación, Control  y Vigilancia Sanitaria – Regulación de medicamentos, alimentos procesados, cosméticos y vigilancia sanitaria en establecimientos sujetos a control.', 'Consulta pública', '¿Qué es la consulta pública de proyectos de normativa sanitaria?']
[2026-08-26T15:32:46Z] [WARNING] Ruta de sección demasiado larga (301 caracteres); guardando en carpeta plana de respaldo: C:\Users\jarri\Desktop\RagChatbot\chatbot\scraping\pages\_rutas_largas\procedimiento-para-participar-en-la-consulta-publica-de-proy-674d6414.md
[2026-08-26T15:32:46Z] [INFO] [N5] Guardado: C:\Users\jarri\Desktop\RagChatbot\chatbot\scraping\pages\_rutas_largas\procedimiento-para-participar-en-la-consulta-publica-de-proy-674d6414.md  |  section_path=['Servicios', 'Establecimientos', 'FECHA', 'Agencia Nacional de Regulación, Control  y Vigilancia Sanitaria – Regulación de medicamentos, alimentos procesados, cosméticos y vigilancia sanitaria en establecimientos sujetos a control.', 'Consulta pública', '¿Qué es la consulta pública de proyectos de normativa sanitaria?']  |  status=captured
[2026-08-26T15:32:47Z] [INFO] Capturando página: https://nube.controlsanitario.gob.ec/index.php/s/Qr5beTZ0A249dNb  |  section_path=['Servicios', 'Establecimientos', 'FECHA', 'Agencia Nacional de Regulación, Control  y Vigilancia Sanitaria – Regulación de medicamentos, alimentos procesados, cosméticos y vigilancia sanitaria en establecimientos sujetos a control.', 'TURNOS DE FARMACIAS ARCSA 2026']
[2026-08-26T15:32:49Z] [INFO] [N5] Guardado: C:\Users\jarri\Desktop\RagChatbot\chatbot\scraping\pages\servicios\establecimientos\fecha\agencia-nacional-de-regulacion-control-y-vigilancia-sanitari\turnos-de-farmacias-arcsa-2026\owncloud-ab04dadb.md  |  section_path=['Servicios', 'Establecimientos', 'FECHA', 'Agencia Nacional de Regulación, Control  y Vigilancia Sanitaria – Regulación de medicamentos, alimentos procesados, cosméticos y vigilancia sanitaria en establecimientos sujetos a control.', 'TURNOS DE FARMACIAS ARCSA 2026']  |  status=captured
[2026-08-26T15:32:50Z] [INFO] Capturando página: https://nube.controlsanitario.gob.ec/index.php/s/4Jwsxk29d9GXTEI  |  section_path=['Servicios', 'Establecimientos', 'FECHA', 'Agencia Nacional de Regulación, Control  y Vigilancia Sanitaria – Regulación de medicamentos, alimentos procesados, cosméticos y vigilancia sanitaria en establecimientos sujetos a control.', 'TURNOS DE FARMACIAS ARCSA 2026']
[2026-08-26T15:32:52Z] [INFO] [N5] Guardado: C:\Users\jarri\Desktop\RagChatbot\chatbot\scraping\pages\servicios\establecimientos\fecha\agencia-nacional-de-regulacion-control-y-vigilancia-sanitari\turnos-de-farmacias-arcsa-2026\owncloud-47307f3d.md  |  section_path=['Servicios', 'Establecimientos', 'FECHA', 'Agencia Nacional de Regulación, Control  y Vigilancia Sanitaria – Regulación de medicamentos, alimentos procesados, cosméticos y vigilancia sanitaria en establecimientos sujetos a control.', 'TURNOS DE FARMACIAS ARCSA 2026']  |  status=captured
[2026-08-26T15:32:54Z] [INFO] Capturando página: https://nube.controlsanitario.gob.ec/index.php/s/WL5aAx8blvfXihR  |  section_path=['Servicios', 'Establecimientos', 'FECHA', 'Agencia Nacional de Regulación, Control  y Vigilancia Sanitaria – Regulación de medicamentos, alimentos procesados, cosméticos y vigilancia sanitaria en establecimientos sujetos a control.', 'TURNOS DE FARMACIAS ARCSA 2026']
[2026-08-26T15:32:55Z] [INFO] [N5] Guardado: C:\Users\jarri\Desktop\RagChatbot\chatbot\scraping\pages\servicios\establecimientos\fecha\agencia-nacional-de-regulacion-control-y-vigilancia-sanitari\turnos-de-farmacias-arcsa-2026\owncloud-32fcdf6f.md  |  section_path=['Servicios', 'Establecimientos', 'FECHA', 'Agencia Nacional de Regulación, Control  y Vigilancia Sanitaria – Regulación de medicamentos, alimentos procesados, cosméticos y vigilancia sanitaria en establecimientos sujetos a control.', 'TURNOS DE FARMACIAS ARCSA 2026']  |  status=captured
[2026-08-26T15:32:57Z] [INFO] Capturando página: https://nube.controlsanitario.gob.ec/index.php/apps/onlyoffice/s/KusFo7Bd8bmntuc  |  section_path=['Servicios', 'Establecimientos', 'Certificados de Buenas Prácticas', 'Laboratorios Farmacéuticos de Productos Naturales Procesados de Uso Medicinal', 'Inclusión de Forma Farmacéutica a una área de producción certificada en BPM', 'ownCloud']
[2026-08-26T15:32:58Z] [WARNING] Contenido vacío detectado en https://nube.controlsanitario.gob.ec/index.php/apps/onlyoffice/s/KusFo7Bd8bmntuc (HTTP 200).
[2026-08-26T15:32:58Z] [WARNING] Ruta de sección demasiado larga (299 caracteres); guardando en carpeta plana de respaldo: C:\Users\jarri\Desktop\RagChatbot\chatbot\scraping\pages\_rutas_largas\ie-b-3-4-2-lf-01-bpm-lab-farma-v5-0-pdf-b1dbc63f.md
[2026-08-26T15:32:58Z] [INFO] [N5] Guardado: C:\Users\jarri\Desktop\RagChatbot\chatbot\scraping\pages\_rutas_largas\ie-b-3-4-2-lf-01-bpm-lab-farma-v5-0-pdf-b1dbc63f.md  |  section_path=['Servicios', 'Establecimientos', 'Certificados de Buenas Prácticas', 'Laboratorios Farmacéuticos de Productos Naturales Procesados de Uso Medicinal', 'Inclusión de Forma Farmacéutica a una área de producción certificada en BPM', 'ownCloud']  |  status=empty_content
[2026-08-26T15:33:00Z] [INFO] Capturando página: https://nube.controlsanitario.gob.ec/index.php/s/KusFo7Bd8bmntuc/download  |  section_path=['Servicios', 'Establecimientos', 'Certificados de Buenas Prácticas', 'Laboratorios Farmacéuticos de Productos Naturales Procesados de Uso Medicinal', 'Inclusión de Forma Farmacéutica a una área de producción certificada en BPM', 'ownCloud']
[2026-08-26T15:33:00Z] [WARNING] Error de Playwright navegando a https://nube.controlsanitario.gob.ec/index.php/s/KusFo7Bd8bmntuc/download: Page.goto: Download is starting
Call log:
  - navigating to "https://nube.controlsanitario.gob.ec/index.php/s/KusFo7Bd8bmntuc/download", waiting until "domcontentloaded"
 (intento 1/3)
[2026-08-26T15:33:00Z] [WARNING] Error de Playwright navegando a https://nube.controlsanitario.gob.ec/index.php/s/KusFo7Bd8bmntuc/download: Page.goto: Download is starting
Call log:
  - navigating to "https://nube.controlsanitario.gob.ec/index.php/s/KusFo7Bd8bmntuc/download", waiting until "domcontentloaded"
 (intento 2/3)
[2026-08-26T15:33:00Z] [WARNING] Error de Playwright navegando a https://nube.controlsanitario.gob.ec/index.php/s/KusFo7Bd8bmntuc/download: Page.goto: Download is starting
Call log:
  - navigating to "https://nube.controlsanitario.gob.ec/index.php/s/KusFo7Bd8bmntuc/download", waiting until "domcontentloaded"
 (intento 3/3)
[2026-08-26T15:33:00Z] [WARNING] [N5] No se guardó Markdown para https://nube.controlsanitario.gob.ec/index.php/s/KusFo7Bd8bmntuc/download (status=broken)
[2026-08-26T15:33:02Z] [INFO] Capturando página: https://nube.controlsanitario.gob.ec/index.php/s/kkCIExmqB5MjXmX/download?path=%2F&files=Acta%20de%20compromisos%20asumidos%20con%20la%20ciudadan%C3%ADa%20en%20la%20deliberaci%C3%B3n.%2024-04...-signed.pdf  |  section_path=['Servicios', 'Otros servicios', 'RENDICIÓN DE CUENTAS ARCSA', 'RENDICIÓN DE CUENTAS ARCSA 2025', 'Proceso de Rendición de Cuentas Arcsa 2025/Planta Central', 'Files']
[2026-08-26T15:33:02Z] [WARNING] Error de Playwright navegando a https://nube.controlsanitario.gob.ec/index.php/s/kkCIExmqB5MjXmX/download?path=%2F&files=Acta%20de%20compromisos%20asumidos%20con%20la%20ciudadan%C3%ADa%20en%20la%20deliberaci%C3%B3n.%2024-04...-signed.pdf: Page.goto: Download is starting
Call log:
  - navigating to "https://nube.controlsanitario.gob.ec/index.php/s/kkCIExmqB5MjXmX/download?path=%2F&files=Acta%20de%20compromisos%20asumidos%20con%20la%20ciudadan%C3%ADa%20en%20la%20deliberaci%C3%B3n.%2024-04...-signed.pdf", waiting until "domcontentloaded"
 (intento 1/3)
[2026-08-26T15:33:02Z] [WARNING] Error de Playwright navegando a https://nube.controlsanitario.gob.ec/index.php/s/kkCIExmqB5MjXmX/download?path=%2F&files=Acta%20de%20compromisos%20asumidos%20con%20la%20ciudadan%C3%ADa%20en%20la%20deliberaci%C3%B3n.%2024-04...-signed.pdf: Page.goto: Download is starting
Call log:
  - navigating to "https://nube.controlsanitario.gob.ec/index.php/s/kkCIExmqB5MjXmX/download?path=%2F&files=Acta%20de%20compromisos%20asumidos%20con%20la%20ciudadan%C3%ADa%20en%20la%20deliberaci%C3%B3n.%2024-04...-signed.pdf", waiting until "domcontentloaded"
 (intento 2/3)
[2026-08-26T15:33:02Z] [WARNING] Error de Playwright navegando a https://nube.controlsanitario.gob.ec/index.php/s/kkCIExmqB5MjXmX/download?path=%2F&files=Acta%20de%20compromisos%20asumidos%20con%20la%20ciudadan%C3%ADa%20en%20la%20deliberaci%C3%B3n.%2024-04...-signed.pdf: Page.goto: Download is starting
Call log:
  - navigating to "https://nube.controlsanitario.gob.ec/index.php/s/kkCIExmqB5MjXmX/download?path=%2F&files=Acta%20de%20compromisos%20asumidos%20con%20la%20ciudadan%C3%ADa%20en%20la%20deliberaci%C3%B3n.%2024-04...-signed.pdf", waiting until "domcontentloaded"
 (intento 3/3)
[2026-08-26T15:33:02Z] [WARNING] [N5] No se guardó Markdown para https://nube.controlsanitario.gob.ec/index.php/s/kkCIExmqB5MjXmX/download?path=%2F&files=Acta%20de%20compromisos%20asumidos%20con%20la%20ciudadan%C3%ADa%20en%20la%20deliberaci%C3%B3n.%2024-04...-signed.pdf (status=broken)
[2026-08-26T15:33:04Z] [INFO] Capturando página: https://nube.controlsanitario.gob.ec/index.php/s/CSYpBcZxqTBx5T7/download?path=%2F&files=FORMULARIO%20FUNCIONES_DEL_ESTADO%20consolidado.pdf  |  section_path=['Servicios', 'Otros servicios', 'RENDICIÓN DE CUENTAS ARCSA', 'RENDICIÓN DE CUENTAS ARCSA 2025', 'Proceso de Rendición de Cuentas Arcsa 2025/Planta Central', 'Files']
[2026-08-26T15:33:04Z] [WARNING] Error de Playwright navegando a https://nube.controlsanitario.gob.ec/index.php/s/CSYpBcZxqTBx5T7/download?path=%2F&files=FORMULARIO%20FUNCIONES_DEL_ESTADO%20consolidado.pdf: Page.goto: Download is starting
Call log:
  - navigating to "https://nube.controlsanitario.gob.ec/index.php/s/CSYpBcZxqTBx5T7/download?path=%2F&files=FORMULARIO%20FUNCIONES_DEL_ESTADO%20consolidado.pdf", waiting until "domcontentloaded"
 (intento 1/3)
[2026-08-26T15:33:04Z] [WARNING] Error de Playwright navegando a https://nube.controlsanitario.gob.ec/index.php/s/CSYpBcZxqTBx5T7/download?path=%2F&files=FORMULARIO%20FUNCIONES_DEL_ESTADO%20consolidado.pdf: Page.goto: Download is starting
Call log:
  - navigating to "https://nube.controlsanitario.gob.ec/index.php/s/CSYpBcZxqTBx5T7/download?path=%2F&files=FORMULARIO%20FUNCIONES_DEL_ESTADO%20consolidado.pdf", waiting until "domcontentloaded"
 (intento 2/3)
[2026-08-26T15:33:05Z] [WARNING] Error de Playwright navegando a https://nube.controlsanitario.gob.ec/index.php/s/CSYpBcZxqTBx5T7/download?path=%2F&files=FORMULARIO%20FUNCIONES_DEL_ESTADO%20consolidado.pdf: Page.goto: Download is starting
Call log:
  - navigating to "https://nube.controlsanitario.gob.ec/index.php/s/CSYpBcZxqTBx5T7/download?path=%2F&files=FORMULARIO%20FUNCIONES_DEL_ESTADO%20consolidado.pdf", waiting until "domcontentloaded"
 (intento 3/3)
[2026-08-26T15:33:05Z] [WARNING] [N5] No se guardó Markdown para https://nube.controlsanitario.gob.ec/index.php/s/CSYpBcZxqTBx5T7/download?path=%2F&files=FORMULARIO%20FUNCIONES_DEL_ESTADO%20consolidado.pdf (status=broken)
[2026-08-26T15:33:06Z] [INFO] Capturando página: https://nubecz.controlsanitario.gob.ec/index.php/s/ns19wSOLmaaoRBx/download?path=%2F&files=1_Conformaci%C3%B3n%20equipo%20RDC%202026.pdf  |  section_path=['Servicios', 'Otros servicios', 'RENDICIÓN DE CUENTAS ARCSA', 'RENDICIÓN DE CUENTAS ARCSA 2025', 'Proceso de Rendición de Cuentas Arcsa 2025/Coordinación Zonal 7', 'Files']
[2026-08-26T15:33:06Z] [WARNING] Error de Playwright navegando a https://nubecz.controlsanitario.gob.ec/index.php/s/ns19wSOLmaaoRBx/download?path=%2F&files=1_Conformaci%C3%B3n%20equipo%20RDC%202026.pdf: Page.goto: Download is starting
Call log:
  - navigating to "https://nubecz.controlsanitario.gob.ec/index.php/s/ns19wSOLmaaoRBx/download?path=%2F&files=1_Conformaci%C3%B3n%20equipo%20RDC%202026.pdf", waiting until "domcontentloaded"
 (intento 1/3)
[2026-08-26T15:33:07Z] [WARNING] Error de Playwright navegando a https://nubecz.controlsanitario.gob.ec/index.php/s/ns19wSOLmaaoRBx/download?path=%2F&files=1_Conformaci%C3%B3n%20equipo%20RDC%202026.pdf: Page.goto: Download is starting
Call log:
  - navigating to "https://nubecz.controlsanitario.gob.ec/index.php/s/ns19wSOLmaaoRBx/download?path=%2F&files=1_Conformaci%C3%B3n%20equipo%20RDC%202026.pdf", waiting until "domcontentloaded"
 (intento 2/3)
[2026-08-26T15:33:07Z] [WARNING] Error de Playwright navegando a https://nubecz.controlsanitario.gob.ec/index.php/s/ns19wSOLmaaoRBx/download?path=%2F&files=1_Conformaci%C3%B3n%20equipo%20RDC%202026.pdf: Page.goto: Download is starting
Call log:
  - navigating to "https://nubecz.controlsanitario.gob.ec/index.php/s/ns19wSOLmaaoRBx/download?path=%2F&files=1_Conformaci%C3%B3n%20equipo%20RDC%202026.pdf", waiting until "domcontentloaded"
 (intento 3/3)
[2026-08-26T15:33:07Z] [WARNING] [N5] No se guardó Markdown para https://nubecz.controlsanitario.gob.ec/index.php/s/ns19wSOLmaaoRBx/download?path=%2F&files=1_Conformaci%C3%B3n%20equipo%20RDC%202026.pdf (status=broken)
[2026-08-26T15:33:08Z] [INFO] Capturando página: https://nubecz.controlsanitario.gob.ec/index.php/s/8avGl0g7DbLkT4P/download?path=%2F&files=Formulario%20_%20RDC-2025-CPCCS.pdf  |  section_path=['Servicios', 'Otros servicios', 'RENDICIÓN DE CUENTAS ARCSA', 'RENDICIÓN DE CUENTAS ARCSA 2025', 'Proceso de Rendición de Cuentas Arcsa 2025/Coordinación Zonal 7', 'Files']
[2026-08-26T15:33:09Z] [WARNING] Error de Playwright navegando a https://nubecz.controlsanitario.gob.ec/index.php/s/8avGl0g7DbLkT4P/download?path=%2F&files=Formulario%20_%20RDC-2025-CPCCS.pdf: Page.goto: Download is starting
Call log:
  - navigating to "https://nubecz.controlsanitario.gob.ec/index.php/s/8avGl0g7DbLkT4P/download?path=%2F&files=Formulario%20_%20RDC-2025-CPCCS.pdf", waiting until "domcontentloaded"
 (intento 1/3)
[2026-08-26T15:33:09Z] [WARNING] Error de Playwright navegando a https://nubecz.controlsanitario.gob.ec/index.php/s/8avGl0g7DbLkT4P/download?path=%2F&files=Formulario%20_%20RDC-2025-CPCCS.pdf: Page.goto: Download is starting
Call log:
  - navigating to "https://nubecz.controlsanitario.gob.ec/index.php/s/8avGl0g7DbLkT4P/download?path=%2F&files=Formulario%20_%20RDC-2025-CPCCS.pdf", waiting until "domcontentloaded"
 (intento 2/3)
[2026-08-26T15:33:09Z] [WARNING] Error de Playwright navegando a https://nubecz.controlsanitario.gob.ec/index.php/s/8avGl0g7DbLkT4P/download?path=%2F&files=Formulario%20_%20RDC-2025-CPCCS.pdf: Page.goto: Download is starting
Call log:
  - navigating to "https://nubecz.controlsanitario.gob.ec/index.php/s/8avGl0g7DbLkT4P/download?path=%2F&files=Formulario%20_%20RDC-2025-CPCCS.pdf", waiting until "domcontentloaded"
 (intento 3/3)
[2026-08-26T15:33:09Z] [WARNING] [N5] No se guardó Markdown para https://nubecz.controlsanitario.gob.ec/index.php/s/8avGl0g7DbLkT4P/download?path=%2F&files=Formulario%20_%20RDC-2025-CPCCS.pdf (status=broken)
[2026-08-26T15:33:11Z] [INFO] Capturando página: https://nube.controlsanitario.gob.ec/index.php/s/tV0Fk8yDGdPe0jR/download?path=%2F&files=Formulario%20preliminar%20CZ8.pdf  |  section_path=['Servicios', 'Otros servicios', 'RENDICIÓN DE CUENTAS ARCSA', 'RENDICIÓN DE CUENTAS ARCSA 2025', 'Proceso de Rendición de Cuentas Arcsa 2025/Coordinación Zonal 8', 'Files']
[2026-08-26T15:33:11Z] [WARNING] Error de Playwright navegando a https://nube.controlsanitario.gob.ec/index.php/s/tV0Fk8yDGdPe0jR/download?path=%2F&files=Formulario%20preliminar%20CZ8.pdf: Page.goto: Download is starting
Call log:
  - navigating to "https://nube.controlsanitario.gob.ec/index.php/s/tV0Fk8yDGdPe0jR/download?path=%2F&files=Formulario%20preliminar%20CZ8.pdf", waiting until "domcontentloaded"
 (intento 1/3)
[2026-08-26T15:33:11Z] [WARNING] Error de Playwright navegando a https://nube.controlsanitario.gob.ec/index.php/s/tV0Fk8yDGdPe0jR/download?path=%2F&files=Formulario%20preliminar%20CZ8.pdf: Page.goto: Download is starting
Call log:
  - navigating to "https://nube.controlsanitario.gob.ec/index.php/s/tV0Fk8yDGdPe0jR/download?path=%2F&files=Formulario%20preliminar%20CZ8.pdf", waiting until "domcontentloaded"
 (intento 2/3)
[2026-08-26T15:33:11Z] [WARNING] Error de Playwright navegando a https://nube.controlsanitario.gob.ec/index.php/s/tV0Fk8yDGdPe0jR/download?path=%2F&files=Formulario%20preliminar%20CZ8.pdf: Page.goto: Download is starting
Call log:
  - navigating to "https://nube.controlsanitario.gob.ec/index.php/s/tV0Fk8yDGdPe0jR/download?path=%2F&files=Formulario%20preliminar%20CZ8.pdf", waiting until "domcontentloaded"
 (intento 3/3)
[2026-08-26T15:33:11Z] [WARNING] [N5] No se guardó Markdown para https://nube.controlsanitario.gob.ec/index.php/s/tV0Fk8yDGdPe0jR/download?path=%2F&files=Formulario%20preliminar%20CZ8.pdf (status=broken)
[2026-08-26T15:33:13Z] [INFO] Capturando página: https://nube.controlsanitario.gob.ec/index.php/s/aQHeDkSyhWlQNrJ/download?path=%2F&files=Registro%20RDC%20CZ8.pdf  |  section_path=['Servicios', 'Otros servicios', 'RENDICIÓN DE CUENTAS ARCSA', 'RENDICIÓN DE CUENTAS ARCSA 2025', 'Proceso de Rendición de Cuentas Arcsa 2025/Coordinación Zonal 8', 'Files']
[2026-08-26T15:33:13Z] [WARNING] Error de Playwright navegando a https://nube.controlsanitario.gob.ec/index.php/s/aQHeDkSyhWlQNrJ/download?path=%2F&files=Registro%20RDC%20CZ8.pdf: Page.goto: Download is starting
Call log:
  - navigating to "https://nube.controlsanitario.gob.ec/index.php/s/aQHeDkSyhWlQNrJ/download?path=%2F&files=Registro%20RDC%20CZ8.pdf", waiting until "domcontentloaded"
 (intento 1/3)
[2026-08-26T15:33:13Z] [WARNING] Error de Playwright navegando a https://nube.controlsanitario.gob.ec/index.php/s/aQHeDkSyhWlQNrJ/download?path=%2F&files=Registro%20RDC%20CZ8.pdf: Page.goto: Download is starting
Call log:
  - navigating to "https://nube.controlsanitario.gob.ec/index.php/s/aQHeDkSyhWlQNrJ/download?path=%2F&files=Registro%20RDC%20CZ8.pdf", waiting until "domcontentloaded"
 (intento 2/3)
[2026-08-26T15:33:13Z] [WARNING] Error de Playwright navegando a https://nube.controlsanitario.gob.ec/index.php/s/aQHeDkSyhWlQNrJ/download?path=%2F&files=Registro%20RDC%20CZ8.pdf: Page.goto: Download is starting
Call log:
  - navigating to "https://nube.controlsanitario.gob.ec/index.php/s/aQHeDkSyhWlQNrJ/download?path=%2F&files=Registro%20RDC%20CZ8.pdf", waiting until "domcontentloaded"
 (intento 3/3)
[2026-08-26T15:33:13Z] [WARNING] [N5] No se guardó Markdown para https://nube.controlsanitario.gob.ec/index.php/s/aQHeDkSyhWlQNrJ/download?path=%2F&files=Registro%20RDC%20CZ8.pdf (status=broken)
[2026-08-26T15:33:15Z] [INFO] Capturando página: https://nube.controlsanitario.gob.ec/index.php/s/PLiMnLQznfk4VEs/download?path=%2F&files=Informe%20de%20Rendici%C3%B3n%20de%20cuentas%202025%20CZ8%20No.%2018097.pdf  |  section_path=['Servicios', 'Otros servicios', 'RENDICIÓN DE CUENTAS ARCSA', 'RENDICIÓN DE CUENTAS ARCSA 2025', 'Proceso de Rendición de Cuentas Arcsa 2025/Coordinación Zonal 8', 'Files']
[2026-08-26T15:33:15Z] [WARNING] Error de Playwright navegando a https://nube.controlsanitario.gob.ec/index.php/s/PLiMnLQznfk4VEs/download?path=%2F&files=Informe%20de%20Rendici%C3%B3n%20de%20cuentas%202025%20CZ8%20No.%2018097.pdf: Page.goto: Download is starting
Call log:
  - navigating to "https://nube.controlsanitario.gob.ec/index.php/s/PLiMnLQznfk4VEs/download?path=%2F&files=Informe%20de%20Rendici%C3%B3n%20de%20cuentas%202025%20CZ8%20No.%2018097.pdf", waiting until "domcontentloaded"
 (intento 1/3)
[2026-08-26T15:33:15Z] [WARNING] Error de Playwright navegando a https://nube.controlsanitario.gob.ec/index.php/s/PLiMnLQznfk4VEs/download?path=%2F&files=Informe%20de%20Rendici%C3%B3n%20de%20cuentas%202025%20CZ8%20No.%2018097.pdf: Page.goto: Download is starting
Call log:
  - navigating to "https://nube.controlsanitario.gob.ec/index.php/s/PLiMnLQznfk4VEs/download?path=%2F&files=Informe%20de%20Rendici%C3%B3n%20de%20cuentas%202025%20CZ8%20No.%2018097.pdf", waiting until "domcontentloaded"
 (intento 2/3)
[2026-08-26T15:33:15Z] [WARNING] Error de Playwright navegando a https://nube.controlsanitario.gob.ec/index.php/s/PLiMnLQznfk4VEs/download?path=%2F&files=Informe%20de%20Rendici%C3%B3n%20de%20cuentas%202025%20CZ8%20No.%2018097.pdf: Page.goto: Download is starting
Call log:
  - navigating to "https://nube.controlsanitario.gob.ec/index.php/s/PLiMnLQznfk4VEs/download?path=%2F&files=Informe%20de%20Rendici%C3%B3n%20de%20cuentas%202025%20CZ8%20No.%2018097.pdf", waiting until "domcontentloaded"
 (intento 3/3)
[2026-08-26T15:33:15Z] [WARNING] [N5] No se guardó Markdown para https://nube.controlsanitario.gob.ec/index.php/s/PLiMnLQznfk4VEs/download?path=%2F&files=Informe%20de%20Rendici%C3%B3n%20de%20cuentas%202025%20CZ8%20No.%2018097.pdf (status=broken)
[2026-08-26T15:33:17Z] [INFO] Capturando página: https://nube.controlsanitario.gob.ec/index.php/s/wbuoHqtAQV0EXN9/download?path=%2F&files=0.%20resolucion_no__cpccs-ple-sg-007-e-2025-0070.pdf  |  section_path=['Servicios', 'Otros servicios', 'RENDICIÓN DE CUENTAS ARCSA', 'RENDICIÓN DE CUENTAS ARCSA 2024', 'Proceso de Rendición de Cuentas Arcsa 2024/Planta Central', 'Files']
[2026-08-26T15:33:17Z] [WARNING] Error de Playwright navegando a https://nube.controlsanitario.gob.ec/index.php/s/wbuoHqtAQV0EXN9/download?path=%2F&files=0.%20resolucion_no__cpccs-ple-sg-007-e-2025-0070.pdf: Page.goto: Download is starting
Call log:
  - navigating to "https://nube.controlsanitario.gob.ec/index.php/s/wbuoHqtAQV0EXN9/download?path=%2F&files=0.%20resolucion_no__cpccs-ple-sg-007-e-2025-0070.pdf", waiting until "domcontentloaded"
 (intento 1/3)
[2026-08-26T15:33:17Z] [WARNING] Error de Playwright navegando a https://nube.controlsanitario.gob.ec/index.php/s/wbuoHqtAQV0EXN9/download?path=%2F&files=0.%20resolucion_no__cpccs-ple-sg-007-e-2025-0070.pdf: Page.goto: Download is starting
Call log:
  - navigating to "https://nube.controlsanitario.gob.ec/index.php/s/wbuoHqtAQV0EXN9/download?path=%2F&files=0.%20resolucion_no__cpccs-ple-sg-007-e-2025-0070.pdf", waiting until "domcontentloaded"
 (intento 2/3)
[2026-08-26T15:33:17Z] [WARNING] Error de Playwright navegando a https://nube.controlsanitario.gob.ec/index.php/s/wbuoHqtAQV0EXN9/download?path=%2F&files=0.%20resolucion_no__cpccs-ple-sg-007-e-2025-0070.pdf: Page.goto: Download is starting
Call log:
  - navigating to "https://nube.controlsanitario.gob.ec/index.php/s/wbuoHqtAQV0EXN9/download?path=%2F&files=0.%20resolucion_no__cpccs-ple-sg-007-e-2025-0070.pdf", waiting until "domcontentloaded"
 (intento 3/3)
[2026-08-26T15:33:17Z] [WARNING] [N5] No se guardó Markdown para https://nube.controlsanitario.gob.ec/index.php/s/wbuoHqtAQV0EXN9/download?path=%2F&files=0.%20resolucion_no__cpccs-ple-sg-007-e-2025-0070.pdf (status=broken)
[2026-08-26T15:33:19Z] [INFO] Capturando página: https://nube.controlsanitario.gob.ec/index.php/s/MLijI9XGgrh39Qd/download?path=%2F&files=1.-FUNCIONES-DEL-ESTADO%20Preliminar.pdf  |  section_path=['Servicios', 'Otros servicios', 'RENDICIÓN DE CUENTAS ARCSA', 'RENDICIÓN DE CUENTAS ARCSA 2024', 'Proceso de Rendición de Cuentas Arcsa 2024/Planta Central', 'Files']
[2026-08-26T15:33:19Z] [WARNING] Error de Playwright navegando a https://nube.controlsanitario.gob.ec/index.php/s/MLijI9XGgrh39Qd/download?path=%2F&files=1.-FUNCIONES-DEL-ESTADO%20Preliminar.pdf: Page.goto: Download is starting
Call log:
  - navigating to "https://nube.controlsanitario.gob.ec/index.php/s/MLijI9XGgrh39Qd/download?path=%2F&files=1.-FUNCIONES-DEL-ESTADO%20Preliminar.pdf", waiting until "domcontentloaded"
 (intento 1/3)
[2026-08-26T15:33:19Z] [WARNING] Error de Playwright navegando a https://nube.controlsanitario.gob.ec/index.php/s/MLijI9XGgrh39Qd/download?path=%2F&files=1.-FUNCIONES-DEL-ESTADO%20Preliminar.pdf: Page.goto: Download is starting
Call log:
  - navigating to "https://nube.controlsanitario.gob.ec/index.php/s/MLijI9XGgrh39Qd/download?path=%2F&files=1.-FUNCIONES-DEL-ESTADO%20Preliminar.pdf", waiting until "domcontentloaded"
 (intento 2/3)
[2026-08-26T15:33:19Z] [WARNING] Error de Playwright navegando a https://nube.controlsanitario.gob.ec/index.php/s/MLijI9XGgrh39Qd/download?path=%2F&files=1.-FUNCIONES-DEL-ESTADO%20Preliminar.pdf: Page.goto: Download is starting
Call log:
  - navigating to "https://nube.controlsanitario.gob.ec/index.php/s/MLijI9XGgrh39Qd/download?path=%2F&files=1.-FUNCIONES-DEL-ESTADO%20Preliminar.pdf", waiting until "domcontentloaded"
 (intento 3/3)
[2026-08-26T15:33:19Z] [WARNING] [N5] No se guardó Markdown para https://nube.controlsanitario.gob.ec/index.php/s/MLijI9XGgrh39Qd/download?path=%2F&files=1.-FUNCIONES-DEL-ESTADO%20Preliminar.pdf (status=broken)
[2026-08-26T15:33:21Z] [INFO] Capturando página: https://nube.controlsanitario.gob.ec/index.php/s/zHY4tDkezbjAaMe/download?path=%2F&files=0.%20Agenda%20de%20seguimiento%20proceso%20de%20Deliberaci%C3%B3n.pdf  |  section_path=['Servicios', 'Otros servicios', 'RENDICIÓN DE CUENTAS ARCSA', 'RENDICIÓN DE CUENTAS ARCSA 2024', 'Proceso de Rendición de Cuentas Arcsa 2024/Planta Central', 'Files']
[2026-08-26T15:33:21Z] [WARNING] Error de Playwright navegando a https://nube.controlsanitario.gob.ec/index.php/s/zHY4tDkezbjAaMe/download?path=%2F&files=0.%20Agenda%20de%20seguimiento%20proceso%20de%20Deliberaci%C3%B3n.pdf: Page.goto: Download is starting
Call log:
  - navigating to "https://nube.controlsanitario.gob.ec/index.php/s/zHY4tDkezbjAaMe/download?path=%2F&files=0.%20Agenda%20de%20seguimiento%20proceso%20de%20Deliberaci%C3%B3n.pdf", waiting until "domcontentloaded"
 (intento 1/3)
[2026-08-26T15:33:21Z] [WARNING] Error de Playwright navegando a https://nube.controlsanitario.gob.ec/index.php/s/zHY4tDkezbjAaMe/download?path=%2F&files=0.%20Agenda%20de%20seguimiento%20proceso%20de%20Deliberaci%C3%B3n.pdf: Page.goto: Download is starting
Call log:
  - navigating to "https://nube.controlsanitario.gob.ec/index.php/s/zHY4tDkezbjAaMe/download?path=%2F&files=0.%20Agenda%20de%20seguimiento%20proceso%20de%20Deliberaci%C3%B3n.pdf", waiting until "domcontentloaded"
 (intento 2/3)
[2026-08-26T15:33:21Z] [WARNING] Error de Playwright navegando a https://nube.controlsanitario.gob.ec/index.php/s/zHY4tDkezbjAaMe/download?path=%2F&files=0.%20Agenda%20de%20seguimiento%20proceso%20de%20Deliberaci%C3%B3n.pdf: Page.goto: Download is starting
Call log:
  - navigating to "https://nube.controlsanitario.gob.ec/index.php/s/zHY4tDkezbjAaMe/download?path=%2F&files=0.%20Agenda%20de%20seguimiento%20proceso%20de%20Deliberaci%C3%B3n.pdf", waiting until "domcontentloaded"
 (intento 3/3)
[2026-08-26T15:33:21Z] [WARNING] [N5] No se guardó Markdown para https://nube.controlsanitario.gob.ec/index.php/s/zHY4tDkezbjAaMe/download?path=%2F&files=0.%20Agenda%20de%20seguimiento%20proceso%20de%20Deliberaci%C3%B3n.pdf (status=broken)
[2026-08-26T15:33:23Z] [INFO] Capturando página: https://nube.controlsanitario.gob.ec/index.php/s/RAD2zFGecsIXNls/download?path=%2F&files=Informe%20de%20RDC%20gesti%C3%B3n%202024%20con%20la%20incorporaci%C3%B3n%20de%20aportes%20ciudadanos-signed.pdf  |  section_path=['Servicios', 'Otros servicios', 'RENDICIÓN DE CUENTAS ARCSA', 'RENDICIÓN DE CUENTAS ARCSA 2024', 'Proceso de Rendición de Cuentas Arcsa 2024/Planta Central', 'Files']
[2026-08-26T15:33:23Z] [WARNING] Error de Playwright navegando a https://nube.controlsanitario.gob.ec/index.php/s/RAD2zFGecsIXNls/download?path=%2F&files=Informe%20de%20RDC%20gesti%C3%B3n%202024%20con%20la%20incorporaci%C3%B3n%20de%20aportes%20ciudadanos-signed.pdf: Page.goto: Download is starting
Call log:
  - navigating to "https://nube.controlsanitario.gob.ec/index.php/s/RAD2zFGecsIXNls/download?path=%2F&files=Informe%20de%20RDC%20gesti%C3%B3n%202024%20con%20la%20incorporaci%C3%B3n%20de%20aportes%20ciudadanos-signed.pdf", waiting until "domcontentloaded"
 (intento 1/3)
[2026-08-26T15:33:23Z] [WARNING] Error de Playwright navegando a https://nube.controlsanitario.gob.ec/index.php/s/RAD2zFGecsIXNls/download?path=%2F&files=Informe%20de%20RDC%20gesti%C3%B3n%202024%20con%20la%20incorporaci%C3%B3n%20de%20aportes%20ciudadanos-signed.pdf: Page.goto: Download is starting
Call log:
  - navigating to "https://nube.controlsanitario.gob.ec/index.php/s/RAD2zFGecsIXNls/download?path=%2F&files=Informe%20de%20RDC%20gesti%C3%B3n%202024%20con%20la%20incorporaci%C3%B3n%20de%20aportes%20ciudadanos-signed.pdf", waiting until "domcontentloaded"
 (intento 2/3)
[2026-08-26T15:33:23Z] [WARNING] Error de Playwright navegando a https://nube.controlsanitario.gob.ec/index.php/s/RAD2zFGecsIXNls/download?path=%2F&files=Informe%20de%20RDC%20gesti%C3%B3n%202024%20con%20la%20incorporaci%C3%B3n%20de%20aportes%20ciudadanos-signed.pdf: Page.goto: Download is starting
Call log:
  - navigating to "https://nube.controlsanitario.gob.ec/index.php/s/RAD2zFGecsIXNls/download?path=%2F&files=Informe%20de%20RDC%20gesti%C3%B3n%202024%20con%20la%20incorporaci%C3%B3n%20de%20aportes%20ciudadanos-signed.pdf", waiting until "domcontentloaded"
 (intento 3/3)
[2026-08-26T15:33:23Z] [WARNING] [N5] No se guardó Markdown para https://nube.controlsanitario.gob.ec/index.php/s/RAD2zFGecsIXNls/download?path=%2F&files=Informe%20de%20RDC%20gesti%C3%B3n%202024%20con%20la%20incorporaci%C3%B3n%20de%20aportes%20ciudadanos-signed.pdf (status=broken)
[2026-08-26T15:33:25Z] [INFO] Capturando página: https://nubecz.controlsanitario.gob.ec/index.php/s/83mjfepERSpiM0Y/download?path=%2F&files=COMUNICADO%20CPCCS.pdf  |  section_path=['Servicios', 'Otros servicios', 'RENDICIÓN DE CUENTAS ARCSA', 'RENDICIÓN DE CUENTAS ARCSA 2024', 'Proceso de Rendición de Cuentas Arcsa 2024/Coordinación Zonal 7', 'Files']
[2026-08-26T15:33:25Z] [WARNING] Error de Playwright navegando a https://nubecz.controlsanitario.gob.ec/index.php/s/83mjfepERSpiM0Y/download?path=%2F&files=COMUNICADO%20CPCCS.pdf: Page.goto: Download is starting
Call log:
  - navigating to "https://nubecz.controlsanitario.gob.ec/index.php/s/83mjfepERSpiM0Y/download?path=%2F&files=COMUNICADO%20CPCCS.pdf", waiting until "domcontentloaded"
 (intento 1/3)
[2026-08-26T15:33:26Z] [WARNING] Error de Playwright navegando a https://nubecz.controlsanitario.gob.ec/index.php/s/83mjfepERSpiM0Y/download?path=%2F&files=COMUNICADO%20CPCCS.pdf: Page.goto: Download is starting
Call log:
  - navigating to "https://nubecz.controlsanitario.gob.ec/index.php/s/83mjfepERSpiM0Y/download?path=%2F&files=COMUNICADO%20CPCCS.pdf", waiting until "domcontentloaded"
 (intento 2/3)
[2026-08-26T15:33:26Z] [WARNING] Error de Playwright navegando a https://nubecz.controlsanitario.gob.ec/index.php/s/83mjfepERSpiM0Y/download?path=%2F&files=COMUNICADO%20CPCCS.pdf: Page.goto: Download is starting
Call log:
  - navigating to "https://nubecz.controlsanitario.gob.ec/index.php/s/83mjfepERSpiM0Y/download?path=%2F&files=COMUNICADO%20CPCCS.pdf", waiting until "domcontentloaded"
 (intento 3/3)
[2026-08-26T15:33:26Z] [WARNING] [N5] No se guardó Markdown para https://nubecz.controlsanitario.gob.ec/index.php/s/83mjfepERSpiM0Y/download?path=%2F&files=COMUNICADO%20CPCCS.pdf (status=broken)
[2026-08-26T15:33:28Z] [INFO] Capturando página: https://nube.controlsanitario.gob.ec/index.php/s/mKcl2uvcvcV3jWp/download?path=%2F&files=0.%20resolucion_no__cpccs-ple-sg-007-e-2025-0070.pdf  |  section_path=['Servicios', 'Otros servicios', 'RENDICIÓN DE CUENTAS ARCSA', 'RENDICIÓN DE CUENTAS ARCSA 2024', 'Proceso de Rendición de Cuentas Arcsa 2024/Coordinación Zonal 8', 'Files']
[2026-08-26T15:33:29Z] [WARNING] Error de Playwright navegando a https://nube.controlsanitario.gob.ec/index.php/s/mKcl2uvcvcV3jWp/download?path=%2F&files=0.%20resolucion_no__cpccs-ple-sg-007-e-2025-0070.pdf: Page.goto: Download is starting
Call log:
  - navigating to "https://nube.controlsanitario.gob.ec/index.php/s/mKcl2uvcvcV3jWp/download?path=%2F&files=0.%20resolucion_no__cpccs-ple-sg-007-e-2025-0070.pdf", waiting until "domcontentloaded"
 (intento 1/3)
[2026-08-26T15:33:30Z] [WARNING] Error de Playwright navegando a https://nube.controlsanitario.gob.ec/index.php/s/mKcl2uvcvcV3jWp/download?path=%2F&files=0.%20resolucion_no__cpccs-ple-sg-007-e-2025-0070.pdf: Page.goto: Download is starting
Call log:
  - navigating to "https://nube.controlsanitario.gob.ec/index.php/s/mKcl2uvcvcV3jWp/download?path=%2F&files=0.%20resolucion_no__cpccs-ple-sg-007-e-2025-0070.pdf", waiting until "domcontentloaded"
 (intento 2/3)
[2026-08-26T15:33:30Z] [WARNING] Error de Playwright navegando a https://nube.controlsanitario.gob.ec/index.php/s/mKcl2uvcvcV3jWp/download?path=%2F&files=0.%20resolucion_no__cpccs-ple-sg-007-e-2025-0070.pdf: Page.goto: Download is starting
Call log:
  - navigating to "https://nube.controlsanitario.gob.ec/index.php/s/mKcl2uvcvcV3jWp/download?path=%2F&files=0.%20resolucion_no__cpccs-ple-sg-007-e-2025-0070.pdf", waiting until "domcontentloaded"
 (intento 3/3)
[2026-08-26T15:33:30Z] [WARNING] [N5] No se guardó Markdown para https://nube.controlsanitario.gob.ec/index.php/s/mKcl2uvcvcV3jWp/download?path=%2F&files=0.%20resolucion_no__cpccs-ple-sg-007-e-2025-0070.pdf (status=broken)
[2026-08-26T15:33:31Z] [INFO] Capturando página: https://nube.controlsanitario.gob.ec/index.php/s/YqjFIfpbgoWnEql/download?path=%2F&files=1.%20Registro%20Formulario%20cz8.pdf  |  section_path=['Servicios', 'Otros servicios', 'RENDICIÓN DE CUENTAS ARCSA', 'RENDICIÓN DE CUENTAS ARCSA 2024', 'Proceso de Rendición de Cuentas Arcsa 2024/Coordinación Zonal 8', 'Files']
[2026-08-26T15:33:32Z] [WARNING] Error de Playwright navegando a https://nube.controlsanitario.gob.ec/index.php/s/YqjFIfpbgoWnEql/download?path=%2F&files=1.%20Registro%20Formulario%20cz8.pdf: Page.goto: Download is starting
Call log:
  - navigating to "https://nube.controlsanitario.gob.ec/index.php/s/YqjFIfpbgoWnEql/download?path=%2F&files=1.%20Registro%20Formulario%20cz8.pdf", waiting until "domcontentloaded"
 (intento 1/3)
[2026-08-26T15:33:32Z] [WARNING] Error de Playwright navegando a https://nube.controlsanitario.gob.ec/index.php/s/YqjFIfpbgoWnEql/download?path=%2F&files=1.%20Registro%20Formulario%20cz8.pdf: Page.goto: Download is starting
Call log:
  - navigating to "https://nube.controlsanitario.gob.ec/index.php/s/YqjFIfpbgoWnEql/download?path=%2F&files=1.%20Registro%20Formulario%20cz8.pdf", waiting until "domcontentloaded"
 (intento 2/3)
[2026-08-26T15:33:32Z] [WARNING] Error de Playwright navegando a https://nube.controlsanitario.gob.ec/index.php/s/YqjFIfpbgoWnEql/download?path=%2F&files=1.%20Registro%20Formulario%20cz8.pdf: Page.goto: Download is starting
Call log:
  - navigating to "https://nube.controlsanitario.gob.ec/index.php/s/YqjFIfpbgoWnEql/download?path=%2F&files=1.%20Registro%20Formulario%20cz8.pdf", waiting until "domcontentloaded"
 (intento 3/3)
[2026-08-26T15:33:32Z] [WARNING] [N5] No se guardó Markdown para https://nube.controlsanitario.gob.ec/index.php/s/YqjFIfpbgoWnEql/download?path=%2F&files=1.%20Registro%20Formulario%20cz8.pdf (status=broken)
[2026-08-26T15:33:34Z] [INFO] Capturando página: https://nube.controlsanitario.gob.ec/index.php/s/DpUqJdHn81GJnKc/download?path=%2F&files=---FINAL---%20PPT-RENDICION%20DE%20CUENTAS%202024%20COORDINACI%C3%93N%20ZONAL%208%20-%20ARCSA.pptx  |  section_path=['Servicios', 'Otros servicios', 'RENDICIÓN DE CUENTAS ARCSA', 'RENDICIÓN DE CUENTAS ARCSA 2024', 'Proceso de Rendición de Cuentas Arcsa 2024/Coordinación Zonal 8', 'Files']
[2026-08-26T15:33:34Z] [WARNING] Error de Playwright navegando a https://nube.controlsanitario.gob.ec/index.php/s/DpUqJdHn81GJnKc/download?path=%2F&files=---FINAL---%20PPT-RENDICION%20DE%20CUENTAS%202024%20COORDINACI%C3%93N%20ZONAL%208%20-%20ARCSA.pptx: Page.goto: Download is starting
Call log:
  - navigating to "https://nube.controlsanitario.gob.ec/index.php/s/DpUqJdHn81GJnKc/download?path=%2F&files=---FINAL---%20PPT-RENDICION%20DE%20CUENTAS%202024%20COORDINACI%C3%93N%20ZONAL%208%20-%20ARCSA.pptx", waiting until "domcontentloaded"
 (intento 1/3)
[2026-08-26T15:33:34Z] [WARNING] Error de Playwright navegando a https://nube.controlsanitario.gob.ec/index.php/s/DpUqJdHn81GJnKc/download?path=%2F&files=---FINAL---%20PPT-RENDICION%20DE%20CUENTAS%202024%20COORDINACI%C3%93N%20ZONAL%208%20-%20ARCSA.pptx: Page.goto: Download is starting
Call log:
  - navigating to "https://nube.controlsanitario.gob.ec/index.php/s/DpUqJdHn81GJnKc/download?path=%2F&files=---FINAL---%20PPT-RENDICION%20DE%20CUENTAS%202024%20COORDINACI%C3%93N%20ZONAL%208%20-%20ARCSA.pptx", waiting until "domcontentloaded"
 (intento 2/3)
[2026-08-26T15:33:35Z] [WARNING] Error de Playwright navegando a https://nube.controlsanitario.gob.ec/index.php/s/DpUqJdHn81GJnKc/download?path=%2F&files=---FINAL---%20PPT-RENDICION%20DE%20CUENTAS%202024%20COORDINACI%C3%93N%20ZONAL%208%20-%20ARCSA.pptx: Page.goto: Download is starting
Call log:
  - navigating to "https://nube.controlsanitario.gob.ec/index.php/s/DpUqJdHn81GJnKc/download?path=%2F&files=---FINAL---%20PPT-RENDICION%20DE%20CUENTAS%202024%20COORDINACI%C3%93N%20ZONAL%208%20-%20ARCSA.pptx", waiting until "domcontentloaded"
 (intento 3/3)
[2026-08-26T15:33:35Z] [WARNING] [N5] No se guardó Markdown para https://nube.controlsanitario.gob.ec/index.php/s/DpUqJdHn81GJnKc/download?path=%2F&files=---FINAL---%20PPT-RENDICION%20DE%20CUENTAS%202024%20COORDINACI%C3%93N%20ZONAL%208%20-%20ARCSA.pptx (status=broken)
[2026-08-26T15:33:36Z] [INFO] Capturando página: https://nube.controlsanitario.gob.ec/index.php/s/2GsQgkLLh3CgXa8/download?path=%2F&files=CZ8%20Informe%20de%20RDC%20No%2016331.pdf  |  section_path=['Servicios', 'Otros servicios', 'RENDICIÓN DE CUENTAS ARCSA', 'RENDICIÓN DE CUENTAS ARCSA 2024', 'Proceso de Rendición de Cuentas Arcsa 2024/Coordinación Zonal 8', 'Files']
[2026-08-26T15:33:46Z] [WARNING] Error de Playwright navegando a https://nube.controlsanitario.gob.ec/index.php/s/2GsQgkLLh3CgXa8/download?path=%2F&files=CZ8%20Informe%20de%20RDC%20No%2016331.pdf: Page.goto: Download is starting
Call log:
  - navigating to "https://nube.controlsanitario.gob.ec/index.php/s/2GsQgkLLh3CgXa8/download?path=%2F&files=CZ8%20Informe%20de%20RDC%20No%2016331.pdf", waiting until "domcontentloaded"
 (intento 1/3)
[2026-08-26T15:33:47Z] [WARNING] Error de Playwright navegando a https://nube.controlsanitario.gob.ec/index.php/s/2GsQgkLLh3CgXa8/download?path=%2F&files=CZ8%20Informe%20de%20RDC%20No%2016331.pdf: Page.goto: Download is starting
Call log:
  - navigating to "https://nube.controlsanitario.gob.ec/index.php/s/2GsQgkLLh3CgXa8/download?path=%2F&files=CZ8%20Informe%20de%20RDC%20No%2016331.pdf", waiting until "domcontentloaded"
 (intento 2/3)
[2026-08-26T15:33:48Z] [WARNING] Error de Playwright navegando a https://nube.controlsanitario.gob.ec/index.php/s/2GsQgkLLh3CgXa8/download?path=%2F&files=CZ8%20Informe%20de%20RDC%20No%2016331.pdf: Page.goto: Download is starting
Call log:
  - navigating to "https://nube.controlsanitario.gob.ec/index.php/s/2GsQgkLLh3CgXa8/download?path=%2F&files=CZ8%20Informe%20de%20RDC%20No%2016331.pdf", waiting until "domcontentloaded"
 (intento 3/3)
[2026-08-26T15:33:48Z] [WARNING] [N5] No se guardó Markdown para https://nube.controlsanitario.gob.ec/index.php/s/2GsQgkLLh3CgXa8/download?path=%2F&files=CZ8%20Informe%20de%20RDC%20No%2016331.pdf (status=broken)
[2026-08-26T15:33:50Z] [INFO] Capturando página: https://nube.controlsanitario.gob.ec/index.php/s/JvFRsvFjIs0nCsn/download?path=%2F&files=Conformaci%C3%B3n%20del%20Equipo%20de%20RDC%202023%20.pdf  |  section_path=['Servicios', 'Otros servicios', 'RENDICIÓN DE CUENTAS ARCSA', 'Proceso de Rendición de Cuentas 2023', 'Proceso de Rendición de Cuentas Arcsa 2023/Planta Central', 'Files']
[2026-08-26T15:33:50Z] [WARNING] Error de Playwright navegando a https://nube.controlsanitario.gob.ec/index.php/s/JvFRsvFjIs0nCsn/download?path=%2F&files=Conformaci%C3%B3n%20del%20Equipo%20de%20RDC%202023%20.pdf: Page.goto: Download is starting
Call log:
  - navigating to "https://nube.controlsanitario.gob.ec/index.php/s/JvFRsvFjIs0nCsn/download?path=%2F&files=Conformaci%C3%B3n%20del%20Equipo%20de%20RDC%202023%20.pdf", waiting until "domcontentloaded"
 (intento 1/3)
[2026-08-26T15:33:51Z] [WARNING] Error de Playwright navegando a https://nube.controlsanitario.gob.ec/index.php/s/JvFRsvFjIs0nCsn/download?path=%2F&files=Conformaci%C3%B3n%20del%20Equipo%20de%20RDC%202023%20.pdf: Page.goto: Download is starting
Call log:
  - navigating to "https://nube.controlsanitario.gob.ec/index.php/s/JvFRsvFjIs0nCsn/download?path=%2F&files=Conformaci%C3%B3n%20del%20Equipo%20de%20RDC%202023%20.pdf", waiting until "domcontentloaded"
 (intento 2/3)
[2026-08-26T15:33:52Z] [WARNING] Error de Playwright navegando a https://nube.controlsanitario.gob.ec/index.php/s/JvFRsvFjIs0nCsn/download?path=%2F&files=Conformaci%C3%B3n%20del%20Equipo%20de%20RDC%202023%20.pdf: Page.goto: Download is starting
Call log:
  - navigating to "https://nube.controlsanitario.gob.ec/index.php/s/JvFRsvFjIs0nCsn/download?path=%2F&files=Conformaci%C3%B3n%20del%20Equipo%20de%20RDC%202023%20.pdf", waiting until "domcontentloaded"
 (intento 3/3)
[2026-08-26T15:33:52Z] [WARNING] [N5] No se guardó Markdown para https://nube.controlsanitario.gob.ec/index.php/s/JvFRsvFjIs0nCsn/download?path=%2F&files=Conformaci%C3%B3n%20del%20Equipo%20de%20RDC%202023%20.pdf (status=broken)
[2026-08-26T15:33:54Z] [INFO] Capturando página: https://nube.controlsanitario.gob.ec/index.php/s/BKOnmYOdU9rZrP5/download?path=%2F&files=ACTIVACI%C3%93N%20DE%20INSTITUCI%C3%93N%20EN%20SISTEMA%20CPCCS%202023.pdf  |  section_path=['Servicios', 'Otros servicios', 'RENDICIÓN DE CUENTAS ARCSA', 'Proceso de Rendición de Cuentas 2023', 'Proceso de Rendición de Cuentas Arcsa 2023/Planta Central', 'Files']
[2026-08-26T15:33:54Z] [WARNING] Error de Playwright navegando a https://nube.controlsanitario.gob.ec/index.php/s/BKOnmYOdU9rZrP5/download?path=%2F&files=ACTIVACI%C3%93N%20DE%20INSTITUCI%C3%93N%20EN%20SISTEMA%20CPCCS%202023.pdf: Page.goto: Download is starting
Call log:
  - navigating to "https://nube.controlsanitario.gob.ec/index.php/s/BKOnmYOdU9rZrP5/download?path=%2F&files=ACTIVACI%C3%93N%20DE%20INSTITUCI%C3%93N%20EN%20SISTEMA%20CPCCS%202023.pdf", waiting until "domcontentloaded"
 (intento 1/3)
[2026-08-26T15:33:55Z] [WARNING] Error de Playwright navegando a https://nube.controlsanitario.gob.ec/index.php/s/BKOnmYOdU9rZrP5/download?path=%2F&files=ACTIVACI%C3%93N%20DE%20INSTITUCI%C3%93N%20EN%20SISTEMA%20CPCCS%202023.pdf: Page.goto: Download is starting
Call log:
  - navigating to "https://nube.controlsanitario.gob.ec/index.php/s/BKOnmYOdU9rZrP5/download?path=%2F&files=ACTIVACI%C3%93N%20DE%20INSTITUCI%C3%93N%20EN%20SISTEMA%20CPCCS%202023.pdf", waiting until "domcontentloaded"
 (intento 2/3)
[2026-08-26T15:33:56Z] [WARNING] Error de Playwright navegando a https://nube.controlsanitario.gob.ec/index.php/s/BKOnmYOdU9rZrP5/download?path=%2F&files=ACTIVACI%C3%93N%20DE%20INSTITUCI%C3%93N%20EN%20SISTEMA%20CPCCS%202023.pdf: Page.goto: Download is starting
Call log:
  - navigating to "https://nube.controlsanitario.gob.ec/index.php/s/BKOnmYOdU9rZrP5/download?path=%2F&files=ACTIVACI%C3%93N%20DE%20INSTITUCI%C3%93N%20EN%20SISTEMA%20CPCCS%202023.pdf", waiting until "domcontentloaded"
 (intento 3/3)
[2026-08-26T15:33:56Z] [WARNING] [N5] No se guardó Markdown para https://nube.controlsanitario.gob.ec/index.php/s/BKOnmYOdU9rZrP5/download?path=%2F&files=ACTIVACI%C3%93N%20DE%20INSTITUCI%C3%93N%20EN%20SISTEMA%20CPCCS%202023.pdf (status=broken)
[2026-08-26T15:33:57Z] [INFO] Capturando página: https://nube.controlsanitario.gob.ec/index.php/s/JDW1DZNKo3sE2p7/download?path=%2F&files=1.%20Compromisos%20asumidos%20con%20la%20ciudadan%C3%ADa.pdf  |  section_path=['Servicios', 'Otros servicios', 'RENDICIÓN DE CUENTAS ARCSA', 'Proceso de Rendición de Cuentas 2023', 'Proceso de Rendición de Cuentas Arcsa 2023/Planta Central', 'Files']
[2026-08-26T15:33:58Z] [WARNING] Error de Playwright navegando a https://nube.controlsanitario.gob.ec/index.php/s/JDW1DZNKo3sE2p7/download?path=%2F&files=1.%20Compromisos%20asumidos%20con%20la%20ciudadan%C3%ADa.pdf: Page.goto: Download is starting
Call log:
  - navigating to "https://nube.controlsanitario.gob.ec/index.php/s/JDW1DZNKo3sE2p7/download?path=%2F&files=1.%20Compromisos%20asumidos%20con%20la%20ciudadan%C3%ADa.pdf", waiting until "domcontentloaded"
 (intento 1/3)
[2026-08-26T15:33:59Z] [WARNING] Error de Playwright navegando a https://nube.controlsanitario.gob.ec/index.php/s/JDW1DZNKo3sE2p7/download?path=%2F&files=1.%20Compromisos%20asumidos%20con%20la%20ciudadan%C3%ADa.pdf: Page.goto: Download is starting
Call log:
  - navigating to "https://nube.controlsanitario.gob.ec/index.php/s/JDW1DZNKo3sE2p7/download?path=%2F&files=1.%20Compromisos%20asumidos%20con%20la%20ciudadan%C3%ADa.pdf", waiting until "domcontentloaded"
 (intento 2/3)
[2026-08-26T15:34:00Z] [WARNING] Error de Playwright navegando a https://nube.controlsanitario.gob.ec/index.php/s/JDW1DZNKo3sE2p7/download?path=%2F&files=1.%20Compromisos%20asumidos%20con%20la%20ciudadan%C3%ADa.pdf: Page.goto: Download is starting
Call log:
  - navigating to "https://nube.controlsanitario.gob.ec/index.php/s/JDW1DZNKo3sE2p7/download?path=%2F&files=1.%20Compromisos%20asumidos%20con%20la%20ciudadan%C3%ADa.pdf", waiting until "domcontentloaded"
 (intento 3/3)
[2026-08-26T15:34:00Z] [WARNING] [N5] No se guardó Markdown para https://nube.controlsanitario.gob.ec/index.php/s/JDW1DZNKo3sE2p7/download?path=%2F&files=1.%20Compromisos%20asumidos%20con%20la%20ciudadan%C3%ADa.pdf (status=broken)
[2026-08-26T15:34:02Z] [INFO] Capturando página: https://nube.controlsanitario.gob.ec/index.php/s/na3FHtiCC6X8Bcu/download?path=%2F&files=INFORME%20DE%20RENDICI%C3%93N%20DE%20CUENTAS%20No%2011527.pdf  |  section_path=['Servicios', 'Otros servicios', 'RENDICIÓN DE CUENTAS ARCSA', 'Proceso de Rendición de Cuentas 2023', 'Proceso de Rendición de Cuentas Arcsa 2023/Planta Central', 'Files']
[2026-08-26T15:34:02Z] [WARNING] Error de Playwright navegando a https://nube.controlsanitario.gob.ec/index.php/s/na3FHtiCC6X8Bcu/download?path=%2F&files=INFORME%20DE%20RENDICI%C3%93N%20DE%20CUENTAS%20No%2011527.pdf: Page.goto: Download is starting
Call log:
  - navigating to "https://nube.controlsanitario.gob.ec/index.php/s/na3FHtiCC6X8Bcu/download?path=%2F&files=INFORME%20DE%20RENDICI%C3%93N%20DE%20CUENTAS%20No%2011527.pdf", waiting until "domcontentloaded"
 (intento 1/3)
[2026-08-26T15:34:05Z] [WARNING] Error de Playwright navegando a https://nube.controlsanitario.gob.ec/index.php/s/na3FHtiCC6X8Bcu/download?path=%2F&files=INFORME%20DE%20RENDICI%C3%93N%20DE%20CUENTAS%20No%2011527.pdf: Page.goto: Download is starting
Call log:
  - navigating to "https://nube.controlsanitario.gob.ec/index.php/s/na3FHtiCC6X8Bcu/download?path=%2F&files=INFORME%20DE%20RENDICI%C3%93N%20DE%20CUENTAS%20No%2011527.pdf", waiting until "domcontentloaded"
 (intento 2/3)
[2026-08-26T15:34:06Z] [WARNING] Error de Playwright navegando a https://nube.controlsanitario.gob.ec/index.php/s/na3FHtiCC6X8Bcu/download?path=%2F&files=INFORME%20DE%20RENDICI%C3%93N%20DE%20CUENTAS%20No%2011527.pdf: Page.goto: Download is starting
Call log:
  - navigating to "https://nube.controlsanitario.gob.ec/index.php/s/na3FHtiCC6X8Bcu/download?path=%2F&files=INFORME%20DE%20RENDICI%C3%93N%20DE%20CUENTAS%20No%2011527.pdf", waiting until "domcontentloaded"
 (intento 3/3)
[2026-08-26T15:34:06Z] [WARNING] [N5] No se guardó Markdown para https://nube.controlsanitario.gob.ec/index.php/s/na3FHtiCC6X8Bcu/download?path=%2F&files=INFORME%20DE%20RENDICI%C3%93N%20DE%20CUENTAS%20No%2011527.pdf (status=broken)
[2026-08-26T15:34:08Z] [INFO] Capturando página: https://nube.controlsanitario.gob.ec/index.php/s/uVMBuRJrF7fRP5J/download?path=%2F&files=Equipo%20del%20proceso%20de%20RDC%202023%20CZ8.pdf  |  section_path=['Servicios', 'Otros servicios', 'RENDICIÓN DE CUENTAS ARCSA', 'Proceso de Rendición de Cuentas 2023', 'Proceso de Rendición de Cuentas Arcsa 2023/Coordinación Zonal 8', 'Files']
[2026-08-26T15:34:08Z] [WARNING] Error de Playwright navegando a https://nube.controlsanitario.gob.ec/index.php/s/uVMBuRJrF7fRP5J/download?path=%2F&files=Equipo%20del%20proceso%20de%20RDC%202023%20CZ8.pdf: Page.goto: Download is starting
Call log:
  - navigating to "https://nube.controlsanitario.gob.ec/index.php/s/uVMBuRJrF7fRP5J/download?path=%2F&files=Equipo%20del%20proceso%20de%20RDC%202023%20CZ8.pdf", waiting until "domcontentloaded"
 (intento 1/3)
[2026-08-26T15:34:09Z] [WARNING] Error de Playwright navegando a https://nube.controlsanitario.gob.ec/index.php/s/uVMBuRJrF7fRP5J/download?path=%2F&files=Equipo%20del%20proceso%20de%20RDC%202023%20CZ8.pdf: Page.goto: Download is starting
Call log:
  - navigating to "https://nube.controlsanitario.gob.ec/index.php/s/uVMBuRJrF7fRP5J/download?path=%2F&files=Equipo%20del%20proceso%20de%20RDC%202023%20CZ8.pdf", waiting until "domcontentloaded"
 (intento 2/3)
[2026-08-26T15:34:10Z] [WARNING] Error de Playwright navegando a https://nube.controlsanitario.gob.ec/index.php/s/uVMBuRJrF7fRP5J/download?path=%2F&files=Equipo%20del%20proceso%20de%20RDC%202023%20CZ8.pdf: Page.goto: Download is starting
Call log:
  - navigating to "https://nube.controlsanitario.gob.ec/index.php/s/uVMBuRJrF7fRP5J/download?path=%2F&files=Equipo%20del%20proceso%20de%20RDC%202023%20CZ8.pdf", waiting until "domcontentloaded"
 (intento 3/3)
[2026-08-26T15:34:10Z] [WARNING] [N5] No se guardó Markdown para https://nube.controlsanitario.gob.ec/index.php/s/uVMBuRJrF7fRP5J/download?path=%2F&files=Equipo%20del%20proceso%20de%20RDC%202023%20CZ8.pdf (status=broken)
[2026-08-26T15:34:11Z] [INFO] Capturando página: https://nube.controlsanitario.gob.ec/index.php/s/3bYLCeeRQr38axK/download?path=%2F&files=2024.03.06_Informe%20de%20Rendici%C3%B3n%20Cuentas%202023_CZ8-signed-signed-signed.pdf  |  section_path=['Servicios', 'Otros servicios', 'RENDICIÓN DE CUENTAS ARCSA', 'Proceso de Rendición de Cuentas 2023', 'Proceso de Rendición de Cuentas Arcsa 2023/Coordinación Zonal 8', 'Files']
[2026-08-26T15:34:12Z] [WARNING] Error de Playwright navegando a https://nube.controlsanitario.gob.ec/index.php/s/3bYLCeeRQr38axK/download?path=%2F&files=2024.03.06_Informe%20de%20Rendici%C3%B3n%20Cuentas%202023_CZ8-signed-signed-signed.pdf: Page.goto: Download is starting
Call log:
  - navigating to "https://nube.controlsanitario.gob.ec/index.php/s/3bYLCeeRQr38axK/download?path=%2F&files=2024.03.06_Informe%20de%20Rendici%C3%B3n%20Cuentas%202023_CZ8-signed-signed-signed.pdf", waiting until "domcontentloaded"
 (intento 1/3)
[2026-08-26T15:34:12Z] [WARNING] Error de Playwright navegando a https://nube.controlsanitario.gob.ec/index.php/s/3bYLCeeRQr38axK/download?path=%2F&files=2024.03.06_Informe%20de%20Rendici%C3%B3n%20Cuentas%202023_CZ8-signed-signed-signed.pdf: Page.goto: Download is starting
Call log:
  - navigating to "https://nube.controlsanitario.gob.ec/index.php/s/3bYLCeeRQr38axK/download?path=%2F&files=2024.03.06_Informe%20de%20Rendici%C3%B3n%20Cuentas%202023_CZ8-signed-signed-signed.pdf", waiting until "domcontentloaded"
 (intento 2/3)
[2026-08-26T15:34:12Z] [WARNING] Error de Playwright navegando a https://nube.controlsanitario.gob.ec/index.php/s/3bYLCeeRQr38axK/download?path=%2F&files=2024.03.06_Informe%20de%20Rendici%C3%B3n%20Cuentas%202023_CZ8-signed-signed-signed.pdf: Page.goto: Download is starting
Call log:
  - navigating to "https://nube.controlsanitario.gob.ec/index.php/s/3bYLCeeRQr38axK/download?path=%2F&files=2024.03.06_Informe%20de%20Rendici%C3%B3n%20Cuentas%202023_CZ8-signed-signed-signed.pdf", waiting until "domcontentloaded"
 (intento 3/3)
[2026-08-26T15:34:12Z] [WARNING] [N5] No se guardó Markdown para https://nube.controlsanitario.gob.ec/index.php/s/3bYLCeeRQr38axK/download?path=%2F&files=2024.03.06_Informe%20de%20Rendici%C3%B3n%20Cuentas%202023_CZ8-signed-signed-signed.pdf (status=broken)
[2026-08-26T15:34:14Z] [INFO] Capturando página: https://nube.controlsanitario.gob.ec/index.php/s/To7mK4lEhWLysJU/download?path=%2F&files=Consultas%20atendidas%20a%20la%20ciudadan%C3%ADa%20en%20la%20RDC2023.pdf  |  section_path=['Servicios', 'Otros servicios', 'RENDICIÓN DE CUENTAS ARCSA', 'Proceso de Rendición de Cuentas 2023', 'Proceso de Rendición de Cuentas Arcsa 2023/Coordinación Zonal 8', 'Files']
[2026-08-26T15:34:14Z] [WARNING] Error de Playwright navegando a https://nube.controlsanitario.gob.ec/index.php/s/To7mK4lEhWLysJU/download?path=%2F&files=Consultas%20atendidas%20a%20la%20ciudadan%C3%ADa%20en%20la%20RDC2023.pdf: Page.goto: Download is starting
Call log:
  - navigating to "https://nube.controlsanitario.gob.ec/index.php/s/To7mK4lEhWLysJU/download?path=%2F&files=Consultas%20atendidas%20a%20la%20ciudadan%C3%ADa%20en%20la%20RDC2023.pdf", waiting until "domcontentloaded"
 (intento 1/3)
[2026-08-26T15:34:14Z] [WARNING] Error de Playwright navegando a https://nube.controlsanitario.gob.ec/index.php/s/To7mK4lEhWLysJU/download?path=%2F&files=Consultas%20atendidas%20a%20la%20ciudadan%C3%ADa%20en%20la%20RDC2023.pdf: Page.goto: Download is starting
Call log:
  - navigating to "https://nube.controlsanitario.gob.ec/index.php/s/To7mK4lEhWLysJU/download?path=%2F&files=Consultas%20atendidas%20a%20la%20ciudadan%C3%ADa%20en%20la%20RDC2023.pdf", waiting until "domcontentloaded"
 (intento 2/3)
[2026-08-26T15:34:14Z] [WARNING] Error de Playwright navegando a https://nube.controlsanitario.gob.ec/index.php/s/To7mK4lEhWLysJU/download?path=%2F&files=Consultas%20atendidas%20a%20la%20ciudadan%C3%ADa%20en%20la%20RDC2023.pdf: Page.goto: Download is starting
Call log:
  - navigating to "https://nube.controlsanitario.gob.ec/index.php/s/To7mK4lEhWLysJU/download?path=%2F&files=Consultas%20atendidas%20a%20la%20ciudadan%C3%ADa%20en%20la%20RDC2023.pdf", waiting until "domcontentloaded"
 (intento 3/3)
[2026-08-26T15:34:14Z] [WARNING] [N5] No se guardó Markdown para https://nube.controlsanitario.gob.ec/index.php/s/To7mK4lEhWLysJU/download?path=%2F&files=Consultas%20atendidas%20a%20la%20ciudadan%C3%ADa%20en%20la%20RDC2023.pdf (status=broken)
[2026-08-26T15:34:16Z] [INFO] Capturando página: https://nube.controlsanitario.gob.ec/index.php/s/P6gvpsuX8D6Yy9P/download?path=%2F&files=1.INFORME%20FINAL.pdf  |  section_path=['Servicios', 'Otros servicios', 'RENDICIÓN DE CUENTAS ARCSA', 'Proceso de Rendición de Cuentas 2023', 'Proceso de Rendición de Cuentas Arcsa 2023/Coordinación Zonal 8', 'Files']
[2026-08-26T15:34:16Z] [WARNING] Error de Playwright navegando a https://nube.controlsanitario.gob.ec/index.php/s/P6gvpsuX8D6Yy9P/download?path=%2F&files=1.INFORME%20FINAL.pdf: Page.goto: Download is starting
Call log:
  - navigating to "https://nube.controlsanitario.gob.ec/index.php/s/P6gvpsuX8D6Yy9P/download?path=%2F&files=1.INFORME%20FINAL.pdf", waiting until "domcontentloaded"
 (intento 1/3)
[2026-08-26T15:34:16Z] [WARNING] Error de Playwright navegando a https://nube.controlsanitario.gob.ec/index.php/s/P6gvpsuX8D6Yy9P/download?path=%2F&files=1.INFORME%20FINAL.pdf: Page.goto: Download is starting
Call log:
  - navigating to "https://nube.controlsanitario.gob.ec/index.php/s/P6gvpsuX8D6Yy9P/download?path=%2F&files=1.INFORME%20FINAL.pdf", waiting until "domcontentloaded"
 (intento 2/3)
[2026-08-26T15:34:16Z] [WARNING] Error de Playwright navegando a https://nube.controlsanitario.gob.ec/index.php/s/P6gvpsuX8D6Yy9P/download?path=%2F&files=1.INFORME%20FINAL.pdf: Page.goto: Download is starting
Call log:
  - navigating to "https://nube.controlsanitario.gob.ec/index.php/s/P6gvpsuX8D6Yy9P/download?path=%2F&files=1.INFORME%20FINAL.pdf", waiting until "domcontentloaded"
 (intento 3/3)
[2026-08-26T15:34:16Z] [WARNING] [N5] No se guardó Markdown para https://nube.controlsanitario.gob.ec/index.php/s/P6gvpsuX8D6Yy9P/download?path=%2F&files=1.INFORME%20FINAL.pdf (status=broken)
[2026-08-26T15:34:16Z] [INFO] === NIVEL 5 completo: 70 página(s) NUEVA(S) para el nivel 6 ===
[2026-08-26T15:34:16Z] [ERROR] [ALERTA] El nivel 6 tendría 70 página(s) nueva(s), más que el nivel 5 (58). No converge hacia cero como se espera de un sitio finito; posible trampa de crawl. Deteniendo de forma preventiva sin agotar --max-pages.
[2026-08-26T15:34:16Z] [ERROR] === Crawl detenido por posible trampa en el nivel 5. Ver convergence_report.json ===
[2026-08-26T15:34:17Z] [INFO] Resumen de captura guardado en: C:\Users\jarri\Desktop\RagChatbot\chatbot\scraping\capture_summary.json
[2026-08-26T15:34:17Z] [INFO] Reporte de convergencia guardado en: C:\Users\jarri\Desktop\RagChatbot\chatbot\scraping\convergence_report.json
[2026-08-26T15:34:17Z] [INFO] === Finalizado. 468 página(s) procesada(s) hasta el nivel 5. ===
